tree
version=v4
num_class=1
num_tree_per_iteration=1
label_index=0
max_feature_idx=36
objective=regression
feature_names=temperature_2m relative_humidity_2m surface_pressure cloud_cover wind_speed_10m wind_direction_10m shortwave_radiation direct_radiation diffuse_radiation direct_normal_irradiance demand_mw_lag_15m demand_mw_lag_30m demand_mw_lag_60m demand_mw_lag_1440m demand_mw_roll_mean_4 demand_mw_roll_std_4 demand_mw_roll_min_4 demand_mw_roll_max_4 demand_mw_roll_mean_16 demand_mw_roll_std_16 demand_mw_roll_min_16 demand_mw_roll_max_16 demand_mw_roll_mean_96 demand_mw_roll_std_96 demand_mw_roll_min_96 demand_mw_roll_max_96 demand_mw_diff_15m demand_mw_diff_1h hour day_of_week is_weekend is_holiday season sin_hour cos_hour sin_dow cos_dow
feature_infos=[-3.8824999332427979:29.317501068115234] [42.7220458984375:100] [971.64984130859375:1035.9075927734375] [0:100] [0.35999998450279236:57.250186920166016] [0.88138610124588013:360] [0:861] [0:750] [0:407] [0:886.70318603515625] [-1.1299999999999999:1.6133333333333333] [-1.1299999999999999:1.6133333333333333] [-1.1299999999999999:1.6133333333333333] [-1.1299999999999999:1.6133333333333333] [-1.1008333333333333:1.5758333333333334] [0:0.73274724053971263] [-1.1299999999999999:1.5633333333333332] [-1.0800000000000001:1.6133333333333333] [-1.0310416666666666:1.4789583333333334] [0:0.78475709853667242] [-1.1299999999999999:1.3500000000000001] [-0.94999999999999996:1.6133333333333333] [-0.1134722222222222:1.0564236111111112] [0.11148151163604555:0.65025716535200817] [-1.1299999999999999:0.75] [0.54000000000000004:1.6133333333333333] [-1.0666666666666667:1.0666666666666667] [-1.5266666666666668:1.4133333333333333] [0:23] [0:6] [0:1] [0:1] [1:4] [-1:1] [-1:1] [-0.97492791218182362:0.97492791218182362] [-0.90096886790241903:1]
tree_sizes=2804 2930 2917 2916 2917 2940 2932 2930 2931 2906 2913 2903 2909 2922 2942 2918 2907 2923 2945 2938 2922 2948 2922 2941 2925 2899 2919 2924 2901 2945 2927 2933 2934 2932 2922 2932 2928 2902 2939 2934 2930 2962 2936 2940 2937 2936 2954 2931 2955 2928 2922 2914 2932 2930 2929 2927 2929 2930 2947 2948 2926 2951 2918 2943 2943 2934 2936 2910 2946 2920 2947 2952 2926 2927 2935 2926 2887 2927 2970 2892 2926 2948 2903 2945 2968 2941 2906 2940 2934 2952 2922 2920 2920 2940 2921 2948 2959 2904 2965 2928 2958 2946 2927 2955 2920 2920 2966 2914 2915 2936 2942 2972 2952 2964 2965 2942 2954 2919 2901 2912 2894 2943 2900 2902 2939 2919 2924 2907 2911 2901 2915 2914 2953 2900 2979 2906 2940 2922 2907 2927 2924 2920 2918 2929 2932 2914 2902 2955 2925 2910 2939 2928 2875 2911 2884 2938 2903 2930 2939 2903 2922 2942 2907 2915 2990 2909 2913 2900 2930 2897 2929 2926 2921 2952 2929 2930 2939 2906 2916 2926 2896 2927 2949 2911 2949 2914 2895 2931 2972 2913 2906 2896 2936 2873 2902 2907 2912 2905 2929

Tree=0
num_leaves=31
num_cat=0
split_feature=10 10 6 28 10 10 33 28 9 6 6 10 10 7 10 27 27 10 9 28 22 25 33 13 7 22 10 10 9 6
split_gain=3094.18 693.91 355.596 197.685 120.285 118.891 56.7791 54.182 49.6577 42.5144 29.4871 28.4246 22.9955 15.3005 13.7611 13.0117 11.654 10.4435 9.6016 8.73285 8.08189 8.01454 7.19681 6.90726 6.69976 6.63465 6.54963 5.83413 5.81012 5.46829
threshold=0.18166666666666667 0.66833333333333345 540.12500000000011 13.500000000000002 0.44833333333333336 0.93083333333333351 -0.37940952255126059 13.500000000000002 78.81879043579103 303.62500000000006 377.12500000000006 -0.6449999999999998 1.1516666666666668 282.37500000000006 0.54833333333333345 0.043333333333333349 0.038333333333333337 -0.75499999999999989 706.14764404296886 11.500000000000002 0.10961805555555558 0.74833333333333341 -0.60355339059327362 0.75166666666666682 80.125000000000014 0.34088541666666677 0.83166666666666678 -0.45166666666666661 305.31846618652349 1.6250000000000002
decision_type=2 2 2 2 2 2 2 2 2 2 2 2 2 2 2 2 2 2 2 2 2 2 2 2 2 2 2 2 2 2
left_child=2 4 3 9 6 15 25 11 29 19 -5 18 16 21 22 26 -7 -9 -4 -1 -13 -11 -6 -17 -24 -2 -3 -12 -10 -8
right_child=1 5 7 10 14 12 8 17 28 13 27 20 -14 -15 -16 23 -18 -19 -20 -21 -22 -23 24 -25 -26 -27 -28 -29 -30 -31
leaf_value=0.3388640160614752 0.36978920919568242 0.3779719824167409 0.31100922040231083 0.36589855805383659 0.37308815575447912 0.38971058202125652 0.3620189351677161 0.32102021925246016 0.35066079804304479 0.32628948615653725 0.3421117347498035 0.31166224667880454 0.40411160396193579 0.32003325468109145 0.37279544965166433 0.38221052856131255 0.39909558964383923 0.33641442210449024 0.30117051733467581 0.35196090710028177 0.32199696383195592 0.33524640150419871 0.36714327010367898 0.39002904657120913 0.35410230556721489 0.3805004891810424 0.38373418204802018 0.35298959930568879 0.34259814861982596 0.35732695205636644
leaf_weight=638 559 1704 455 549 516 928 2283 180 671 501 172 298 698 499 3205 561 514 284 545 159 518 498 1858 569 104 195 694 435 335 853
leaf_count=638 559 1704 455 549 516 928 2283 180 671 501 172 298 698 499 3205 561 514 284 545 159 518 498 1858 569 104 195 694 435 335 853
internal_value=0.362105 0.373247 0.330517 0.34064 0.365683 0.387364 0.359939 0.315194 0.357642 0.332147 0.357502 0.311298 0.396662 0.327183 0.370632 0.381724 0.393056 0.330443 0.305647 0.341477 0.318223 0.330754 0.367834 0.386147 0.366452 0.372559 0.37964 0.349907 0.347976 0.360743
internal_weight=21978 16247 5731 3451 10579 5668 4896 2280 4142 2295 1156 1816 2140 1498 5683 3528 1442 464 1000 797 816 999 2478 1130 1962 754 2398 607 1006 3136
internal_count=21978 16247 5731 3451 10579 5668 4896 2280 4142 2295 1156 1816 2140 1498 5683 3528 1442 464 1000 797 816 999 2478 1130 1962 754 2398 607 1006 3136
is_linear=0
shrinkage=1


Tree=1
num_leaves=31
num_cat=0
split_feature=10 10 28 7 10 10 33 9 7 17 28 10 10 28 24 27 10 10 27 10 28 2 33 25 33 7 9 25 10 7
split_gain=2792.49 626.253 312.695 196.853 108.665 107.299 51.1187 46.5143 31.34 28.8317 27.5983 21.5279 20.7534 16.2206 13.3042 11.7431 11.5076 10.6653 10.5177 9.15784 7.93162 7.80812 6.73457 6.48749 10.8242 6.38919 6.23754 6.08506 5.9962 5.9632
threshold=0.18166666666666667 0.66833333333333345 14.500000000000002 308.87500000000006 0.45166666666666672 0.93083333333333351 -0.37940952255126059 60.79924392700196 483.12500000000006 -0.29833333333333328 12.500000000000002 -0.11166666666666665 1.1516666666666668 12.500000000000002 -0.66166666666666651 0.043333333333333349 0.59166666666666679 -0.6449999999999998 0.038333333333333337 -0.28499999999999998 13.500000000000002 1010.3397216796876 -0.78656609248549303 0.93500000000000016 -0.60355339059327362 89.125000000000014 305.31846618652349 0.96166666666666678 0.79166666666666685 252.12500000000003
decision_type=2 2 2 2 2 2 2 2 2 2 2 2 2 2 2 2 2 2 2 2 2 2 2 2 2 2 2 2 2 2
left_child=2 4 3 10 6 15 27 -8 13 -4 11 -1 18 19 -12 28 22 20 -7 -5 -10 -15 -6 -17 -25 -13 -9 -2 -3 -11
right_child=1 5 9 8 16 12 7 26 17 29 14 25 -14 21 -16 23 -18 -19 -20 -21 -22 -23 -24 24 -26 -27 -28 -29 -30 -31
leaf_value=-0.034205910916293304 0.0078381519503434704 0.014529894542749198 -0.017997948631346659 -0.046819184106508038 0.011423901556507236 0.026255759740988968 -0.00089658927895480732 -0.010305088636507245 -0.056350904216389955 0.003945119484723909 -0.019805610196517082 -0.017291948481650297 0.039936730165280043 -0.022814073948894158 -0.0019049990043664975 0.016158391235416736 0.011489708331417492 -0.043269393325719087 0.035171517445651473 -0.035821727509645636 -0.041866192836827097 -0.037263059260581911 0.0056861631580440459 0.033477141496277493 0.021280251054108898 -0.025735333859941908 -0.018447591654036106 0.019367239090258913 0.019584523976507742 -0.0053730660303673381
leaf_weight=745 648 1374 302 669 616 928 3175 784 711 449 337 328 698 154 150 273 1869 290 514 264 109 238 3012 262 595 707 336 139 1024 278
leaf_count=745 648 1374 302 669 616 928 3175 784 711 449 337 328 698 154 150 273 1869 290 514 264 109 238 3012 262 595 707 336 139 1024 278
internal_value=3.00757e-05 0.0106153 -0.0299784 -0.035442 0.00342991 0.0240265 -0.00184043 -0.00398702 -0.0453133 -0.00501238 -0.0248391 -0.0277247 0.0328595 -0.0401215 -0.0142921 0.0186685 0.00830237 -0.0515108 0.0294338 -0.0437074 -0.0544255 -0.0315867 0.00666038 0.0228708 0.0250091 -0.0230596 -0.0127478 0.00987442 0.0166883 0.000381907
internal_weight=21978 16247 5731 4702 10579 5668 5082 4295 2435 1029 2267 1780 2140 1325 487 3528 5497 1110 1442 933 820 392 3628 1130 857 1035 1120 787 2398 727
internal_count=21978 16247 5731 4702 10579 5668 5082 4295 2435 1029 2267 1780 2140 1325 487 3528 5497 1110 1442 933 820 392 3628 1130 857 1035 1120 787 2398 727
is_linear=0
shrinkage=0.05


Tree=2
num_leaves=31
num_cat=0
split_feature=10 10 6 33 10 10 33 33 9 6 6 9 10 10 7 2 27 27 10 32 25 6 22 33 6 7 10 10 13 25
split_gain=2520.23 566.036 291.832 162.674 115.933 77.6298 47.1306 44.2419 42.49 35.5801 24.3767 24.143 17.563 15.5527 12.4259 11.6676 10.4396 9.94614 8.76769 7.75336 7.05109 6.25406 5.93531 5.79978 5.17072 5.0898 4.78796 4.67053 4.63808 4.46007
threshold=0.18166666666666667 0.70166666666666677 540.12500000000011 -0.25881904510252113 0.45833333333333343 0.94500000000000017 -0.37940952255126059 -0.25881904510252113 97.547283172607436 303.62500000000006 377.12500000000006 709.99658203125011 1.2083333333333337 0.59166666666666679 282.37500000000006 1009.8410949707032 0.043333333333333349 0.043333333333333349 -0.75499999999999989 1.5000000000000002 0.74833333333333341 2.6250000000000004 0.34088541666666677 -0.78656609248549303 278.12500000000006 278.62500000000006 -0.45166666666666661 -0.5183333333333332 0.83166666666666678 0.91166666666666674
decision_type=2 2 2 2 2 2 2 2 2 2 2 2 2 2 2 2 2 2 2 2 2 2 2 2 2 2 2 2 2 2
left_child=2 4 3 10 6 16 22 18 21 19 -1 15 17 23 20 -9 -3 -7 -4 -5 -11 -8 -2 -6 29 -10 -12 -17 -18 -25
right_child=1 5 7 9 13 12 8 11 25 14 26 -13 -14 -15 -16 27 28 -19 -20 -21 -22 -23 -24 24 -26 -27 -28 -29 -30 -31
leaf_value=0.0036218228438124932 0.0068814721578387642 0.016868888074130919 -0.037214893366520604 -0.007557208968964578 0.010864621453808858 0.025936597423092862 0.00013278396776258711 -0.03287708663362552 -0.012320693485569724 -0.032523597415421393 -0.017979952530037927 -0.052945268498964554 0.039501821908647622 0.011542488452768207 -0.0379973119699148 -0.0472406869717601 0.020171714584208893 0.034507207485148683 -0.023109792640045757 -0.020704859752454896 -0.024122278713181719 -0.0046684931114929634 0.016727417601984651 0.0037470373832634279 -0.005930658544533193 -0.027873275800084231 -0.0081255401754898992 -0.039163231357731317 0.027145377986921827 0.0077105391154576562
leaf_weight=549 613 2031 180 135 603 999 2484 305 868 501 172 726 519 2503 499 509 555 512 284 662 498 933 204 1327 96 56 435 276 418 1526
leaf_count=549 613 2031 180 135 603 999 2484 305 868 501 172 726 519 2503 499 509 555 512 284 662 498 933 204 1327 96 56 435 276 418 1526
internal_value=2.8572e-05 0.0100845 -0.0284794 -0.0193085 0.00383136 0.0240132 -0.00167708 -0.0423606 -0.00375055 -0.0270129 -0.00401279 -0.0458812 0.0315664 0.00852378 -0.031554 -0.0411762 0.018909 0.0288407 -0.0285816 -0.0184778 -0.0283356 -0.00117819 0.00933995 0.00639657 0.00548296 -0.0132633 -0.0109179 -0.0444007 0.0231676 0.00586702
internal_weight=21978 16247 5731 3451 11213 5034 5158 2280 4341 2295 1156 1816 2030 6055 1498 1090 3004 1511 464 797 999 3417 817 3552 2949 924 607 785 973 2853
internal_count=21978 16247 5731 3451 11213 5034 5158 2280 4341 2295 1156 1816 2030 6055 1498 1090 3004 1511 464 797 999 3417 817 3552 2949 924 607 785 973 2853
is_linear=0
shrinkage=0.05


Tree=3
num_leaves=31
num_cat=0
split_feature=10 10 6 28 10 10 10 28 33 9 6 9 28 10 10 27 2 7 7 10 27 10 7 10 10 25 33 10 10 25
split_gain=2276.04 481.77 302.763 160.352 93.8362 66.1963 40.821 40.2922 32.6017 27.7888 25.686 23.4183 13.4308 12.7663 11.6115 10.6437 10.159 9.02262 8.85671 8.11042 7.8773 6.53398 6.44962 5.58062 4.97431 4.88761 8.42459 4.67585 4.3786 4.01526
threshold=0.23166666666666672 0.71166666666666678 536.12500000000011 13.500000000000002 0.48166666666666674 0.9816666666666668 -0.11166666666666665 13.500000000000002 -0.37940952255126059 72.990608215332045 377.12500000000006 695.24539184570324 11.500000000000002 1.2416666666666669 0.60166666666666679 0.050000000000000107 1009.8410949707032 294.87500000000006 112.62500000000001 -0.75499999999999989 0.050000000000000107 0.39833333333333337 1.0000000180025095e-35 0.83833333333333349 -0.36499999999999994 0.93500000000000016 -0.60355339059327362 -0.41166666666666657 -0.66833333333333322 1.1650000000000003
decision_type=2 2 2 2 2 2 2 2 2 2 2 2 2 2 2 2 2 2 2 2 2 2 2 2 2 2 2 2 2 2
left_child=2 4 3 6 8 15 17 11 22 21 -5 16 18 20 -6 23 -4 -1 -8 -9 -7 -10 -2 -3 -13 -17 29 -12 -18 -27
right_child=1 5 7 10 14 13 12 19 9 -11 27 24 -14 -15 -16 25 28 -19 -20 -21 -22 -23 -24 -25 -26 26 -28 -29 -30 -31
leaf_value=-0.028586739706240497 0.00065913962888934066 0.014735010323735576 -0.030606287211509577 0.0043833412652760275 0.006814851007732073 0.0259071608410118 -0.016332986397277535 -0.03535414904951014 -0.0019816881697092129 -0.010147263869909115 -0.016053076407803995 -0.050742486705905004 -0.007466555821226132 0.038628451410986954 0.011432976972387432 0.015421480430913397 -0.045874147076608134 -0.038377712404463388 -0.024842444764027152 -0.021886520224102476 0.034193901876561454 0.0023332246822026451 0.010760216899550782 0.019784794419846274 -0.035034472960978745 0.025593033776821279 0.02071667290108057 -0.0067932748446997288 -0.038173380067370109 0.037145941017510058
leaf_weight=740 207 1260 300 649 3192 895 569 180 2185 880 205 756 219 414 2373 161 324 345 661 295 422 1466 668 967 54 147 454 407 429 154
leaf_count=740 207 1260 300 649 3192 895 569 180 2185 880 205 756 219 414 2373 161 324 345 661 295 422 1466 668 967 54 147 454 407 429 154
internal_value=2.71434e-05 0.0100376 -0.0258356 -0.0171159 0.00422647 0.0231181 -0.0243662 -0.0399893 -0.000465188 -0.0021715 -0.00254636 -0.0433036 -0.0188747 0.0309699 0.00878409 0.0187938 -0.038387 -0.0317 -0.020906 -0.02699 0.0285624 -0.000249105 0.00837059 0.0169277 -0.0496953 0.0233307 0.0250172 -0.00989501 -0.0414869 0.0315038
internal_weight=21978 15845 6133 3795 10971 4874 2534 2338 5406 4531 1261 1863 1449 1731 5565 3143 1053 1085 1230 475 1317 3651 875 2227 810 916 755 612 753 301
internal_count=21978 15845 6133 3795 10971 4874 2534 2338 5406 4531 1261 1863 1449 1731 5565 3143 1053 1085 1230 475 1317 3651 875 2227 810 916 755 612 753 301
is_linear=0
shrinkage=0.05


Tree=4
num_leaves=31
num_cat=0
split_feature=10 10 6 28 10 10 33 28 9 6 10 6 13 10 10 10 9 2 10 32 6 9 27 22 27 28 32 33 33 25
split_gain=2054.77 461.635 237.431 132.313 79.9445 79.1256 37.9952 36.0562 33.2411 29.754 20.3429 19.7394 16.0071 10.1406 9.54861 9.03426 7.43189 7.35743 7.13754 6.80078 6.66028 6.53016 5.35431 4.99231 4.71437 4.50994 4.45299 5.11702 4.81931 4.72584
threshold=0.18166666666666667 0.66833333333333345 540.12500000000011 13.500000000000002 0.44833333333333336 0.93083333333333351 -0.37940952255126059 13.500000000000002 138.68862152099612 303.62500000000006 -0.6449999999999998 377.12500000000006 1.1516666666666668 -0.084999999999999978 0.53166666666666684 0.80083333333333351 592.12182617187511 1009.5650329589845 -0.75499999999999989 1.5000000000000002 3.1250000000000004 702.38433837890636 0.040000000000000153 0.34088541666666677 0.050000000000000107 18.500000000000004 1.5000000000000002 -0.60355339059327362 -0.78656609248549303 1.0083333333333335
decision_type=2 2 2 2 2 2 2 2 2 2 2 2 2 2 2 2 2 2 2 2 2 2 2 2 2 2 2 2 2 2
left_child=2 4 3 9 6 15 23 10 20 19 21 -5 22 16 -6 25 -11 -12 -9 -1 -8 -4 -7 -2 -17 -3 27 -16 29 -28
right_child=1 5 7 11 14 12 8 18 -10 13 17 -13 -14 -15 26 24 -18 -19 -20 -21 -22 -23 -24 -25 -26 -27 28 -29 -30 -31
leaf_value=-0.0063588173514990895 0.0061744831077073922 0.015663849865086378 -0.041654997795337718 0.0032215645963212438 0.004360365427068775 0.023131500099840302 -5.3939906023333994e-05 -0.033586441678408949 -0.013182385768753855 -0.028461307800923458 -0.028090892198911688 -0.0098622958505905165 0.034420915520122879 -0.021942772557560261 0.030764590510550666 0.017142217048753024 -0.037614137483521916 -0.038575592836631201 -0.020859977098263417 -0.018672347370340993 -0.0048565720749841872 -0.04979085938531011 0.029691414362730435 0.015465923742606089 0.02333293769763729 0.01083283621193643 0.0096420863443180127 0.010960495832471696 0.0059905537922954012 0.02641367069022222
leaf_weight=135 559 1351 442 549 2167 988 2355 180 746 767 235 607 698 419 34 976 312 581 284 662 1041 558 454 195 449 752 925 802 1711 44
leaf_count=135 559 1351 442 549 2167 988 2355 180 746 767 235 607 698 419 34 976 312 581 284 662 1041 558 454 195 449 752 925 802 1711 44
internal_value=2.57863e-05 0.0091058 -0.0257154 -0.0174433 0.00293665 0.0206202 -0.0017462 -0.0382361 -0.00362549 -0.0243917 -0.0414144 -0.00364859 0.0282054 -0.0285444 0.006971 0.0160191 -0.0311079 -0.0355561 -0.025797 -0.0165866 -0.00152612 -0.0461948 0.0251968 0.00857744 0.0190928 0.0139364 0.00858 0.0117659 0.00758618 0.0104036
internal_weight=21978 16247 5731 3451 10579 5668 4896 2280 4142 2295 1816 1156 2140 1498 5683 3528 1079 816 464 797 3396 1000 1442 754 1425 2103 3516 836 2680 969
internal_count=21978 16247 5731 3451 10579 5668 4896 2280 4142 2295 1816 1156 2140 1498 5683 3528 1079 816 464 797 3396 1000 1442 754 1425 2103 3516 836 2680 969
is_linear=0
shrinkage=0.05


Tree=5
num_leaves=31
num_cat=0
split_feature=10 10 28 7 10 10 33 9 10 28 14 10 28 10 10 21 10 27 7 28 27 20 32 33 25 25 28 9 28 1
split_gain=1863.47 431.062 198.996 114.81 88.2251 62.3333 37.5855 36.5247 20.5238 19.0952 17.5117 13.4318 13.3744 12.6617 11.0269 9.76398 9.60669 8.37875 6.87962 6.4533 6.25128 6.00929 5.25382 10.3505 5.22472 4.97234 4.78242 4.71477 4.76145 4.71303
threshold=0.14166666666666669 0.68833333333333335 14.500000000000002 320.87500000000006 0.44166666666666671 0.94500000000000017 -0.37940952255126059 138.68862152099612 -0.80166666666666664 12.500000000000002 -0.51124999999999987 1.1416666666666668 12.500000000000002 -0.11166666666666665 0.57166666666666677 0.45833333333333343 -0.19499999999999998 0.006666666666666661 1.0000000180025095e-35 13.500000000000002 0.030000000000000044 -0.0049999999999999992 1.5000000000000002 -0.60355339059327362 0.99833333333333341 0.88166666666666671 11.500000000000002 74.900096893310561 12.500000000000002 73.558403015136733
decision_type=2 2 2 2 2 2 2 2 2 2 2 2 2 2 2 2 2 2 2 2 2 2 2 2 2 2 2 2 2 2
left_child=2 4 3 9 6 17 24 18 19 13 -4 20 16 -1 21 29 -10 -3 -8 -5 -7 -6 23 -19 -2 -12 -15 -23 -29 -11
right_child=1 5 10 8 14 11 7 -9 12 15 25 -13 -14 26 -16 -17 -18 22 -20 -21 -22 27 -24 -25 -26 -27 -28 28 -30 -31
leaf_value=-0.028573332192114873 0.0058465996569925065 0.013633593344073824 -0.01531988821776682 -0.04633883027410185 0.0098252821226000181 0.02124424796948075 -0.00014475058899114757 -0.012957697300161261 -0.038825525762513281 -0.020405054482948548 -0.0021276924445768381 0.032497523792486625 -0.026477466209098788 -0.021090240283775777 0.0091256979888802627 0.00017033012880556352 -0.026137188075667447 0.033817465741719517 -0.0050786655682879761 -0.033982352843493456 0.02848070867670079 0.0046217121315648693 0.015319481958272632 0.018804541917380568 0.01621444694811126 0.0092619042020644343 -0.0087981782956789677 -0.0052157628274601721 0.013714690520786322 -0.0080544491218788941
leaf_weight=795 679 1836 266 629 518 789 2419 890 1011 254 551 729 410 785 2810 113 175 140 998 127 480 2558 614 638 148 116 88 224 39 111
leaf_count=795 679 1836 266 629 518 789 2419 890 1011 254 551 729 410 785 2810 113 175 140 998 127 480 2558 614 638 148 116 88 224 39 111
internal_value=-8.15587e-05 0.00827624 -0.0254874 -0.0298463 0.00277764 0.0201478 -0.00206105 -0.00393569 -0.0374767 -0.0214835 -0.00447274 0.0270887 -0.0342621 -0.0240083 0.00681763 -0.012673 -0.0369533 0.0158517 -0.00158579 -0.0442631 0.0239814 0.00487523 0.0187772 0.0215061 0.00770203 -0.000146893 -0.0198512 0.00396628 -0.00240859 -0.0166491
internal_weight=21940 16509 5431 4498 11283 5226 5134 4307 2352 2146 933 1998 1596 1668 6149 478 1186 3228 3417 756 1269 3339 1392 778 827 667 873 2821 263 365
internal_count=21940 16509 5431 4498 11283 5226 5134 4307 2352 2146 933 1998 1596 1668 6149 478 1186 3228 3417 756 1269 3339 1392 778 827 667 873 2821 263 365
is_linear=0
shrinkage=0.05


Tree=6
num_leaves=31
num_cat=0
split_feature=10 10 28 7 10 10 33 9 28 10 13 6 14 28 10 22 21 33 2 27 22 33 10 27 9 16 6 18 25 25
split_gain=1681.78 389.955 179.594 103.67 75.0971 63.3769 31.9842 26.7793 19.1325 16.6232 16.224 15.8198 15.8043 13.2144 12.3006 9.59278 9.58941 8.16265 7.43676 7.3003 6.44647 7.99608 5.44104 5.20281 5.05061 5.048 4.78922 4.34224 4.7769 4.54251
threshold=0.14166666666666669 0.64166666666666672 14.500000000000002 351.12500000000006 0.89833333333333343 0.39166666666666672 -0.37940952255126059 138.68862152099612 12.500000000000002 -0.19499999999999998 1.1516666666666668 314.37500000000006 -0.51124999999999987 13.500000000000002 0.49166666666666675 0.084184027777777795 0.45833333333333343 -0.60355339059327362 1009.0439453125001 1.0000000180025095e-35 0.61737847222222231 -0.60355339059327362 -0.71166666666666656 0.03333333333333334 72.990608215332045 0.27166666666666672 338.25000000000006 0.3553125000000002 1.0216666666666669 1.1783333333333335
decision_type=2 2 2 2 2 2 2 2 2 2 2 2 2 2 2 2 2 2 2 2 2 2 2 2 2 2 2 2 2 2
left_child=2 5 3 8 19 6 -2 25 11 13 23 -1 -4 15 17 -5 22 -7 -17 -3 -21 -22 -10 -6 -19 -8 -14 28 -16 -29
right_child=1 4 12 9 10 14 7 -9 16 -11 -12 -13 26 -15 27 18 -18 24 -20 20 21 -23 -24 -25 -26 -27 -28 29 -30 -31
leaf_value=-0.017158959090699772 0.0075046659145591556 0.011364515926991127 -0.014553893709277796 -0.043219150901948652 0.020073163399054923 0.0097584337596054432 -0.0085491124893282699 -0.013031555541923598 -0.029979449372378088 -0.02105662178558608 0.031066324116500062 -0.026938722276420995 0.0050462291358398066 -0.027812714408491188 0.0087516585867868004 -0.026668439924225702 -0.00010868181697387473 0.0020581372501526848 -0.038020346198905389 0.012659454420729547 0.030176310745397006 0.016791689319016673 -0.013912386874462002 0.025802739736811249 -0.0050821930214582957 -0.0016511107442190153 -0.0036010548855992968 0.0048062417857871707 0.02144226778956021 0.0089209097928997071
leaf_weight=634 600 2057 266 807 1141 313 302 796 62 165 701 1189 267 295 581 182 117 1890 696 805 133 693 351 607 285 2178 400 2413 85 929
leaf_count=634 600 2057 266 807 1141 313 302 796 62 165 701 1189 267 295 581 182 117 1890 696 805 133 693 351 607 285 2178 400 2413 85 929
internal_value=-7.74807e-05 0.00786243 -0.024213 -0.028354 0.0178525 0.00195139 -0.00310843 -0.00505222 -0.0211065 -0.0363043 0.0246399 -0.0235375 -0.0042491 -0.037575 0.00497046 -0.0392841 -0.0127447 0.00220894 -0.0356672 0.0133454 0.0158436 0.0189468 -0.0163244 0.0220628 0.00112251 -0.00249111 -0.000139548 0.0066847 0.0103713 0.00595003
internal_weight=21940 16509 5431 4498 6137 10372 3876 3276 2353 2145 2449 1823 933 1980 6496 1685 530 2488 878 3688 1631 826 413 1748 2175 2480 667 4008 666 3342
internal_count=21940 16509 5431 4498 6137 10372 3876 3276 2353 2145 2449 1823 933 1980 6496 1685 530 2488 878 3688 1631 826 413 1748 2175 2480 667 4008 666 3342
is_linear=0
shrinkage=0.05


Tree=7
num_leaves=31
num_cat=0
split_feature=10 10 6 28 10 28 10 6 22 33 6 2 6 26 10 9 10 10 28 28 9 10 32 7 26 10 13 3 10 25
split_gain=1518.07 296.437 241.114 103.653 52.3231 43.84 41.0158 28.5965 21.7063 18.8172 13.5262 13.3791 11.1393 9.29461 8.24384 8.16306 8.15625 7.82051 6.40115 5.5794 5.53463 5.47458 5.44063 5.39916 5.37873 4.62226 4.12768 3.94997 3.89213 3.80612
threshold=0.29166666666666669 0.72166666666666679 498.37500000000006 13.500000000000002 0.48166666666666674 13.500000000000002 1.0116666666666669 295.12500000000006 0.1049479166666667 -0.60355339059327362 357.87500000000006 1009.0439453125001 600.12500000000011 0.016666666666666777 0.60166666666666679 5.9151873588562021 -0.084999999999999978 1.2783333333333335 12.500000000000002 11.500000000000002 706.14764404296886 -0.30166666666666664 1.5000000000000002 93.125000000000014 0.036666666666666799 0.85166666666666679 0.90083333333333349 55.125000000000007 -0.66833333333333322 0.87333333333333341
decision_type=2 2 2 2 2 2 2 2 2 2 2 2 2 2 2 2 2 2 2 2 2 2 2 2 2 2 2 2 2 2
left_child=2 4 3 7 9 8 13 22 20 -2 -5 -10 28 25 -6 29 -9 24 -17 -18 -4 -13 27 -24 -8 -3 -15 -1 -7 -11
right_child=1 6 5 10 14 12 17 16 11 15 -12 21 -14 26 -16 18 19 -19 -20 -21 -22 -23 23 -25 -26 -27 -28 -29 -30 -31
leaf_value=-0.011238612147668997 0.0098151848882861506 0.01216340647231352 -0.035891328208459874 0.0047919130813730238 0.0055652346225540453 -0.021330657103706314 0.022455690433995593 -0.025707918982756463 -0.021403074515165783 -0.00024541128967077653 -0.0057678786472754769 -0.035485046161402738 -0.027318008410648759 0.017735820404745015 0.009374518672444895 -0.0054980189754020234 -0.020168019369096488 0.033228329493867462 0.0060395010139931132 -0.0067472827091267775 -0.043183900779716192 -0.025183960804258661 -0.011108400650204199 -0.018470531551932113 0.030825332085006554 0.016746445711678826 0.024660825552217137 0.0038840943180916674 -0.010158394254305814 0.0042731210027993549
leaf_weight=90 463 1223 489 679 3206 115 900 827 336 2639 548 618 263 622 2550 1098 419 307 135 95 556 163 766 369 244 1000 329 83 242 566
leaf_count=90 463 1223 489 679 3206 115 900 827 336 2639 548 618 263 622 2550 1098 419 307 135 95 556 163 766 369 244 1000 329 83 242 566
internal_value=-7.36067e-05 0.00860758 -0.0199994 -0.0119383 0.00401999 -0.0312305 0.0191784 -0.0175031 -0.0345917 0.000223196 7.57225e-05 -0.0297459 -0.0195097 0.0159948 0.00725281 -0.0007775 -0.0226337 0.0261424 -0.00423479 -0.0176875 -0.0397714 -0.0333351 -0.0122429 -0.0135019 0.0242408 0.0142251 0.0201315 -0.00398321 -0.0137573 0.000552557
internal_weight=21940 15282 6658 3876 10657 2782 4625 2649 2162 4901 1227 1117 620 3174 5756 4438 1341 1451 1233 514 1045 781 1308 1135 1144 2223 951 173 357 3205
internal_count=21940 15282 6658 3876 10657 2782 4625 2649 2162 4901 1227 1117 620 3174 5756 4438 1341 1451 1233 514 1045 781 1308 1135 1144 2223 951 173 357 3205
is_linear=0
shrinkage=0.05


Tree=8
num_leaves=31
num_cat=0
split_feature=10 10 28 6 10 10 33 10 9 28 14 10 4 27 10 27 32 33 9 6 28 26 33 28 10 25 6 9 28 25
split_gain=1372.74 318.213 147.23 81.5561 67.218 43.717 29.3028 25.7899 21.8241 19.3297 13.0572 9.69264 8.46497 7.50065 7.22764 7.03348 6.99698 8.24139 6.68285 6.56051 5.7546 5.7142 5.61729 5.5215 4.99247 4.6235 4.41903 4.24295 4.88622 4.17127
threshold=0.14166666666666669 0.69833333333333336 14.500000000000002 473.12500000000006 0.47833333333333339 0.96166666666666678 -0.60355339059327362 0.29166666666666669 675.71496582031261 11.500000000000002 -0.45124999999999993 1.2416666666666669 21.067770957946781 0.036666666666666653 -0.11166666666666665 0.030000000000000044 1.5000000000000002 -0.78656609248549303 31.963904380798343 291.25000000000006 12.500000000000002 0.033333333333333354 -0.60355339059327362 12.500000000000002 -0.16166666666666665 1.0083333333333335 611.12500000000011 43.597093582153327 14.500000000000002 0.88166666666666671
decision_type=2 2 2 2 2 2 2 2 2 2 2 2 2 2 2 2 2 2 2 2 2 2 2 2 2 2 2 2 2 2
left_child=2 4 3 9 6 15 -2 23 12 19 -4 21 -5 -10 -11 -3 22 25 -9 -1 -20 -7 -6 -8 -14 -18 -15 -19 -29 -12
right_child=1 5 10 8 16 11 7 18 13 14 29 -13 24 26 -16 -17 17 27 20 -21 -22 -23 -24 -25 -26 -27 -28 28 -30 -31
leaf_value=-0.015979239262654314 0.008206629641940159 0.012220958076219278 -0.011947595399857923 -0.030074907419480764 0.026536588883027436 0.020038775961796665 -0.011349206394668382 0.00015810291977857343 -0.038546980662571 -0.014653935567594409 -0.0014091870418240665 0.030528109055712706 -0.024709372620958889 -0.01753455322686932 -0.0028326576657522217 0.017087009355175247 0.0081840694532173564 0.0047129838980410448 -0.0061606816051050688 -0.023398752334552568 0.0063510172017581332 0.027482766671451983 0.0090910012979097919 0.00066102441708574557 -0.012914732077946869 0.023125740954721419 -0.032602401670949362 -0.0034231054452357672 0.015618741471246866 0.0094605130492709591
leaf_weight=467 725 2042 322 967 48 1130 840 3366 889 286 504 399 451 64 236 1167 1256 2619 790 823 104 334 1192 108 112 54 203 297 38 107
leaf_count=467 725 2042 322 967 48 1130 840 3366 889 286 504 399 451 64 236 1167 1256 2619 790 823 104 334 1192 108 112 54 203 297 38 107
internal_value=-6.99264e-05 0.00710349 -0.0218755 -0.0256249 0.00248072 0.0175275 -0.00121126 -0.00252231 -0.0311547 -0.0174277 -0.00379966 0.0236198 -0.0272371 -0.0363398 -0.00930945 0.0139906 0.00646046 0.00549909 -0.000862502 -0.0207128 -0.00470518 0.0217371 0.00976631 -0.00998095 -0.022363 0.00879999 -0.0289906 0.00403526 -0.00126313 0.000494345
internal_weight=21940 16509 5431 4498 11437 5072 5933 5208 2686 1812 933 1863 1530 1156 522 3209 5504 4264 4260 1290 894 1464 1240 948 563 1310 267 2954 335 611
internal_count=21940 16509 5431 4498 11437 5072 5933 5208 2686 1812 933 1863 1530 1156 522 3209 5504 4264 4260 1290 894 1464 1240 948 563 1310 267 2954 335 611
is_linear=0
shrinkage=0.05


Tree=9
num_leaves=31
num_cat=0
split_feature=10 10 28 17 10 10 17 28 7 7 6 10 6 10 10 10 0 2 27 28 2 25 6 27 2 20 6 9 16 27
split_gain=1239.15 295.144 124.103 65.7518 55.985 50.6905 37.3749 26.6754 23.7908 13.825 11.5908 11.1744 9.4647 8.7673 7.39245 6.08596 5.89506 5.65346 5.43395 5.33096 4.29758 4.12457 3.89667 3.85322 3.81968 3.77063 4.74694 3.44766 3.44591 3.42545
threshold=0.115 0.64166666666666672 13.500000000000002 -0.14166666666666664 0.91833333333333345 0.39166666666666672 -0.49499999999999994 12.500000000000002 30.125000000000004 366.25000000000006 295.12500000000006 1.1416666666666668 377.12500000000006 0.50833333333333341 0.76166666666666683 -0.84833333333333327 15.861249923706056 1003.8528137207032 0.01333333333333332 10.500000000000002 1021.1639404296876 1.071666666666667 582.87500000000011 0.020000000000000014 1013.3402099609376 -0.0083333333333333315 419.62500000000006 72.990608215332045 0.27166666666666672 0.049999999999999954
decision_type=2 2 2 2 2 2 2 2 2 2 2 2 2 2 2 2 2 2 2 2 2 2 2 2 2 2 2 2 2 2
left_child=2 5 3 9 14 7 22 8 28 24 19 18 -8 25 -3 -11 20 -17 -6 -5 -12 -9 -4 -16 -1 26 -7 -27 -2 -15
right_child=1 4 6 10 11 13 12 21 -10 15 16 -13 -14 29 23 17 -18 -19 -20 -21 -22 -23 -24 -25 -26 27 -28 -29 -30 -31
leaf_value=-0.020672294247050249 -0.0079851010303072477 0.0097154592662298291 -0.01554257380914697 -0.016159474337377036 0.016573295177293529 0.0084878651200937984 0.0022943442049760286 0.0036729101547691712 -0.011842404974373406 -0.039225913155563702 -0.016063509966578567 0.026718626378822066 -0.0074984198784207095 0.0050324301355915632 0.012190535928846192 -0.016851357111537998 -0.024676000131960123 -0.033370243392688834 0.0226336891374921 -0.0052235262046180534 -0.027514277583900459 0.013761834727829101 -0.025413041363700262 0.016936484033672213 -0.029111936027567127 0.0021194995079508619 -0.010812308032597815 -0.0038893038787544141 -0.0015957063140014313 0.0086198597064773962
leaf_weight=238 235 2116 168 362 860 355 406 716 898 501 500 729 629 2778 1071 55 711 889 649 161 98 118 247 712 307 2185 35 268 2068 875
leaf_count=238 235 2116 168 362 860 355 406 716 898 501 500 729 629 2778 1071 55 711 889 649 161 98 118 247 712 307 2185 35 268 2068 875
internal_value=-6.643e-05 0.00661637 -0.0211948 -0.0259199 0.0153321 0.00153725 -0.00874012 -0.00286424 -0.00493936 -0.0322123 -0.0190849 0.0216355 -0.00365701 0.00427124 0.011714 -0.0347717 -0.0215988 -0.0324078 0.0191798 -0.012793 -0.0179401 0.00510036 -0.0214173 0.0140857 -0.0254264 0.00218907 0.0067558 0.00146301 -0.00224769 0.00589172
internal_weight=21940 16668 5272 3822 6137 10531 1450 4035 3201 1990 1832 2238 1035 6496 3899 1445 1309 944 1509 523 598 834 415 1783 545 2843 390 2453 2303 3653
internal_count=21940 16668 5272 3822 6137 10531 1450 4035 3201 1990 1832 2238 1035 6496 3899 1445 1309 944 1509 523 598 834 415 1783 545 2843 390 2453 2303 3653
is_linear=0
shrinkage=0.05


Tree=10
num_leaves=31
num_cat=0
split_feature=10 10 6 28 10 28 10 10 33 6 6 7 26 14 22 32 22 28 33 33 7 2 10 33 34 22 25 2 3 10
split_gain=1119.82 236.332 161.18 69.2775 44.2229 41.0658 32.4911 18.8232 17.3691 13.6587 9.99017 8.72629 8.49878 8.29941 7.06833 6.80129 6.79485 6.51454 6.4497 6.29421 6.23729 5.22443 5.11823 5.11181 4.83966 4.77388 4.60645 4.49774 5.3046 4.46733
threshold=0.25166666666666676 0.72166666666666679 473.12500000000006 13.500000000000002 0.49166666666666675 13.500000000000002 1.0416666666666667 -0.38833333333333325 -0.60355339059327362 291.25000000000006 600.12500000000011 0.37500000000000006 0.023333333333333307 -0.19791666666666666 0.10244791666666669 1.5000000000000002 0.52151041666666675 12.500000000000002 -0.78656609248549303 -0.60355339059327362 105.12500000000001 1004.0462646484376 1.301666666666667 0.91597561503675362 -0.5 0.12734375000000003 0.99833333333333341 1021.0381774902345 87.125000000000014 0.85166666666666679
decision_type=2 2 2 2 2 2 2 2 2 2 2 2 2 2 2 2 2 2 2 2 2 2 2 2 2 2 2 2 2 2
left_child=2 4 3 9 8 7 12 14 -2 16 -7 -10 29 -5 -4 19 -1 20 26 -6 -13 -16 24 -21 -8 -9 -17 28 -11 -3
right_child=1 6 5 13 15 10 22 25 11 27 -12 17 -14 -15 21 18 -18 -19 -20 23 -22 -23 -24 -25 -26 -27 -28 -29 -30 -31
leaf_value=-0.013048997618480796 0.0080754393958387335 0.010413488576043522 -0.035098570717085428 -0.005145054170888977 0.02534755458897453 -0.011051866667408594 0.028955260106416608 -0.027629709761175847 0.00050502225298077331 -0.021332705655478863 -0.023353277785945259 -0.003713831510549387 0.017999241216214146 0.0038097048863058661 -0.015781963898431665 0.0074769016739517557 -0.0028024730505421761 0.0045044450072137731 0.0039172206281269375 0.0071095323852034768 -0.012751794041960557 -0.029913374616556437 0.029628686399923432 0.014808561603228252 0.02012962507033414 -0.018462248423012795 0.021213840768905357 -0.026717136577950263 -0.013970350115741895 0.014675844472647595
leaf_weight=847 598 1304 906 429 59 446 189 225 3348 499 262 1173 945 652 72 1314 200 198 2724 1070 228 714 252 270 872 385 64 162 480 1163
leaf_count=847 598 1304 906 429 59 446 189 225 3348 499 262 1173 945 652 72 1314 200 198 2724 1070 228 714 252 270 872 385 64 162 480 1163
internal_value=7.11593e-05 0.00718093 -0.0177865 -0.0100995 0.0031778 -0.0261349 0.0165394 -0.0293738 2.67041e-05 -0.0152157 -0.0156041 -0.000946238 0.0139673 0.000255966 -0.0320885 0.00635409 -0.0110917 -0.0039849 0.00532736 0.00936456 -0.00518468 -0.0286189 0.0232232 0.00866083 0.0217018 -0.0218437 0.0081149 -0.019 -0.017723 0.0124229
internal_weight=22050 15771 6279 3269 11046 3010 4725 2302 5545 2188 708 4947 3412 1081 1692 5501 1047 1599 4102 1399 1401 786 1313 1340 1061 610 1378 1141 979 2467
internal_count=22050 15771 6279 3269 11046 3010 4725 2302 5545 2188 708 4947 3412 1081 1692 5501 1047 1599 4102 1399 1401 786 1313 1340 1061 610 1378 1141 979 2467
is_linear=0
shrinkage=0.05


Tree=11
num_leaves=31
num_cat=0
split_feature=10 10 28 7 10 10 33 9 10 28 10 21 28 33 25 25 24 7 28 26 7 27 2 24 34 28 25 9 34 16
split_gain=1012.16 249.862 102.039 60.4589 46.8599 42.769 24.0104 19.1784 14.067 12.1842 10.627 8.56538 7.70297 7.30973 8.79432 8.06766 6.82996 6.65757 6.59155 6.02095 5.85287 5.1066 3.65441 3.38212 3.34759 5.61626 3.33557 3.32563 3.27344 3.25013
threshold=0.10500000000000002 0.64833333333333343 14.500000000000002 313.12500000000006 0.89833333333333343 0.39166666666666672 -0.37940952255126059 138.68862152099612 -0.6449999999999998 12.500000000000002 1.1316666666666668 -0.041666666666666664 11.500000000000002 -0.60355339059327362 1.0383333333333336 0.9816666666666668 -0.69833333333333314 9.1250000000000018 12.500000000000002 0.013333333333333282 114.62500000000001 0.0066666666666665439 1010.3397216796876 -0.2616666666666666 -0.5 14.500000000000002 1.0750000000000002 66.352165222167983 -0.5 0.27166666666666672
decision_type=2 2 2 2 2 2 2 2 2 2 2 2 2 2 2 2 2 2 2 2 2 2 2 2 2 2 2 2 2 2
left_child=2 5 3 9 19 6 26 29 18 20 21 -4 -10 15 17 -7 -11 -15 -5 -3 -1 -6 -14 -22 25 -23 -2 -16 -12 -8
right_child=1 4 11 8 10 13 7 -9 12 16 28 -13 22 14 27 -17 -18 -19 -20 -21 23 24 -24 -25 -26 -27 -28 -29 -30 -31
leaf_value=-0.012567564182925029 0.0046241717143267443 0.0090468119744693994 -0.0079442557915634041 -0.034394976542952573 0.014611009356510172 0.0057257941687074883 -0.0066893381581775843 -0.01050828140278879 -0.026742646703328744 -0.013235892179058521 0.03373044525520711 0.0020352030366115894 -0.013223108563359846 0.0019975774483275664 0.0063558402689734856 0.018951065721170557 -0.00055767221389155534 -0.0054747421160178224 -0.026794567317992915 0.013381750207183235 -0.020784894431924491 0.016253291146497578 -0.022821099201774261 -0.011625272543668482 0.017121057350707885 0.029257088282493633 0.014955712512859869 0.00074158703046702564 0.023009424107911354 -0.0013638894121554262
leaf_weight=364 592 2494 504 751 938 1646 329 910 763 305 79 375 193 2470 1649 124 163 339 460 1180 1006 143 204 112 416 198 90 314 721 2218
leaf_count=364 592 2494 504 751 938 1646 329 910 763 305 79 375 193 2470 1649 124 163 339 460 1180 1006 143 204 112 416 198 90 314 721 2218
internal_value=6.76013e-05 0.00601862 -0.019216 -0.022375 0.0140302 0.00139139 -0.00258635 -0.00427782 -0.0277386 -0.0158534 0.0193183 -0.00368681 -0.0238036 0.00390803 0.00289013 0.00665231 -0.00882019 0.00109579 -0.031508 0.0104391 -0.0180744 0.0170765 -0.0181551 -0.0198673 0.0201314 0.0238039 0.00598757 0.00545779 0.0240681 -0.00205179
internal_weight=22050 16850 5200 4321 6169 10681 4139 3457 2371 1950 2495 879 1160 6542 4772 1770 468 2809 1211 3674 1482 1695 397 1118 757 341 682 1963 800 2547
internal_count=22050 16850 5200 4321 6169 10681 4139 3457 2371 1950 2495 879 1160 6542 4772 1770 468 2809 1211 3674 1482 1695 397 1118 757 341 682 1963 800 2547
is_linear=0
shrinkage=0.05


Tree=12
num_leaves=31
num_cat=0
split_feature=10 10 28 10 10 10 33 9 28 6 13 17 28 13 17 0 27 33 9 27 25 33 9 22 27 34 10 25 22 2
split_gain=913.471 225.5 92.0899 53.4621 42.2911 38.599 21.6694 17.3085 17.1771 13.6266 9.80293 8.12671 8.06324 7.50777 6.28526 5.93027 5.44525 5.01962 4.78525 4.59635 4.32247 6.93525 4.24098 3.76633 3.51487 3.0922 3.17405 3.06435 3.03688 3.01501
threshold=0.10500000000000002 0.64833333333333343 14.500000000000002 -0.43166666666666659 0.89833333333333343 0.39166666666666672 -0.37940952255126059 138.68862152099612 11.500000000000002 586.62500000000011 1.1516666666666668 -0.4449999999999999 12.500000000000002 0.50166666666666682 0.025000000000000005 12.523749828338625 0.043333333333333349 -0.60355339059327362 714.60479736328136 0.049999999999999954 1.0416666666666667 -0.60355339059327362 72.990608215332045 0.24206597222222223 0.050000000000000107 -0.5 1.3183333333333336 1.1650000000000003 0.84945312500000014 1021.0381774902345
decision_type=2 2 2 2 2 2 2 2 2 2 2 2 2 2 2 2 2 2 2 2 2 2 2 2 2 2 2 2 2 2
left_child=2 5 3 9 16 6 27 -8 14 12 24 -4 29 17 -5 -10 28 -7 -11 -15 -18 -22 -19 -13 -6 -12 -27 -2 -3 -1
right_child=1 4 11 8 10 13 7 -9 15 18 25 23 -14 19 -16 -17 20 22 -20 -21 21 -23 -24 -25 -26 26 -28 -29 -30 -31
leaf_value=-0.023586204769263205 0.0046760436750238298 0.0076883447051591964 -0.012910818618179843 -0.022538182586929884 0.014915308674032493 0.0069145136822656153 -0.0019491967165702539 -0.009982867355472512 -0.0021746500645691549 -0.026944478728365379 0.030848630563875219 -0.0029949788607903909 -0.01481964704377791 0.0043228799723483225 -0.015993783819359883 -0.012310141541305886 0.0085680343760484463 0.0018743522759208685 -0.032792976732885337 0.0086805981565039412 0.023249992712547907 0.012207334170188031 -0.0039906617052164464 0.0058847639722265678 0.01981524215079844 0.019457726068356457 0.027274676201177791 0.016786321099814878 0.011877529514483639 -0.03406375640382369
leaf_weight=376 625 1962 182 612 1253 428 2547 910 218 727 113 544 287 2723 916 427 402 2256 674 778 190 565 357 153 517 425 187 57 555 84
leaf_count=376 625 1962 182 612 1253 428 2547 910 218 727 113 544 287 2723 916 427 402 2256 674 778 190 565 357 153 517 425 187 57 555 84
internal_value=6.42213e-05 0.00571769 -0.0182552 -0.0212563 0.0133287 0.00132182 -0.00245703 -0.00406393 -0.0157267 -0.0268501 0.0183524 -0.00350247 -0.0213963 0.00371262 -0.018615 -0.0088845 0.00991713 0.00189519 -0.0297581 0.00529126 0.0127563 0.0149863 0.00107305 -0.00104577 0.0163465 0.0232494 0.0218462 0.00568819 0.00861206 -0.0254995
internal_weight=22050 16850 5200 4321 6169 10681 4139 3457 2173 2148 2495 879 747 6542 1528 645 3674 3041 1401 3501 1157 755 2613 697 1770 725 612 682 2517 460
internal_count=22050 16850 5200 4321 6169 10681 4139 3457 2173 2148 2495 879 747 6542 1528 645 3674 3041 1401 3501 1157 755 2613 697 1770 725 612 682 2517 460
is_linear=0
shrinkage=0.05


Tree=13
num_leaves=31
num_cat=0
split_feature=6 17 33 17 17 13 33 16 17 27 9 2 13 27 32 9 4 36 14 25 33 16 25 2 9 3 19 33 26 7
split_gain=803.737 195.836 84.6942 53.9275 42.0856 27.9635 25.5401 31.0531 23.3455 11.7648 9.11255 8.33132 7.41375 7.0989 5.95986 5.91177 5.57493 5.3298 5.29668 5.03486 4.79277 4.76713 4.72294 4.01034 3.59596 3.56931 4.27888 3.41091 3.36223 3.222
threshold=318.12500000000006 0.75166666666666682 -0.25881904510252113 0.47166666666666673 -0.14166666666666664 0.93083333333333351 -0.37940952255126059 0.25166666666666676 -0.4449999999999999 0.0066666666666665439 706.14764404296886 1009.0439453125001 1.1650000000000003 -0.026666666666666557 1.5000000000000002 309.33108520507818 22.360746383666996 -0.22252093395631442 0.014166666666666721 1.2433333333333334 0.60355339059327384 0.57833333333333348 1.031666666666667 1020.0164794921876 34.889822006225593 79.125000000000014 0.37754540293379674 -0.5 0.023333333333333307 76.125000000000014
decision_type=2 2 2 2 2 2 2 2 2 2 2 2 2 2 2 2 2 2 2 2 2 2 2 2 2 2 2 2 2 2
left_child=1 3 8 6 10 13 22 19 -2 21 23 16 28 20 27 -13 -6 -18 -10 29 -3 -5 -1 25 -9 -4 -27 -11 -7 -8
right_child=2 5 4 9 11 12 7 24 18 14 -12 15 -14 -15 -16 -17 17 -19 -20 -21 -22 -23 -24 -25 -26 26 -28 -29 -30 -31
leaf_value=0.0041781758075632473 -0.016693119316472004 0.0091347222933846183 -0.025273164673091653 0.0020018180706697442 -0.017162298416877365 0.014356392868821366 -0.0087361581928762175 -0.00013506268811627864 -0.00497459242455227 0.023304425644092873 -0.031005153526315745 -0.012707071492293099 0.022284752944473588 0.01315980828046337 0.0062413628289357571 -0.021113275284377956 -0.014370257478327521 -0.0021953447185789681 0.0040650146094027579 -0.0016714175531675425 0.0003087169938583487 0.0054130653420895788 0.013639408656120025 -0.029551859393627512 -0.0045900909676604455 -0.020454686933073108 -0.0011452122251578275 0.010786021836478511 0.019805031865228313 -0.014176486261267902
leaf_weight=710 465 1387 504 2747 235 975 571 2757 788 61 760 299 692 1299 1775 696 155 214 204 154 173 1633 162 253 542 385 31 504 399 520
leaf_count=710 465 1387 504 2747 235 975 571 2757 788 61 760 299 692 1299 1775 696 155 214 204 154 173 1633 162 253 542 385 31 504 399 520
internal_value=6.10102e-05 0.00522312 -0.017592 0.00181057 -0.0217761 0.0136322 -0.00190207 -0.00340619 -0.00744888 0.00480278 -0.0267402 -0.0157752 0.0180642 0.0104295 0.00766502 -0.0185872 -0.0111429 -0.00730947 -0.00311564 -0.0101346 0.00815594 0.00327364 0.00593588 -0.0239769 -0.000866989 -0.0224437 -0.0190158 0.0121376 0.0159386 -0.0113292
internal_weight=22050 17061 4989 12136 3532 4925 5416 4544 1457 6720 1933 1599 2066 2859 2340 995 604 369 992 1245 1560 4380 872 1173 3299 920 416 565 1374 1091
internal_count=22050 17061 4989 12136 3532 4925 5416 4544 1457 6720 1933 1599 2066 2859 2340 995 604 369 992 1245 1560 4380 872 1173 3299 920 416 565 1374 1091
is_linear=0
shrinkage=0.05


Tree=14
num_leaves=31
num_cat=0
split_feature=10 10 6 28 10 10 28 10 22 33 2 6 28 26 7 32 33 10 33 9 33 28 7 7 25 28 33 25 25 10
split_gain=747.271 153.353 118.49 55.1027 27.8059 21.2542 18.693 15.0579 12.1518 10.9264 8.48989 8.18856 6.72511 6.17976 5.99981 5.32654 5.34064 4.95666 4.95522 4.85041 4.48475 4.22615 4.04719 4.03133 3.98855 3.53441 3.32847 6.25088 3.29166 3.27479
threshold=0.28166666666666673 0.7316666666666668 511.12500000000006 13.500000000000002 0.49166666666666675 1.071666666666667 13.500000000000002 -0.11166666666666665 0.1049479166666667 -0.60355339059327362 1009.0439453125001 350.62500000000006 11.500000000000002 0.023333333333333543 130.12500000000003 1.5000000000000002 -0.60355339059327362 -0.6449999999999998 -0.78656609248549303 5.9151873588562021 0.91597561503675362 12.500000000000002 202.87500000000003 8.1250000000000018 0.99833333333333341 13.500000000000002 -0.60355339059327362 1.1650000000000003 0.87333333333333341 0.85166666666666679
decision_type=2 2 2 2 2 2 2 2 2 2 2 2 2 2 2 2 2 2 2 2 2 2 2 2 2 2 2 2 2 2
left_child=2 4 3 7 9 13 8 -1 -4 -2 -10 -5 14 29 -9 16 -6 -8 24 28 -18 22 -21 -20 -17 -25 27 -15 -11 -3
right_child=1 5 6 11 15 -7 17 12 10 19 -12 -13 -14 26 -16 18 20 -19 23 21 -22 -23 -24 25 -26 -27 -28 -29 -30 -31
leaf_value=-0.017865767024537141 0.0068944635733983045 0.008617844983291283 -0.02856947964067328 0.0038692350608584823 0.021532976490390654 0.019728575565344839 -0.018856921933453393 -0.0085553213149592959 -0.013868960589189062 -0.00029041455097238541 -0.02378514951547836 -0.0041353781274728208 -0.0021199168009495245 0.013100757874577427 -0.015026018431649467 0.0061561703010612435 0.0057567394096433525 -0.0095145289860417565 0.0038449924933518518 -0.0034813859316693389 0.012794131929920594 0.00461693651474431 -0.017616312807636723 -0.0043029550714939104 0.018565938424538166 0.0085377181971897226 0.012270183391116846 0.024807017827179374 0.0037190265657404695 0.012221297967176994
leaf_weight=935 549 1198 1001 641 68 1116 297 868 307 2769 727 637 235 257 610 1354 1116 272 2423 1138 284 157 53 285 68 66 455 205 628 1331
leaf_count=935 549 1198 1001 641 68 1116 297 868 307 2769 727 637 235 257 610 1354 1116 272 2423 1138 284 157 53 285 68 66 455 205 628 1331
internal_value=5.79597e-05 0.00602853 -0.0141324 -0.00864713 0.00282165 0.0137315 -0.0224025 -0.0127623 -0.0246426 0.000216439 -0.020841 -0.000120545 -0.00997669 0.0117893 -0.0112259 0.00525667 0.00784898 -0.014391 0.00434974 -0.000556213 0.00718432 -0.00309393 -0.0041104 0.00311953 0.00674961 -0.00188847 0.0153056 0.0182951 0.000450807 0.0105143
internal_weight=22050 15520 6530 3926 10958 4562 2604 2648 2035 5294 1034 1278 1713 3446 1478 5664 1468 569 4196 4745 1400 1348 1191 2774 1422 351 917 462 3397 2529
internal_count=22050 15520 6530 3926 10958 4562 2604 2648 2035 5294 1034 1278 1713 3446 1478 5664 1468 569 4196 4745 1400 1348 1191 2774 1422 351 917 462 3397 2529
is_linear=0
shrinkage=0.05


Tree=15
num_leaves=31
num_cat=0
split_feature=10 10 28 10 10 13 33 7 7 28 10 17 26 2 7 28 28 6 22 34 28 28 6 3 10 10 9 28 22 33
split_gain=678.558 165.801 71.334 40.0427 31.2505 28.8268 13.956 17.75 11.8562 11.3157 6.83151 6.74799 6.40516 5.34005 5.1426 4.73775 8.61719 7.46517 5.92715 4.5624 7.77266 4.32324 3.95744 3.78836 3.75859 3.35993 3.20963 3.17726 3.15529 3.12272
threshold=0.10500000000000002 0.64833333333333343 14.500000000000002 -0.36499999999999994 0.91833333333333345 0.4283333333333334 1.0000000180025095e-35 49.625000000000007 423.12500000000006 11.500000000000002 1.1950000000000003 -0.42166666666666658 1.0000000180025095e-35 1013.3402099609376 186.37500000000003 18.500000000000004 13.500000000000002 5.8750000000000009 0.52151041666666675 -0.5 14.500000000000002 12.500000000000002 229.37500000000003 98.125000000000014 -0.84833333333333327 0.42166666666666669 1.1908552646636965 3.5000000000000004 0.24206597222222223 -0.60355339059327362
decision_type=2 2 2 2 2 2 2 2 2 2 2 2 2 2 2 2 2 2 2 2 2 2 2 2 2 2 2 2 2 2
left_child=2 5 3 8 15 6 29 26 13 14 19 -4 25 -1 -5 16 17 27 -18 20 -6 24 -11 -19 -10 -7 -8 -3 -13 -2
right_child=1 4 11 9 10 12 7 -9 21 22 -12 28 -14 -15 -16 -17 18 23 -20 -21 -22 -23 -24 -25 -26 -27 -28 -29 -30 -31
leaf_value=-0.01451218766877454 0.0053403197772928573 0.0081009107628758539 -0.010571229860432926 -0.011650039848102159 0.012817915593306695 -0.00033925704889754507 -3.1858001621684963e-05 -0.0097493398703488304 -0.031842614057563605 0.0064376257043331862 0.02097182804407019 -0.0021156151850866898 0.006318551101651586 -0.021911778388045488 -0.017891299964430282 0.00638298769688139 0.010653119074470065 -0.00094904944053575988 0.019797057079426778 0.012935781362299809 0.025507360949878467 -0.021692119445169796 -0.0083156472911883605 0.0067433044413679885 -0.025255866436961212 0.0032660167648806654 -0.0034543202947355726 0.013777692047669599 0.0062410072230300612 0.00064022003509237621
leaf_weight=456 591 497 211 542 263 808 1735 814 332 50 538 524 1558 524 844 1430 412 237 311 1257 223 471 500 493 623 3228 1132 489 144 879
leaf_count=456 591 497 211 542 263 808 1735 814 332 50 538 524 1558 524 844 1430 412 237 311 1257 223 471 500 493 623 3228 1132 489 144 879
internal_value=-1.10406e-05 0.0048576 -0.0157658 -0.0183954 0.0114047 0.00111031 -0.00158855 -0.00323323 -0.0227026 -0.0130426 0.0160466 -0.00277634 0.00359544 -0.0184687 -0.0154506 0.00866803 0.0100078 0.00807865 0.0145864 0.0145264 0.0186404 -0.0256123 -0.00697444 0.00424592 -0.0275457 0.00254425 -0.00138318 0.0109163 -0.000314188 0.00252985
internal_weight=22116 16895 5221 4342 6150 10745 5151 3681 2406 1936 2281 879 5594 980 1386 3869 2439 1716 723 1743 486 1426 550 730 955 4036 2867 986 668 1470
internal_count=22116 16895 5221 4342 6150 10745 5151 3681 2406 1936 2281 879 5594 980 1386 3869 2439 1716 723 1743 486 1426 550 730 955 4036 2867 986 668 1470
is_linear=0
shrinkage=0.05


Tree=16
num_leaves=31
num_cat=0
split_feature=10 10 28 10 10 10 28 7 7 28 12 10 10 2 7 34 28 10 28 28 28 6 25 8 25 33 6 6 25 28
split_gain=612.399 149.843 64.3789 36.1386 28.5846 24.6867 15.7792 13.2497 10.7002 10.2124 6.20252 6.19699 6.16544 4.85279 4.75241 4.11757 7.01482 4.0226 5.65991 3.98676 6.61836 6.08683 5.99796 3.68196 3.34711 3.09259 3.80231 3.07798 2.88028 2.85773
threshold=0.10500000000000002 0.66833333333333345 14.500000000000002 -0.36499999999999994 0.39166666666666672 0.91833333333333345 12.500000000000002 49.625000000000007 423.12500000000006 11.500000000000002 -0.62166666666666648 0.53166666666666684 1.1950000000000003 1012.0440063476564 95.125000000000014 -0.5 14.500000000000002 -0.90166666666666651 11.500000000000002 18.500000000000004 13.500000000000002 4.6250000000000009 0.9816666666666668 328.62500000000006 1.1650000000000003 -0.60355339059327362 275.25000000000006 220.12500000000003 1.0350000000000004 12.500000000000002
decision_type=2 2 2 2 2 2 2 2 2 2 2 2 2 2 2 2 2 2 2 2 2 2 2 2 2 2 2 2 2 2
left_child=2 4 3 8 6 19 7 -2 13 14 -4 25 15 29 -5 16 -7 -10 -19 20 21 -3 -22 27 -8 -6 -27 -11 -12 -1
right_child=1 5 10 9 11 12 24 -9 17 23 28 -13 -14 -15 -16 -17 -18 18 -20 -21 22 -23 -24 -25 -26 26 -28 -29 -30 -31
leaf_value=-0.016544293480839096 -0.0018757427281469461 0.010817048798234195 -0.0085320442702976756 -0.0076102116881534834 0.0052294936903559096 0.012177019805679304 0.0029386582512881043 -0.0094034585130989383 -0.028490728819990853 0.0082877166065815338 -0.00075612668773022236 0.0046735787442560555 0.019923236993830445 -0.020479549741482035 -0.015890935630195509 0.012288992290956308 0.024231993025294066 -0.026044724577642932 -0.018538218202504696 0.0062840262557802493 0.0090718131743778938 0.0044015622672409311 0.018595670492589821 -0.023085266197449529 0.013333621610302566 0.0014878683053826673 -0.006812484468301308 -0.006677884123238601 0.011468788776612613 -0.0078035992828222947
leaf_weight=254 2521 839 296 203 530 263 778 761 413 37 530 3530 538 578 1183 1257 223 553 460 1254 320 661 342 32 86 2847 145 481 53 148
leaf_count=254 2521 839 296 203 530 263 778 761 413 37 530 3530 538 578 1183 1257 223 553 460 1254 320 661 342 32 86 2847 145 481 53 148
internal_value=-1.04885e-05 0.00461472 -0.0149775 -0.0174757 0.00125609 0.0112164 -0.00203855 -0.0036212 -0.0215675 -0.0123905 -0.00263753 0.00319307 0.0152443 -0.0175453 -0.0146781 0.0138001 0.0177084 -0.0243317 -0.022636 0.00852688 0.00982777 0.00798996 0.013992 -0.00662572 0.00397334 0.00170919 0.00108561 -0.00560891 0.000355229 -0.0133263
internal_weight=22116 16895 5221 4342 11198 5697 4146 3282 2406 1936 879 7052 2281 980 1386 1743 486 1426 1013 3416 2162 1500 662 550 864 3522 2992 518 583 402
internal_count=22116 16895 5221 4342 11198 5697 4146 3282 2406 1936 879 7052 2281 980 1386 1743 486 1426 1013 3416 2162 1500 662 550 864 3522 2992 518 583 402
is_linear=0
shrinkage=0.05


Tree=17
num_leaves=31
num_cat=0
split_feature=10 10 28 10 17 10 10 28 16 17 25 25 28 26 6 25 18 19 6 4 9 7 10 3 6 13 9 23 34 27
split_gain=552.69 135.729 58.2381 32.1542 31.5355 18.8486 16.4171 14.23 14.8551 7.25841 6.25001 6.02668 5.55295 5.44285 3.86964 3.85952 3.82071 3.75671 3.70318 3.63275 3.4804 3.14069 2.75199 2.6762 2.62326 2.50679 2.47269 4.10022 2.50803 2.44779
threshold=0.10500000000000002 0.72166666666666679 13.500000000000002 0.4316666666666667 -0.14166666666666664 -0.56166666666666665 1.0783333333333336 12.500000000000002 0.25166666666666676 -0.66833333333333322 1.1783333333333335 0.74833333333333341 11.500000000000002 0.023333333333333307 429.12500000000006 1.1650000000000003 0.40218750000000014 0.2702049119512106 238.12500000000003 28.071932792663578 78.81879043579103 50.625000000000007 0.83166666666666678 99.625000000000014 370.12500000000006 0.90083333333333349 273.23641967773443 0.23795525810023543 0.60355339059327384 0.1333333333333335
decision_type=2 2 2 2 2 2 2 2 2 2 2 2 2 2 2 2 2 2 2 2 2 2 2 2 2 2 2 2 2 2
left_child=2 3 4 7 9 -4 13 8 23 -1 17 21 -11 22 -7 -9 -12 -5 -13 -20 -10 -6 -3 -2 -19 -15 28 -28 -18 -8
right_child=1 6 5 10 11 14 29 15 20 12 16 18 -14 25 -16 -17 26 24 19 -21 -22 -23 -24 -25 -26 -27 27 -29 -30 -31
leaf_value=-0.026316973998741323 -0.010461417425866903 0.0069332172383295577 -0.014261122709528232 0.0023315394376376163 -0.0053117911525381112 0.00084191906384945773 0.015706910820551378 0.0025081072778441746 -0.00046137412719525597 -0.022186824299833471 0.016782372008033453 -0.00016419685740327958 -0.015700397912998511 0.011085448738927554 -0.0054336386277288855 0.012763101405114866 0.0082808406329394051 0.0064683878695263918 -0.012574453745196168 -0.0037056548883450911 -0.0050108081972958388 -0.015952914603977138 0.01020230587933095 -0.0045722435981652033 -0.0069581144452585206 0.01613320430810734 0.0073017614168098335 -0.012967324734765702 0.004303076041538091 0.021283030748822308
leaf_weight=608 597 1125 444 4342 75 566 791 1112 2586 891 84 98 524 617 434 100 812 853 513 149 502 919 1505 285 38 409 56 45 774 262
leaf_count=608 597 1125 444 4342 75 566 791 1112 2586 891 84 98 524 617 434 100 812 853 513 149 502 919 1505 285 38 409 56 45 774 262
internal_value=-9.96411e-06 0.00438399 -0.0142287 0.00159811 -0.0174938 -0.0056881 0.0115933 -0.00138784 -0.00283554 -0.021748 0.00380731 -0.0125873 -0.0197848 0.0100089 -0.00188167 0.00335423 0.00637477 0.0029384 -0.00923543 -0.0105783 -0.00120095 -0.01515 0.00880393 -0.00855845 0.00589576 0.0130977 0.00585655 -0.00172902 0.00633961 0.0170943
internal_weight=22116 16895 5221 12186 3777 1444 4709 5182 3970 2023 7004 1754 1415 3656 1000 1212 1771 5233 760 662 3088 994 2630 882 891 1026 1687 101 1586 1053
internal_count=22116 16895 5221 12186 3777 1444 4709 5182 3970 2023 7004 1754 1415 3656 1000 1212 1771 5233 760 662 3088 994 2630 882 891 1026 1687 101 1586 1053
is_linear=0
shrinkage=0.05


Tree=18
num_leaves=31
num_cat=0
split_feature=10 10 28 7 10 13 33 7 25 10 13 28 17 18 6 8 17 25 10 28 33 9 4 28 28 7 25 2 6 25
split_gain=498.803 123.147 53.0159 30.4525 26.2947 19.5061 9.8139 13.3046 7.41893 6.96413 6.42098 5.60534 5.35344 5.10643 4.31041 4.09801 3.65191 3.50639 3.50545 3.47327 3.42557 3.83068 3.3606 3.35427 5.69254 6.96908 5.65828 3.23426 3.21758 3.10641
threshold=0.10500000000000002 0.62833333333333352 14.500000000000002 359.12500000000006 0.8716666666666667 0.42166666666666669 1.0000000180025095e-35 76.125000000000014 0.74833333333333341 -0.19499999999999998 1.1016666666666668 12.500000000000002 -0.074999999999999983 0.23218750000000002 238.12500000000003 208.62500000000003 -0.60833333333333328 0.9816666666666668 0.32166666666666671 12.500000000000002 -0.60355339059327362 66.352165222167983 28.805623054504398 18.500000000000004 13.500000000000002 0.62500000000000011 0.9816666666666668 1014.1898193359376 582.87500000000011 1.0683333333333336
decision_type=2 2 2 2 2 2 2 2 2 2 2 2 2 2 2 2 2 2 2 2 2 2 2 2 2 2 2 2 2 2
left_child=2 5 3 8 23 6 -2 18 27 11 -6 16 -4 29 -10 17 -5 -15 -8 22 -19 -22 -16 24 25 -3 -26 -1 -13 -7
right_child=1 4 12 9 10 13 7 -9 14 -11 -12 28 -14 15 19 -17 -18 20 -20 -21 21 -23 -24 -25 26 -27 -28 -29 -30 -31
leaf_value=-0.01189350931015583 0.0020434441730360969 0.0085645551261624448 -0.0054779519669763332 -0.026301178340358534 0.011516970258982011 0.0054135737814911909 -0.0039982871211097139 -0.0095578820063424736 0.00046494168559742022 -0.0099422279819490235 0.016638448831075001 -0.0089082417669717352 0.0025009669254756578 0.0011528848895042798 -0.013150444590118431 -0.018806170445421471 -0.020808434286864005 0.019048177642194002 -0.00032577466609847464 -0.0049454114815370223 0.0046596077752287237 -0.0015855265839391027 -0.0024181022386377056 0.0049107671548535735 0.0078282118242298301 0.0017061684004201633 0.0169481857246611 -0.017087206781875249 -0.018575071782062101 0.014729629246553836
leaf_weight=631 1423 1189 531 464 1832 641 950 615 117 157 919 103 348 2580 554 23 870 37 2056 267 1572 291 84 1433 391 538 301 571 524 104
leaf_count=631 1423 1189 531 464 1832 641 950 615 117 157 919 103 348 2580 554 23 870 37 2056 267 1572 291 84 1433 391 538 301 571 524 104
internal_value=-9.46591e-06 0.00416479 -0.0135172 -0.0157842 0.00949422 0.000745602 -0.00147471 -0.00285729 -0.0116979 -0.020075 0.0132279 -0.0208863 -0.00231906 0.00287961 -0.00856604 0.00224521 -0.022719 0.00235329 -0.00148642 -0.00973358 0.00398331 0.00368412 -0.0117374 0.00682776 0.00796338 0.00642801 0.0117951 -0.0143607 -0.0169871 0.00671407
internal_weight=22116 16895 5221 4342 6603 10292 5044 3621 2224 2118 2751 1961 879 5248 1022 4503 1334 4480 3006 905 1900 1863 638 3852 2419 1727 692 1202 627 745
internal_count=22116 16895 5221 4342 6603 10292 5044 3621 2224 2118 2751 1961 879 5248 1022 4503 1334 4480 3006 905 1900 1863 638 3852 2419 1727 692 1202 627 745
is_linear=0
shrinkage=0.05


Tree=19
num_leaves=31
num_cat=0
split_feature=10 10 28 10 17 13 10 33 16 10 9 18 25 10 28 28 25 6 22 0 28 28 6 25 3 9 23 28 3 34
split_gain=450.258 113.981 47.3687 26.2292 23.6254 17.1514 15.1792 8.46159 10.2771 6.77489 6.28327 5.88343 4.91133 4.2563 3.5532 5.58331 3.22879 3.06547 2.93197 2.90709 2.85348 4.78019 7.72138 4.19056 3.35624 2.80767 2.73088 2.59914 2.45602 2.52079
threshold=0.081666666666666679 0.61166666666666669 13.500000000000002 0.84166666666666679 -0.14166666666666664 0.37166666666666676 -0.56166666666666665 -0.37940952255126059 0.28166666666666673 1.091666666666667 675.71496582031261 0.23218750000000002 0.74833333333333341 0.44166666666666671 18.500000000000004 13.500000000000002 0.71500000000000019 429.12500000000006 0.65371527777777783 13.023749828338625 18.500000000000004 12.500000000000002 9.1250000000000018 0.9816666666666668 98.125000000000014 68.434684753417983 0.48870544971327684 3.5000000000000004 98.125000000000014 1.0000000180025095e-35
decision_type=2 2 2 2 2 2 2 2 2 2 2 2 2 2 2 2 2 2 2 2 2 2 2 2 2 2 2 2 2 2
left_child=2 5 4 20 10 7 -4 -2 28 14 16 19 25 -13 15 -5 -1 -8 -17 -7 21 22 27 -23 -24 -6 -14 -3 29 -9
right_child=1 3 6 9 12 11 17 8 -10 -11 -12 13 26 -15 -16 18 -18 -19 -20 -21 -22 23 24 -25 -26 -27 -28 -29 -30 -31
leaf_value=-0.019482686781802067 0.0033208012784974534 0.0058640154623661941 -0.012951540015415009 0.0093145744251661861 -0.0036374464348630335 0.011444164762416713 0.00072937925297184415 -0.011844694989936892 -0.0011535577865382446 0.015683154891820213 -0.022712568999010599 -0.00039817574293495527 -0.0070355056160737442 0.0025992698561636781 0.008118904988292517 0.012496740810406679 -0.013996838466778414 -0.0049297616951350046 0.019690245693967934 0.0044378911086066621 0.0043666401278924186 0.0070759634992627503 -0.004475773064639481 0.014618339722823184 0.0036825155822185077 -0.014733711890296222 -0.015075061793548287 0.010695057371371287 -0.0040415304983290349 -0.0056988094514803288
leaf_weight=623 619 619 444 696 61 195 538 351 2320 974 929 1829 583 3360 840 291 471 431 276 615 1510 409 194 335 360 871 129 506 419 318
leaf_count=623 619 619 444 696 61 195 538 351 2320 974 929 1829 583 3360 840 291 471 431 276 615 1510 409 194 335 360 871 129 506 419 318
internal_value=-8.99262e-06 0.0038868 -0.0130737 0.0087779 -0.0160708 0.000467027 -0.00529569 -0.00205706 -0.00303385 0.0122357 -0.0196887 0.00216139 -0.0116188 0.00154274 0.010639 0.0123151 -0.0171209 -0.00178774 0.0159983 0.00612459 0.00607266 0.00713584 0.00565749 0.0104721 0.000825642 -0.0140075 -0.00849211 0.00803691 -0.0070433 -0.00892333
internal_weight=22116 17036 5080 7010 3667 10026 1413 4027 3408 3077 2023 5999 1644 5189 2103 1263 1094 969 567 810 3933 2423 1679 744 554 932 712 1125 1088 669
internal_count=22116 17036 5080 7010 3667 10026 1413 4027 3408 3077 2023 5999 1644 5189 2103 1263 1094 969 567 810 3933 2423 1679 744 554 932 712 1125 1088 669
is_linear=0
shrinkage=0.05


Tree=20
num_leaves=31
num_cat=0
split_feature=10 10 6 28 28 10 9 13 2 6 6 7 20 28 10 23 7 25 28 28 28 6 25 28 34 10 24 19 24 24
split_gain=407.181 84.1361 69.0849 24.9248 20.4051 17.243 10.81 9.22916 6.49714 6.10501 6.04155 5.48869 5.33172 4.73765 3.7725 3.55833 3.51623 4.41808 4.39567 3.02495 3.20527 7.23036 5.11549 3.40454 2.96018 2.96668 2.95795 2.95907 3.54198 2.80038
threshold=0.29166666666666669 0.76166666666666683 432.75000000000006 11.500000000000002 13.500000000000002 0.54833333333333345 675.71496582031261 1.0783333333333336 1009.3521728515626 600.12500000000011 235.12500000000003 116.12500000000001 -0.0083333333333333315 12.500000000000002 -0.43166666666666659 0.38358409565352874 2.8750000000000004 0.87333333333333341 11.500000000000002 19.500000000000004 12.500000000000002 14.125000000000002 1.0116666666666669 4.5000000000000009 -0.5 1.3183333333333336 -0.74166666666666659 0.28261047495565123 -0.64833333333333321 -0.35166666666666663
decision_type=2 2 2 2 2 2 2 2 2 2 2 2 2 2 2 2 2 2 2 2 2 2 2 2 2 2 2 2 2 2
left_child=2 5 3 11 6 12 8 -3 29 -6 -5 -1 13 15 -12 -2 17 -14 -18 20 21 23 -22 -7 -9 -26 -10 -28 -29 -4
right_child=1 7 4 10 9 19 -8 24 26 -11 14 -13 16 -15 -16 -17 18 -19 -20 -21 22 -23 -24 -25 25 -27 27 28 -30 -31
leaf_value=-0.0061591078478615193 -0.0007447939269089451 0.0092332908199493462 -0.010708382195059213 0.0063582231392453996 -0.0056986188004884758 0.0046364729426999329 -0.021340148321887003 0.020414342172947283 -0.018052244268791172 -0.014775474599759931 -0.0099510746732862157 -0.011591360223904341 -0.00023570931270484771 0.0054209998260916839 -0.00056394789755973126 -0.025421521626412868 -0.0036989974617743452 0.0034065051275990153 0.0051639653674463966 0.0027423866717133333 0.0056105202008707973 -0.00050826667909834456 0.013409704104848076 0.0099786721970840236 0.011868715683596015 0.018890117638811627 -0.016139958967822929 0.0046902079790925207 -0.01678525541210547 0.0058966916800407623
leaf_weight=969 48 3032 426 304 595 1116 1041 185 908 269 121 894 3406 770 927 21 987 1102 163 1589 835 577 281 407 670 194 129 48 32 27
leaf_count=969 48 3032 426 304 595 1116 1041 185 908 269 121 894 3406 770 927 21 987 1102 163 1589 835 577 281 407 670 194 129 48 32 27
internal_value=-2.30172e-07 0.0044782 -0.0102979 -0.00501549 -0.0151852 0.00225619 -0.0173892 0.0106319 -0.0147695 -0.00852463 0.000152397 -0.00876589 0.000576655 0.00429627 -0.00164777 -0.0082551 2.50899e-05 0.000654646 -0.00244277 0.00452714 0.00540898 0.00425826 0.00757429 0.0060641 0.0146743 0.0134453 -0.0168178 -0.0114548 -0.00389998 -0.00971868
internal_weight=22073 15383 6690 3215 3475 11302 2611 4081 1570 864 1352 1863 6497 839 1048 69 5658 4508 1150 4805 3216 2100 1116 1523 1049 864 1117 209 80 453
internal_count=22073 15383 6690 3215 3475 11302 2611 4081 1570 864 1352 1863 6497 839 1048 69 5658 4508 1150 4805 3216 2100 1116 1523 1049 864 1117 209 80 453
is_linear=0
shrinkage=0.05


Tree=21
num_leaves=31
num_cat=0
split_feature=10 10 6 28 28 10 22 10 33 2 10 10 7 0 9 26 25 28 8 24 6 32 33 33 19 36 7 28 19 0
split_gain=367.481 75.9328 62.391 22.6819 17.6863 15.5618 10.1092 8.61783 7.28293 6.81245 5.98509 5.449 5.24655 4.13972 4.05419 3.63713 3.37701 3.05102 3.03176 3.04511 2.8633 2.81124 3.19602 2.85388 2.76726 2.74919 2.58565 2.52335 2.51737 2.35393
threshold=0.29166666666666669 0.76166666666666683 439.87500000000006 11.500000000000002 13.500000000000002 0.54833333333333345 0.084184027777777795 1.0783333333333336 -0.60355339059327362 1009.1392517089845 -0.084999999999999978 -0.66833333333333322 116.12500000000001 12.598749637603762 4.0753304958343515 0.023333333333333307 0.87333333333333341 12.500000000000002 159.37500000000003 -0.7649999999999999 235.12500000000003 1.5000000000000002 -0.60355339059327362 0.91597561503675362 0.2702049119512106 1.0000000180025095e-35 231.25000000000003 12.500000000000002 0.28261047495565123 15.023749828338625
decision_type=2 2 2 2 2 2 2 2 2 2 2 2 2 2 2 2 2 2 2 2 2 2 2 2 2 2 2 2 2 2
left_child=2 5 3 12 6 8 -4 15 13 25 -5 -6 -1 -2 16 -3 -10 26 -11 24 -12 22 -7 -24 29 27 -16 -8 -21 -20
right_child=1 7 4 10 11 21 9 -9 14 18 20 -13 -14 -15 17 -17 -18 -19 19 28 -22 -23 23 -25 -26 -27 -28 -29 -30 -31
leaf_value=-0.0058484312347013429 0.012667313882643902 0.0076141381882372577 -0.020570199497656389 -0.0043293101922910774 -0.013547215892446585 0.016374413849553095 -0.014472906685291454 0.013971784045728781 -0.00013921265805044787 -0.019462289348410065 0.0067726918574550045 -0.0051470825735289846 -0.011095835782833047 0.0032975032568790387 -0.0027893055338523709 0.011420657546043636 0.0031291224975602814 0.0037354013705395862 -0.0046486777677917143 -0.013623817504279087 0.00058032370270964632 0.0034860202920067775 0.0044371791795565644 0.0099582794193036357 -0.020758518669874285 -0.0037130795943831358 -0.016024048466198638 -0.004644431150906409 -0.0013588257054224203 -0.015519016909431077
leaf_weight=970 141 2128 986 511 304 72 238 1063 3073 448 269 529 936 719 1280 890 1064 182 65 98 610 3305 1133 295 194 156 38 90 73 213
leaf_count=970 141 2128 986 511 304 72 238 1063 3073 448 269 529 936 719 1280 890 1064 182 65 98 610 3305 1133 295 194 156 38 90 73 213
internal_value=-2.18673e-07 0.00425429 -0.00978305 -0.00488322 -0.0145414 0.00214338 -0.0165999 0.0101003 0.000547822 -0.0141143 -2.62057e-05 -0.00821268 -0.00842533 0.00483372 -0.000106049 0.00873667 0.000701374 -0.00233292 -0.0163046 -0.0141045 0.00247537 0.00430078 0.00609598 0.00557774 -0.0161756 -0.00917725 -0.00317088 -0.0117761 -0.00838789 -0.0129774
internal_weight=22073 15383 6690 3296 3394 11302 2561 4081 6497 1575 1390 833 1906 860 5637 3018 4137 1500 1091 643 879 4805 1500 1428 472 484 1318 328 171 278
internal_count=22073 15383 6690 3296 3394 11302 2561 4081 6497 1575 1390 833 1906 860 5637 3018 4137 1500 1091 643 879 4805 1500 1428 472 484 1318 328 171 278
is_linear=0
shrinkage=0.05


Tree=22
num_leaves=31
num_cat=0
split_feature=10 10 6 33 33 10 22 10 33 2 6 10 7 0 9 27 25 6 33 32 33 33 24 8 24 19 2 34 33 5
split_gain=331.652 68.5554 56.336 20.3115 16.618 14.8454 9.23057 7.19054 6.57284 6.16183 5.25558 5.13231 4.46609 3.7361 3.65891 3.53086 3.04775 2.94196 2.75354 2.72653 2.76017 2.80102 2.68344 2.61143 3.13592 2.87011 2.72068 2.59818 3.8185 2.42002
threshold=0.29166666666666669 0.77833333333333343 432.75000000000006 0.25881904510252091 -0.25881904510252113 0.54833333333333345 0.084184027777777795 1.0783333333333336 -0.60355339059327362 1009.2394409179689 595.12500000000011 -0.19499999999999998 189.12500000000003 12.598749637603762 4.0753304958343515 0.0066666666666665439 0.87333333333333341 235.12500000000003 1.0000000180025095e-35 1.5000000000000002 -0.60355339059327362 0.91597561503675362 -0.35166666666666663 159.37500000000003 -0.7649999999999999 0.2702049119512106 1011.8343200683595 -0.5 -0.5 232.11289978027347
decision_type=2 2 2 2 2 2 2 2 2 2 2 2 2 2 2 2 2 2 2 2 2 2 2 2 2 2 2 2 2 2
left_child=2 5 3 11 10 8 -6 15 13 22 -4 -1 -5 -2 16 -3 -10 -13 -16 20 -7 -22 29 -11 25 -25 -26 28 -17 -8
right_child=1 7 4 12 6 19 9 -9 14 23 -12 17 -14 -15 18 27 -18 -19 -20 -21 21 -23 -24 24 26 -27 -28 -29 -30 -31
leaf_value=-0.0054829248033433364 0.012033948156362811 0.0068968476979898823 -0.004974808454445024 -0.0064852427027938253 -0.019472613279711941 0.014842155478020877 -0.0066845520685594219 0.013273194885040833 -0.00013225202969066653 -0.018421883818584388 -0.013283948941604035 0.0061260057816273023 -0.012117857259358112 0.0031326280928421937 0.0035486313020285983 0.016837620231847986 0.0029726663794536179 0.00018308570283033022 -0.0030123396504281568 0.003343828106477844 0.0042711775330732367 0.0095670582725489069 0.005959076933354011 -0.012336552819576522 0.0054264023550786083 -0.020190713549420466 -0.010681409726706174 0.0085608097727530846 0.0079972856796171141 -0.013870344415650241
leaf_weight=312 141 1597 581 1392 999 81 279 1063 3073 444 283 288 471 719 182 298 1064 752 1318 3382 1204 315 29 284 32 197 145 739 207 202
leaf_count=312 141 1597 581 1392 999 81 279 1063 3073 444 283 288 471 719 182 298 1064 752 1318 3382 1204 315 29 284 32 197 145 739 207 202
internal_value=-2.07725e-07 0.00404158 -0.00929389 -0.00452369 -0.0137072 0.00209499 -0.0156962 0.00976515 0.000520431 -0.0133558 -0.00769644 0.000141492 -0.00790927 0.00459203 -0.000100746 0.00845257 0.000666306 0.00182882 -0.00221628 0.00414837 0.00584896 0.0053694 -0.00881174 -0.0154588 -0.0134594 -0.0155533 -0.00776926 0.0104497 0.013214 -0.00970229
internal_weight=22073 15383 6690 3215 3475 11479 2611 3904 6497 1612 864 1352 1863 860 5637 2841 4137 1040 1500 4982 1600 1519 510 1102 658 481 177 1244 505 481
internal_count=22073 15383 6690 3215 3475 11479 2611 3904 6497 1612 864 1352 1863 860 5637 2841 4137 1040 1500 4982 1600 1519 510 1102 658 481 177 1244 505 481
is_linear=0
shrinkage=0.05


Tree=23
num_leaves=31
num_cat=0
split_feature=10 10 28 10 7 10 33 7 28 34 28 10 21 22 4 22 33 25 6 25 22 2 28 10 2 28 25 0 32 21
split_gain=299.414 80.8462 28.7262 17.7459 16.3013 13.8461 10.8796 6.4669 5.94869 5.39623 7.70982 4.24718 4.20811 3.79014 3.76942 3.43995 3.14499 4.64904 3.76653 3.35328 3.11277 3.06178 2.79056 2.60616 2.78281 2.48251 2.41943 2.27847 2.18955 3.03575
threshold=0.038333333333333337 0.61166666666666669 14.500000000000002 0.83833333333333349 396.62500000000006 0.36833333333333335 -0.37940952255126059 83.875000000000014 12.500000000000002 0.1294095225512602 13.500000000000002 -0.84833333333333327 0.4883333333333334 0.86949652777777786 37.809156417846687 0.24206597222222223 -0.60355339059327362 0.91500000000000015 54.125000000000007 0.87333333333333341 0.36088541666666679 1004.6378479003907 11.500000000000002 -0.30166666666666664 1013.3402099609376 11.500000000000002 1.301666666666667 18.098750114440922 1.5000000000000002 0.84833333333333349
decision_type=2 2 2 2 2 2 2 2 2 2 2 2 2 2 2 2 2 2 2 2 2 2 2 2 2 2 2 2 2 2
left_child=2 5 4 28 8 6 20 26 23 10 -5 -6 -10 -12 -9 -4 17 -7 19 -18 -2 -13 27 24 -1 -23 -8 -20 29 -3
right_child=1 3 15 9 11 16 7 14 12 -11 13 21 -14 -15 -16 -17 18 -19 22 -21 -22 25 -24 -25 -26 -27 -28 -29 -30 -31
leaf_value=-0.010409363164384049 0.0016594638625028512 0.0087449128288932428 -0.0038495540882445313 0.0075712515441367844 -0.019903750251353519 0.0028132289014813892 -0.0022771085865627089 -0.0079305347691486401 -0.0074084737436654951 0.007538860773026697 0.012396046967621137 -0.0050806195542323768 0.0041865799529601806 0.018692515107125222 0.013061416013674302 0.0047527552778262021 0.00043091386726449926 0.012654380344919806 -0.0027598429124132046 0.0033043766869233593 0.0096319583381932142 -0.017283726221106289 0.0024837031639907583 -0.0098080737622034658 -0.016875327068991371 -0.012524425939423465 0.012256618447858712 -0.014078696686192417 0.0038877008369996298 0.0044237497060803333
leaf_weight=314 569 719 640 694 568 1321 2276 765 467 1308 816 78 94 338 22 142 2276 132 603 1833 156 665 266 1007 354 466 29 48 2172 935
leaf_count=314 569 719 640 694 568 1321 2276 765 467 1308 816 78 94 338 22 142 2276 132 603 1833 156 665 266 1007 354 466 29 48 2172 935
internal_value=-1.97347e-07 0.00306757 -0.0110544 0.00722091 -0.0127628 0.000251077 -0.00213779 -0.00343039 -0.00992189 0.00999636 0.0117358 -0.0163375 -0.00546563 0.0142402 -0.00734372 -0.0022875 0.00165844 0.00370726 0.00106613 0.00171275 0.00337492 -0.014662 -0.0018313 -0.0114144 -0.0138359 -0.0153228 -0.00209425 -0.00359441 0.00493149 0.00630218
internal_weight=22073 17278 4795 6982 4013 10296 3817 3092 2236 3156 1848 1777 561 1154 787 782 6479 1453 5026 4109 725 1209 917 1675 668 1131 2305 651 3826 1654
internal_count=22073 17278 4795 6982 4013 10296 3817 3092 2236 3156 1848 1777 561 1154 787 782 6479 1453 5026 4109 725 1209 917 1675 668 1131 2305 651 3826 1654
is_linear=0
shrinkage=0.05


Tree=24
num_leaves=31
num_cat=0
split_feature=6 10 28 9 10 17 33 2 13 6 7 34 4 4 36 0 2 32 8 0 1 22 4 34 22 32 28 6 22 9
split_gain=271.548 65.0786 34.7702 16.954 16.0495 11.0528 11.0144 8.29537 8.0038 5.31255 4.8197 4.33589 4.00287 3.77846 5.16672 3.35367 3.17429 3.09282 3.31907 2.89073 3.37104 3.57003 2.8435 2.78503 2.78096 2.71336 3.23048 4.9608 3.54805 2.6636
threshold=275.25000000000006 0.72833333333333339 13.500000000000002 675.71496582031261 0.41833333333333339 -0.4449999999999999 -0.37940952255126059 1009.3521728515626 1.0783333333333336 19.625000000000004 56.125000000000007 0.60355339059327384 29.269655227661136 21.677364349365238 -0.22252093395631442 10.011250019073488 1021.0381774902345 1.5000000000000002 71.125000000000014 10.786249637603762 69.36948394775392 0.4267361111111112 30.650475502014164 -0.70710678118654757 0.34088541666666677 1.5000000000000002 14.500000000000002 26.125000000000004 0.34088541666666677 523.67141723632824
decision_type=2 2 2 2 2 2 2 2 2 2 2 2 2 2 2 2 2 2 2 2 2 2 2 2 2 2 2 2 2 2
left_child=1 4 3 7 6 -4 24 13 23 -8 -9 25 -7 -2 15 -15 19 18 -11 29 -21 -22 -5 -3 -1 -6 27 -27 -28 -12
right_child=2 8 5 22 11 12 9 10 -10 17 16 -13 -14 14 -16 -17 -18 -19 -20 20 21 -23 -24 -25 -26 26 28 -29 -30 -31
leaf_value=0.0029613332981417613 -0.0096768400622049069 0.010337492885842701 -0.0099587591756722191 -0.017832654427289919 0.0063586792379156992 -0.0019704409049788206 -0.00039052465416801566 -0.00048108347823885698 0.012092242974945669 -0.0054708702811014998 0.0020133852738965776 0.0015102618270753767 0.0073140306212008 0.0014191143773496151 0.0017719959339359548 -0.011792761425500509 -0.016998859016541773 -0.0048982602011320743 0.0067630750337793009 -0.015259580531085488 -0.0093330271107792528 -0.02249969971874221 -0.0047179922207020398 0.0065267844303426026 0.010280472368675717 0.0047365926054792184 0.0037569336398580958 -0.0017885052456157323 0.010912561834662814 -0.015005480541902431
leaf_weight=472 410 571 477 1065 886 1085 2162 88 1057 99 71 3632 130 65 256 184 318 1530 126 525 805 55 43 2991 179 536 1385 638 198 34
leaf_count=472 410 571 477 1065 886 1085 2162 88 1057 99 71 3632 130 65 256 184 318 1530 126 525 805 55 43 2991 179 536 1385 638 198 34
internal_value=-1.8748e-07 0.00323755 -0.00949931 -0.0120855 0.00127423 -0.00350912 -0.00104864 -0.0100208 0.00827145 -0.00204956 -0.0119077 0.00273276 -0.000977041 -0.00611093 -0.00321583 -0.00834388 -0.0124639 -0.00409334 0.00138014 -0.011496 -0.0121024 -0.0101751 -0.0173237 0.00713765 0.00497382 0.00395157 0.00317802 0.00119059 0.00465195 -0.00349749
internal_weight=22073 16462 5611 3919 11843 1692 4568 2811 4619 3917 1896 7275 1215 915 505 249 1808 1755 225 1490 1385 860 1108 3562 651 3643 2757 1174 1583 105
internal_count=22073 16462 5611 3919 11843 1692 4568 2811 4619 3917 1896 7275 1215 915 505 249 1808 1755 225 1490 1385 860 1108 3562 651 3643 2757 1174 1583 105
is_linear=0
shrinkage=0.05


Tree=25
num_leaves=31
num_cat=0
split_feature=6 10 28 10 10 33 10 10 9 16 32 2 27 22 29 36 2 34 28 3 7 3 7 19 0 34 10 2 13 8
split_gain=242.041 58.2142 32.0069 16.05 14.5981 9.9841 9.47714 7.20283 5.29634 4.91085 4.67106 4.12589 4.06181 3.83548 3.65942 3.57364 3.51957 3.50235 7.48381 3.02488 2.99966 2.93247 2.86031 2.82307 2.34367 2.28696 2.27355 2.23082 2.21554 2.19595
threshold=275.25000000000006 0.7316666666666668 13.500000000000002 -0.30166666666666664 0.4316666666666667 -0.60355339059327362 -0.66833333333333322 1.0783333333333336 695.24539184570324 0.25166666666666676 1.5000000000000002 1009.0439453125001 0.050000000000000017 0.34088541666666677 1.0000000180025095e-35 -0.22252093395631442 1020.0164794921876 -0.5 13.500000000000002 85.625000000000014 407.12500000000006 31.875000000000004 56.125000000000007 0.37754540293379674 9.6112494468688983 -0.5 1.3183333333333336 1002.3757934570314 0.4316666666666667 117.12500000000001
decision_type=2 2 2 2 2 2 2 2 2 2 2 2 2 2 2 2 2 2 2 2 2 2 2 2 2 2 2 2 2 2
left_child=1 4 3 8 5 13 -4 17 16 10 -7 15 -6 -1 -13 28 19 18 21 -2 27 -3 -16 24 -21 -9 -27 -8 -5 -17
right_child=2 7 6 11 12 9 20 25 -10 -11 -12 14 -14 -15 22 29 -18 -19 -20 23 -22 -23 -24 -25 -26 26 -28 -29 -30 -31
leaf_value=0.0034850295759799202 -0.013450035091945657 -0.013055856632334845 -0.011106739420692917 -0.01158038204761791 0.0020961956922365926 0.0028219159240079287 0.0065412393796723343 0.017443609830569213 -0.01743296786827225 -0.00062651889417803821 -0.0058667470837370558 -0.016915403968519777 0.0050244676290418996 0.014019249382035243 0.0020085196841197711 -0.010247699103395765 -0.017740824890133514 0.005855201674052752 0.014206166782158532 0.0062875093244340111 -0.007579081236914433 0.0060378640176732244 -0.0092732359827714973 0.0051455590962054768 -0.010114842704227536 0.0092859742349236628 0.015325028987601401 -0.0012521320891999686 -0.00042431230101276911 0.00019980545988672492
leaf_weight=449 609 21 314 203 5386 185 100 142 839 3326 944 152 1518 107 60 60 247 2546 437 23 177 474 883 37 410 706 200 1123 57 311
leaf_count=449 609 21 314 203 5386 185 100 142 839 3326 944 152 1518 107 60 60 247 2546 437 23 177 474 883 37 410 706 200 1123 57 311
internal_value=2.37768e-05 0.00308273 -0.00894898 -0.0114567 0.00124903 -0.000805252 -0.00325615 0.0079101 -0.014324 -0.00159371 -0.00444301 -0.00786015 0.00274004 0.0055123 -0.00971589 -0.00463982 -0.0123568 0.00681518 0.00943763 -0.0111243 -0.00149537 0.00522783 -0.00855541 -0.00811082 -0.00924359 0.0115438 0.0106191 -0.000614898 -0.00913463 -0.00148982
internal_weight=22046 16441 5605 3891 11915 5011 1714 4526 2165 4455 1129 1726 6904 556 1095 631 1326 3478 932 1079 1400 495 943 470 433 1048 906 1223 260 371
internal_count=22046 16441 5605 3891 11915 5011 1714 4526 2165 4455 1129 1726 6904 556 1095 631 1326 3478 932 1079 1400 495 943 470 433 1048 906 1223 260 371
is_linear=0
shrinkage=0.05


Tree=26
num_leaves=31
num_cat=0
split_feature=6 10 28 7 10 33 10 10 28 28 6 27 8 24 21 25 5 2 3 27 32 8 34 28 21 32 14 3 22 33
split_gain=218.442 52.5383 29.1093 16.692 13.1982 9.53526 6.60709 5.89727 5.37986 4.72151 4.69505 4.0611 3.87181 3.17647 3.14492 3.13277 2.98772 2.82555 2.6949 2.6614 2.49507 2.92953 2.44129 5.48895 2.34086 2.52789 2.30352 2.23598 2.06913 2.97176
threshold=275.25000000000006 0.7316666666666668 14.500000000000002 272.12500000000006 0.41833333333333339 -0.37940952255126059 1.0083333333333335 -0.90166666666666651 11.500000000000002 12.500000000000002 81.625000000000014 0.050000000000000017 257.62500000000006 -0.94833333333333314 -0.041666666666666664 0.87333333333333341 324.08554077148443 1020.7412719726564 26.875000000000004 0.083333333333333343 1.5000000000000002 71.125000000000014 -0.5 13.500000000000002 0.11833333333333336 3.5000000000000004 -0.14375000000000002 69.625000000000014 0.33569444444444446 -0.60355339059327362
decision_type=2 2 2 2 2 2 2 2 2 2 2 2 2 2 2 2 2 2 2 2 2 2 2 2 2 2 2 2 2 2
left_child=1 4 3 8 5 15 22 -5 16 17 -7 -6 -10 -14 -4 -1 -2 18 -9 -8 21 -12 23 27 -20 -26 -15 -3 -13 -30
right_child=2 6 14 7 11 10 19 9 12 -11 20 28 13 26 -16 -17 -18 -19 24 -21 -22 -23 -24 -25 25 -27 -28 -29 29 -31
leaf_value=0.0025522503675235965 -0.0091039854950329523 -0.0069356319249460584 -0.004148762398793685 -0.017871948361282915 0.0018811808961918938 -0.0006212978128277098 0.0088527685865222045 -0.015541803884604112 0.00056273241724462105 -0.0079573761631305407 -0.0059695055362923698 0.0031033287973140731 0.0014529564669866065 -0.015445896370812562 0.0012193327028698062 0.010363945839939831 0.0034054635521024467 -0.018176158153133476 -0.014777046861201102 0.013449747225225923 -0.0052111421531915387 0.0060746295963737956 0.0053112230310451113 0.01296834115480994 -0.0086020953821779201 -0.020132239843152613 -0.0041910868831653179 0.0057804774208779774 0.012080785602267774 0.004780407829127589
leaf_weight=474 1052 38 499 458 5814 2553 1065 431 368 627 90 862 73 111 602 176 50 231 275 447 1124 115 2221 372 700 51 77 383 191 516
leaf_count=474 1052 38 499 458 5814 2553 1065 431 368 627 90 862 73 111 602 176 50 231 275 447 1124 115 2221 372 700 51 77 383 191 516
internal_value=2.25879e-05 0.0029286 -0.00850154 -0.0102831 0.00118657 -0.000937412 0.00751459 -0.012688 -0.00643049 -0.0116624 -0.00187588 0.00249037 -0.00274095 -0.00739901 -0.00121362 0.00466742 -0.00853641 -0.0130386 -0.012224 0.0102118 -0.00428593 0.000786961 0.00616152 0.00854299 -0.0108303 -0.0093851 -0.0108362 0.00463271 0.00474773 0.00675265
internal_weight=22046 16441 5605 4504 11915 4532 4526 2773 1731 2315 3882 7383 629 261 1101 650 1102 1688 1457 1512 1329 205 3014 793 1026 751 188 421 1569 707
internal_count=22046 16441 5605 4504 11915 4532 4526 2773 1731 2315 3882 7383 629 261 1101 650 1102 1688 1457 1512 1329 205 3014 793 1026 751 188 421 1569 707
is_linear=0
shrinkage=0.05


Tree=27
num_leaves=31
num_cat=0
split_feature=6 10 28 10 10 33 10 25 3 4 28 28 34 28 4 6 25 0 17 5 25 1 14 2 6 25 1 25 8 5
split_gain=197.196 49.607 23.8298 14.0857 13.0282 8.31575 9.16597 5.95848 5.67935 5.24628 4.19697 4.19047 4.05234 5.50424 3.67438 3.5504 3.16058 2.98317 2.90042 2.69144 2.5703 2.56788 2.35139 2.08624 2.05676 2.04391 2.0204 2.04548 2.01573 1.86901
threshold=291.25000000000006 0.60166666666666679 14.500000000000002 -0.43166666666666659 0.84166666666666679 -0.60355339059327362 0.32166666666666671 0.88166666666666671 44.125000000000007 39.012725830078132 12.500000000000002 12.500000000000002 0.1294095225512602 13.500000000000002 29.044748306274418 591.12500000000011 1.3083333333333336 11.117499828338625 -0.60833333333333328 324.08554077148443 1.2183333333333335 69.933559417724624 0.25291666666666679 1020.8865051269532 0.62500000000000011 1.3916666666666668 65.338756561279311 0.70166666666666677 201.12500000000003 37.295604705810554
decision_type=2 2 2 2 2 2 2 2 2 2 2 2 2 2 2 2 2 2 2 2 2 2 2 2 2 2 2 2 2 2
left_child=1 5 3 10 25 7 20 -1 28 11 18 19 13 24 -4 26 -15 -8 29 -10 22 -21 -7 -20 -6 -3 -12 -28 -5 -2
right_child=2 4 14 8 12 6 17 -9 9 -11 15 -13 -14 16 -16 -17 -18 -19 23 21 -22 -23 -24 -25 -26 -27 27 -29 -30 -31
leaf_value=0.0023465727366299895 -0.0029551760249194644 0.0035048621259574485 -0.0022312614919480461 -0.010806916992699794 0.012015359265744452 -0.0062102714722018183 0.0019283816354798895 0.011231671968643516 -0.0081145904494049469 0.011960049355175438 -0.0097064709487872641 -0.0016303293046374353 0.0061005938139654077 0.0094192637704163442 0.0098850022287302608 -0.012425840814620644 0.014695677947246103 -0.00036045412402113723 -0.011781759063608252 -0.0095484238628369689 0.0016500583064949347 0.010955630192482795 -0.0024422515714259269 -0.018655539418086987 0.0049711813898256699 0.0065589134874660671 -0.011490606778700438 0.0024835149549359745 -0.023382100638221295 -0.018199883784725868
leaf_weight=1542 21 3457 947 508 127 718 2474 215 1174 41 130 390 1254 597 67 471 541 3353 765 26 225 37 978 129 563 651 35 104 34 472
leaf_count=1542 21 3457 947 508 127 718 2474 215 1174 41 130 390 1254 597 67 471 541 3353 765 26 225 37 978 129 563 651 35 104 34 472
internal_value=2.14585e-05 0.00269865 -0.00833131 -0.00994469 0.00583236 0.000328165 -0.0003761 0.00343382 -0.00714923 -0.00570437 -0.0128492 -0.00614951 0.0082896 0.00979124 -0.00143068 -0.00980851 0.0119276 0.000611329 -0.0144715 -0.00757432 -0.00337128 0.00249364 -0.00403744 -0.0127736 0.00626772 0.00398884 -0.00522575 -0.00103515 -0.0115958 -0.0175505
internal_weight=22046 16695 5351 4337 7190 9505 7748 1757 2210 1668 2127 1627 3082 1828 1014 740 1138 5827 1387 1237 1921 63 1696 894 690 4108 269 139 542 493
internal_count=22046 16695 5351 4337 7190 9505 7748 1757 2210 1668 2127 1627 3082 1828 1014 740 1138 5827 1387 1237 1921 63 1696 894 690 4108 269 139 542 493
is_linear=0
shrinkage=0.05


Tree=28
num_leaves=31
num_cat=0
split_feature=6 13 28 7 10 10 28 33 27 4 10 4 36 10 21 28 13 7 16 32 9 9 34 10 2 34 6 21 28 28
split_gain=178.152 43.3981 23.6749 13.9489 11.1795 7.07127 6.10532 4.6093 4.48216 3.80698 3.74036 3.44629 4.30757 3.27953 3.2085 2.81423 2.55572 2.89383 2.44314 2.94987 2.41867 2.29404 2.25421 2.30088 2.18412 2.11531 2.08823 2.23331 3.26411 1.99226
threshold=275.25000000000006 0.68166666666666675 14.500000000000002 396.62500000000006 0.36833333333333335 1.0116666666666669 12.500000000000002 -0.5 0.049999999999999885 29.044748306274418 0.57166666666666677 23.24157810211182 -0.22252093395631442 -0.90166666666666651 0.45166666666666672 11.500000000000002 0.56166666666666687 80.125000000000014 0.25166666666666676 1.5000000000000002 280.61528015136724 523.67141723632824 -0.5 1.2783333333333335 1010.6900939941407 -0.70710678118654757 439.87500000000006 0.72166666666666679 11.500000000000002 14.500000000000002
decision_type=2 2 2 2 2 2 2 2 2 2 2 2 2 2 2 2 2 2 2 2 2 2 2 2 2 2 2 2 2 2
left_child=1 4 3 6 7 8 11 -1 21 -4 -6 26 16 -5 -8 -15 17 -13 19 -9 -14 25 29 -24 -17 -3 27 -2 -29 -7
right_child=2 5 9 13 10 22 14 18 -10 -11 -12 12 20 15 -16 24 -18 -19 -20 -21 -22 -23 23 -25 -26 -27 -28 28 -30 -31
leaf_value=0.0037383025970948365 -0.0071620211780748649 0.0079891110183591893 -0.0019000063603677607 -0.016522064948319589 0.00098923642890546312 0.0072096799633332674 -0.0049534668945084319 0.0035230188984078942 0.0077689423864972327 0.0097694292388235543 0.0031891790129136388 0.0028394639910402477 0.0061650013370860013 -0.013543200785865642 0.0028859892152519476 -0.0050519889308946282 0.0021858330497274265 -0.01329645334546547 -0.0012095889122435621 -0.0052200905058679484 -0.0039289519170912484 -0.006303165514075843 0.0072801902522836972 0.012430639727644518 -0.011258610202481492 0.0037417862207520143 -0.011760395981241066 -0.02270541037517515 -0.00060609989062262082 0.016988202853139883
leaf_weight=353 766 338 1026 428 4815 77 497 108 1218 75 3227 32 93 757 177 224 42 211 1778 904 164 52 917 284 386 2209 648 55 24 161
leaf_count=353 766 338 1026 428 4815 77 497 108 1218 75 3227 32 93 757 177 224 42 211 1778 904 164 52 917 284 386 2209 648 55 24 161
internal_value=2.03856e-05 0.00264475 -0.0076776 -0.00928425 0.000883786 0.00639216 -0.00701924 -0.00164477 0.00526611 -0.00110509 0.001872 -0.0083853 -0.00497027 -0.0127026 -0.00289474 -0.0115067 -0.0092031 -0.0111716 -0.00232585 -0.00428703 -0.000276276 0.00409317 0.00937907 0.00849812 -0.00897946 0.00430543 -0.00962504 -0.00798752 -0.0159917 0.0138246
internal_weight=22046 16441 5605 4504 11185 5256 2709 3143 3817 1101 8042 2035 542 1795 674 1367 285 243 2790 1012 257 2599 1439 1201 610 2547 1493 845 79 238
internal_count=22046 16441 5605 4504 11185 5256 2709 3143 3817 1101 8042 2035 542 1795 674 1367 285 243 2790 1012 257 2599 1439 1201 610 2547 1493 845 79 238
is_linear=0
shrinkage=0.05


Tree=29
num_leaves=31
num_cat=0
split_feature=10 10 28 10 10 13 10 33 20 25 34 28 18 6 15 22 6 19 3 2 0 25 32 6 3 25 3 33 6 28
split_gain=161.353 44.5482 15.7122 11.052 8.10561 6.94968 5.51595 3.79417 4.79817 3.48746 3.3993 4.67518 3.28049 3.19313 2.80256 2.64879 2.36957 2.39971 2.17064 2.13257 2.10535 2.08289 1.91527 1.82612 1.82228 1.81924 1.81036 1.78201 2.00498 2.14424
threshold=0.038333333333333337 0.60166666666666679 13.500000000000002 0.84166666666666679 -0.5183333333333332 0.37833333333333335 -0.66833333333333322 0.25881904510252091 0.19500000000000003 0.74833333333333341 0.1294095225512602 13.500000000000002 0.2486458333333334 278.12500000000006 0.11680943537720684 0.86362847222222228 432.75000000000006 0.36322510460452978 72.625000000000014 1013.3402099609376 12.598749637603762 0.87333333333333341 2.5000000000000004 0.62500000000000011 98.875000000000014 1.3916666666666668 13.875000000000002 -0.60355339059327362 21.125000000000004 11.500000000000002
decision_type=2 2 2 2 2 2 2 2 2 2 2 2 2 2 2 2 2 2 2 2 2 2 2 2 2 2 2 2 2 2
left_child=2 5 4 25 14 7 -4 16 -9 -6 11 23 22 21 -1 -13 -2 -18 -11 24 -8 -14 -7 -5 -16 -3 -25 -23 -29 -30
right_child=1 3 6 10 9 12 20 8 -10 18 -12 15 13 -15 19 -17 17 -19 -20 -21 -22 27 -24 26 -26 -27 -28 28 29 -31
leaf_value=-0.014322490498350599 0.0013052599698971583 0.0031196513996869179 -0.0092931863703267434 0.011063543247337652 -0.0094145822181945019 0.0069524787304346544 0.0040331427523939796 -0.0059071530104542608 -0.001248215709118955 -0.0083854263260395891 0.0055129540062693197 0.0092581670935170859 -3.2821571200763825e-06 -0.0092263187506144775 -0.0088446145498892303 0.01448748541173971 -0.0022344627330931738 -0.019146515918826615 -0.0027825677105233881 -0.01296230598669562 -0.0026139027833112331 0.012048581336751921 0.0021298330099599402 -0.0077400646108234748 0.0011414457536635123 0.0059973840743953151 0.0050866783125854808 0.0027358317244790941 -0.0027478080378310955 0.0053758206889492266
leaf_weight=938 1308 3512 314 127 1172 349 138 749 2108 286 1254 791 2727 79 248 349 94 27 437 297 871 44 502 29 56 651 535 1579 371 104
leaf_count=938 1308 3512 314 127 1172 349 138 749 2108 286 1254 791 2727 79 248 349 94 27 437 297 871 44 502 29 56 651 535 1579 371 104
internal_value=1.93663e-05 0.00226312 -0.00813541 0.00525043 -0.00991903 0.000106764 -0.00350582 -0.0014175 -0.00246962 -0.00772987 0.0075185 0.00889204 0.00124195 0.000744665 -0.0126146 0.0108591 0.000685993 -0.00600823 -0.00499891 -0.009949 -0.00170479 0.00090792 0.00410763 0.00564686 -0.00700508 0.00356966 0.00442715 0.00209231 0.00187903 -0.000969161
internal_weight=22046 17289 4757 7248 3434 10041 1323 4286 2857 1895 3085 1831 5755 4904 1539 1140 1429 121 723 601 1009 4825 851 691 304 4163 564 2098 2054 475
internal_count=22046 17289 4757 7248 3434 10041 1323 4286 2857 1895 3085 1831 5755 4904 1539 1140 1429 121 723 601 1009 4825 851 691 304 4163 564 2098 2054 475
is_linear=0
shrinkage=0.05


Tree=30
num_leaves=31
num_cat=0
split_feature=10 10 10 28 13 7 28 10 10 0 24 33 15 3 0 4 34 28 27 22 33 20 28 2 3 24 5 32 2 1
split_gain=150.041 31.0485 27.1875 15.5601 6.53519 5.49278 5.2281 3.96777 3.79297 3.69935 3.26353 2.88729 3.53386 3.36484 2.5797 3.44153 2.48495 5.99175 2.41067 2.28 2.17554 2.07894 2.0603 1.99267 1.69542 1.54942 1.50932 1.4705 1.4677 2.79178
threshold=0.29166666666666669 0.77166666666666683 -0.43166666666666659 12.500000000000002 0.56833333333333347 116.12500000000001 11.500000000000002 1.1950000000000003 -0.92499999999999993 12.861249446868898 -0.58166666666666655 -0.78656609248549303 0.077241204643282158 99.625000000000014 15.692499637603762 39.012725830078132 -0.5 14.500000000000002 0.030000000000000044 0.53555555555555567 -0.60355339059327362 -0.84499999999999986 14.500000000000002 1010.9732055664064 69.625000000000014 -0.98166666666666658 282.06051635742193 1.5000000000000002 1012.2464599609376 74.174610137939467
decision_type=2 2 2 2 2 2 2 2 2 2 2 2 2 2 2 2 2 2 2 2 2 2 2 2 2 2 2 2 2 2
left_child=2 4 6 5 10 27 21 16 -8 -5 11 -2 -13 -14 15 25 17 24 -6 -19 -12 -1 28 -10 -3 -7 -23 -4 -11 -30
right_child=1 7 3 9 18 14 8 -9 23 22 20 12 13 -15 -16 -17 -18 19 -20 -21 -22 26 -24 -25 -26 -27 -28 -29 29 -31
leaf_value=-0.017080648979517044 0.0030880620100010438 -0.0033834280951976266 0.0047499224658908877 0.0049205081483649589 0.0021318152437493662 0.0004145260520918106 -0.013896391440085698 0.010484017425362891 -0.0043544870439291119 -0.0015771072725093559 0.0074021431687877936 -0.00022092024430096617 -0.011265709645063808 -0.00058515924654100975 -0.0096045212813580163 0.014765984839759766 0.0050768122072340103 0.0037486871650336279 0.0046984244540822419 0.014605398734500136 0.0016968532001554893 -0.01273011302651424 0.00022819999360319208 -0.0087931953819211216 0.0056859040470883049 -0.0070343616215995334 -0.0053162779803040093 -0.003719603823716373 -0.012411249063157846 0.0030913311196491123
leaf_weight=270 608 58 54 324 2879 78 273 548 376 201 185 4469 146 149 951 20 2467 57 1341 319 1726 633 844 772 462 665 77 1006 106 40
leaf_count=270 608 58 54 324 2879 78 273 548 376 201 185 4469 146 149 951 20 2467 57 1341 319 1726 633 844 772 462 665 77 1006 106 40
internal_value=-2.36408e-05 0.00269026 -0.00627657 -0.00389173 0.00138177 -0.00611735 -0.0105367 0.00653878 -0.00859912 0.000183437 0.000474589 -0.000156689 -0.000570797 -0.00587113 -0.00786703 -0.00570144 0.00589591 0.00815117 0.00294741 0.0129596 0.00224917 -0.0133462 -0.00110524 -0.0073394 0.00467432 -0.00625238 -0.0119261 -0.00328814 -0.00434852 -0.00816397
internal_weight=22104 15414 6690 4289 11503 2774 2401 3911 1421 1515 7283 5372 4764 295 1714 763 3363 896 4220 376 1911 980 1191 1148 520 743 710 1060 347 146
internal_count=22104 15414 6690 4289 11503 2774 2401 3911 1421 1515 7283 5372 4764 295 1714 763 3363 896 4220 376 1911 980 1191 1148 520 743 710 1060 347 146
is_linear=0
shrinkage=0.05


Tree=31
num_leaves=31
num_cat=0
split_feature=10 10 28 13 6 33 6 17 22 32 25 9 9 28 27 22 25 3 5 3 33 1 4 29 4 23 5 24 19 7
split_gain=135.66 37.2959 11.6171 8.75319 7.72249 7.48747 9.88932 5.75057 5.70616 5.56478 3.28017 2.95456 2.71868 2.6038 2.58666 2.47005 2.30747 2.29594 2.01787 1.96991 1.94346 1.84521 1.78499 1.68367 1.65929 1.90169 1.81096 1.80488 1.6943 1.62451
threshold=-0.0083333333333333315 0.61166666666666669 12.500000000000002 0.91833333333333345 595.12500000000011 -0.60355339059327362 23.875000000000004 -0.60833333333333328 0.34088541666666677 1.5000000000000002 0.87333333333333341 328.41641235351568 318.60993957519537 10.500000000000002 0.11000000000000004 0.84945312500000014 1.1416666666666668 52.875000000000007 135.02393341064456 73.625000000000014 0.78656609248549325 65.571605682373061 17.714307785034183 2.5000000000000004 22.360746383666996 0.43514211942965331 211.48566436767581 -0.30999999999999994 0.25994497280885581 543.75000000000011
decision_type=2 2 2 2 2 2 2 2 2 2 2 2 2 2 2 2 2 2 2 2 2 2 2 2 2 2 2 2 2 2
left_child=2 5 7 15 21 8 10 -1 -2 13 -7 16 19 17 -5 -3 22 -8 -14 -9 -12 -4 -11 -19 -20 26 -26 29 -27 -28
right_child=1 3 4 14 -6 6 9 12 -10 11 20 -13 18 -15 -16 -17 -18 23 24 -21 -22 -23 -24 -25 25 28 27 -29 -30 -31
leaf_value=-0.014703143082745375 0.001721817047587776 0.003066363708897834 -0.0045349589746060031 0.0063914149612272174 -0.0094052807740746536 -0.00013145461282639998 -0.012131199002900023 -0.01498236533564826 0.0092986206546383631 -0.003738619506511671 0.0012898319675589305 -0.0061701611462097192 -0.012416859301194849 0.0052282017715522874 0.010292248017337035 0.005988950492653522 -0.011036898695875879 -0.0037563767512134895 -0.0099023328950051948 -0.0042913720192279308 0.0047369532698316374 -0.00062407118024995095 -0.0007252085761565788 0.011671472616892841 0.0019490124014041881 -0.0067613897285246777 -0.014317855255481286 0.00089864746357003851 0.0034387360347576351 -0.0012381184114409346
leaf_weight=500 1852 3909 554 1590 583 3483 47 48 287 971 1165 776 484 292 580 887 77 48 824 421 630 662 995 28 34 84 156 30 79 28
leaf_count=500 1852 3909 554 1590 583 3483 47 48 287 971 1165 776 484 292 580 887 77 48 824 421 630 662 995 28 34 84 156 30 79 28
internal_value=-2.24587e-05 0.00195438 -0.00778399 0.00479909 -0.00467414 9.38769e-05 -0.00057068 -0.00986533 0.00273843 -0.0027479 0.000763372 -0.00354369 -0.00875979 0.00265774 0.00743403 0.00360688 -0.00254607 -0.00344448 -0.0096804 -0.00538555 0.00249969 -0.00240584 -0.00221352 0.00192757 -0.00860797 -0.00601295 -0.00877027 -0.0104733 -0.00181777 -0.0123275
internal_weight=22104 17617 4487 6966 1799 10651 8512 2688 2139 3234 5278 2819 2188 415 2170 4796 2043 123 1719 469 1795 1216 1966 76 1235 411 248 214 163 184
internal_count=22104 17617 4487 6966 1799 10651 8512 2688 2139 3234 5278 2819 2188 415 2170 4796 2043 123 1719 469 1795 1216 1966 76 1235 411 248 214 163 184
is_linear=0
shrinkage=0.05


Tree=32
num_leaves=31
num_cat=0
split_feature=6 13 28 17 6 13 17 33 28 32 33 7 25 2 2 3 26 5 25 4 9 28 6 0 27 0 22 22 0 0
split_gain=122.475 32.4158 10.6315 8.9003 7.19769 5.53674 5.09022 4.22276 3.8086 3.59142 3.52777 4.00839 3.9332 3.46752 3.152 3.04946 2.66527 2.36292 2.29938 2.08277 2.04736 2.01449 1.99518 2.39842 1.92647 1.81162 1.78246 1.79474 2.10851 1.73216
threshold=357.87500000000006 0.68166666666666675 12.500000000000002 0.36833333333333335 595.12500000000011 0.9883333333333334 -0.4449999999999999 0.25881904510252091 5.5000000000000009 1.5000000000000002 -0.78656609248549303 18.125000000000004 1.1383333333333334 1021.1639404296876 1011.889129638672 46.125000000000007 0.013333333333333532 324.08554077148443 0.88166666666666671 20.859775543212894 305.31846618652349 10.500000000000002 436.37500000000006 22.286250114440922 0.11000000000000004 10.367499828338625 0.44168402777777788 0.29359375000000004 17.036250114440922 12.598749637603762
decision_type=2 2 2 2 2 2 2 2 2 2 2 2 2 2 2 2 2 2 2 2 2 2 2 2 2 2 2 2 2 2
left_child=1 3 6 7 14 16 -2 -1 -9 -5 18 25 21 15 -4 -8 20 19 -11 22 -3 -13 26 -24 -7 -12 27 -17 -29 -16
right_child=2 5 4 9 -6 24 13 8 -10 10 11 12 -14 -15 29 17 -18 -19 -20 -21 -22 -23 23 -25 -26 -27 -28 28 -30 -31
leaf_value=0.00092675863536057553 -0.012766112147566198 0.0034873420746751346 0.00046704006981631072 0.0034782716770422593 -0.0089366940627590673 0.006376449364031935 -0.010321651373797524 -0.0011795353360069753 -0.0054019920711268349 0.0023202172784185424 0.0019788258640614869 -0.00342729478467479 -0.013290879298611322 -0.014543518069670996 0.0035418350458681839 -0.0053908667665046569 0.0060288057571684017 0.0054105303105380807 0.0091699477101184444 -0.0032901511108062013 -0.0022404650931349751 0.0026222333864068556 -0.011050725874038492 -0.0011246737033705895 0.01007536146352357 5.274978225258502e-05 -0.01363143334630877 -0.0032896455403949535 0.015118702988339856 -0.005445583294213267
leaf_weight=934 786 2371 574 1480 595 1195 558 1175 979 1430 1902 529 84 182 59 130 1131 45 134 383 167 186 426 71 499 3409 40 35 28 587
leaf_count=934 786 2371 574 1480 595 1195 558 1175 979 1430 1902 529 84 182 59 130 1131 45 134 383 167 186 426 71 499 3409 40 35 28 587
internal_value=-2.13358e-05 0.00186014 -0.00738373 0.000440077 -0.00442801 0.00510169 -0.00938248 -0.00188112 -0.00309866 0.00122311 0.00078818 0.000245796 -0.00305599 -0.00798124 -0.00222911 -0.00728525 0.00401006 -0.00582211 0.00290709 -0.00627626 0.00311045 -0.00185357 -0.00784294 -0.00963272 0.00746603 0.000742525 -0.00402525 -0.00203433 0.00489184 -0.00462475
internal_weight=22104 17605 4499 12242 1815 5363 2684 3088 2154 9154 7674 6110 799 1898 1220 1716 3669 1158 1564 1113 2538 715 730 497 1694 5311 233 193 63 646
internal_count=22104 17605 4499 12242 1815 5363 2684 3088 2154 9154 7674 6110 799 1898 1220 1716 3669 1158 1564 1113 2538 715 730 497 1694 5311 233 193 63 646
is_linear=0
shrinkage=0.05


Tree=33
num_leaves=31
num_cat=0
split_feature=10 13 28 10 10 10 33 28 26 24 7 33 24 33 9 28 28 3 9 6 22 28 10 3 17 2 25 1 35 5
split_gain=111.019 30.6384 9.85798 9.59827 5.66868 4.90038 4.09951 3.26673 3.12378 2.79545 2.71107 2.47123 2.08817 2.0657 2.08859 2.97841 1.96197 2.13915 1.94657 1.86097 1.84463 1.78592 1.67968 1.65129 1.63265 1.61347 2.29677 1.59554 1.5452 1.49454
threshold=-0.0083333333333333315 0.68166666666666675 14.500000000000002 0.36833333333333335 -0.6449999999999998 1.0116666666666669 -0.5 12.500000000000002 0.013333333333333532 -0.58166666666666655 56.125000000000007 -0.91597561503675329 -0.3216666666666666 -0.60355339059327362 64.648456573486342 11.500000000000002 11.500000000000002 26.125000000000004 318.60993957519537 419.62500000000006 0.15519097222222225 16.500000000000004 1.3516666666666668 73.625000000000014 -0.39499999999999996 1010.4376220703126 0.63833333333333353 83.938945770263686 0.6078576107927941 252.81326293945315
decision_type=2 2 2 2 2 2 2 2 2 2 2 2 2 2 2 2 2 2 2 2 2 2 2 2 2 2 2 2 2 2
left_child=2 3 4 6 16 8 -2 18 -3 11 -8 -5 -12 21 -15 28 24 -18 23 -13 -4 -11 -7 -6 -1 26 -19 -14 -16 -25
right_child=1 5 20 9 7 22 10 -9 -10 13 12 19 27 14 15 -17 17 25 -20 -21 -22 -23 -24 29 -26 -27 -28 -29 -30 -31
leaf_value=-0.014206537861422317 0.0023079605176720345 0.0030197824293441491 -0.0033328697616887 0.0032694118236096825 -0.013758838814165859 0.0068176022140994845 -0.001239065436484423 -0.0032230888325620885 0.0060508409649645692 0.009295842283485959 -0.0051261955821141295 0.00029896600127276852 0.0021177459200771411 0.0025731306231014718 -0.0017773934226148057 0.0047962186614227461 -0.012497739364271367 0.01016659761985971 -0.0085080257923112797 -0.009307713083028064 0.0021906738034026189 0.0027308475749637739 0.012177422852678733 -0.0015415285759363951 -0.0070804985071418391 -0.0090572245325583802 -0.0057161879055161874 -0.011625087016727776 -0.010084143004051464 -0.0081621322302147751
leaf_weight=447 565 2587 483 763 45 1281 2173 558 1266 195 1004 4372 176 2398 164 127 298 27 1392 51 220 221 165 268 98 381 145 24 85 125
leaf_count=447 565 2587 483 763 45 1281 2173 558 1266 195 1004 4372 176 2398 164 127 298 27 1392 51 220 221 165 268 98 381 145 24 85 125
internal_value=-2.0269e-05 0.00176805 -0.00704161 0.000400432 -0.00805177 0.00494719 -0.00163406 -0.00657211 0.00401571 0.00135793 -0.00229359 0.000641525 -0.00419683 0.00252259 0.00202986 -0.00143491 -0.0105829 -0.00908282 -0.00759329 0.000188195 -0.00160431 0.00580819 0.0074292 -0.00468617 -0.0129252 -0.00724259 -0.00322296 0.000468606 -0.00461303 -0.00364732
internal_weight=22104 17617 4487 12318 3784 5299 3942 2388 3853 8376 3377 5186 1204 3190 2774 376 1396 851 1830 4423 703 416 1446 438 545 553 172 200 249 393
internal_count=22104 17617 4487 12318 3784 5299 3942 2388 3853 8376 3377 5186 1204 3190 2774 376 1396 851 1830 4423 703 416 1446 438 545 553 172 200 249 393
is_linear=0
shrinkage=0.05


Tree=34
num_leaves=31
num_cat=0
split_feature=6 13 28 17 6 27 13 22 2 27 27 35 5 21 2 6 33 6 27 8 34 32 8 3 8 28 4 21 0 24
split_gain=100.206 26.3745 8.71501 7.24971 6.01831 4.75833 4.63171 4.33055 2.75917 2.47036 2.19508 2.08962 4.38927 3.88079 3.6348 2.08195 1.90018 2.5132 1.85438 1.69027 2.05066 1.63171 1.62822 1.6228 1.9407 1.58335 1.44723 1.40148 1.65834 2.70877
threshold=357.87500000000006 0.68166666666666675 12.500000000000002 0.4883333333333334 595.12500000000011 -0.053333333333333337 0.9816666666666668 0.10961805555555558 1011.889129638672 -0.039999999999999945 0.020000000000000077 0.6078576107927941 225.97600555419925 0.59166666666666679 1017.0351562500001 481.87500000000006 0.37940952255126054 184.12500000000003 0.16000000000000011 99.125000000000014 -0.5 1.5000000000000002 312.75000000000006 97.375000000000014 240.62500000000003 13.500000000000002 20.959088325500492 0.70166666666666677 9.9424996376037615 -0.65499999999999992
decision_type=2 2 2 2 2 2 2 2 2 2 2 2 2 2 2 2 2 2 2 2 2 2 2 2 2 2 2 2 2 2
left_child=1 3 7 5 8 16 10 15 -4 -5 -3 27 14 26 -13 -2 -1 -18 -8 20 25 -11 23 24 -10 -12 -14 28 -9 -30
right_child=2 6 4 9 -6 -7 18 11 22 21 19 12 13 -15 -16 -17 17 -19 -20 -21 -22 -23 -24 -25 -26 -27 -28 -29 29 -31
leaf_value=-9.2727869007777543e-05 -0.006950442723177401 0.0026520188105913249 0.00053058653886962155 0.00039327901783426771 -0.0081254483656879491 -5.2522449971926828e-05 0.005884371180453745 -0.0021633183238814581 -0.0044952108912154672 0.0042839366767447049 0.0029710178460243724 0.0082558944489296883 -0.015201464052342829 0.0032731981379523255 -0.0074273385288267353 -0.011910594618379032 -0.0019566144302529073 -0.00674755878468481 0.0098894378000837276 0.00065728974328665751 0.004661042039609169 0.0018237640658187674 -0.015228966000722722 0.00056253017921488826 -0.020064339449717888 0.011530609910306315 -0.0064436893334940959 -0.015218662433173569 -0.007029232748665265 -0.014713591833047017
leaf_weight=340 276 2295 574 2573 595 4513 1374 131 427 884 71 105 106 60 57 906 543 552 366 177 854 2837 32 166 21 226 85 61 762 135
leaf_count=340 276 2295 574 2573 595 4513 1374 131 427 884 71 105 106 60 57 906 543 552 366 177 854 2837 32 166 21 226 85 61 762 135
internal_value=-1.92556e-05 0.00168259 -0.00667874 0.000401672 -0.00400267 -0.000849976 0.00460652 -0.00848839 -0.00199196 0.00158451 0.00358822 -0.00670673 -0.00367837 -0.00781943 0.00273772 -0.0107524 -0.00335792 -0.00437178 0.00672682 0.00520612 0.00590564 0.00240823 -0.00423336 -0.0036603 -0.00522501 0.00948438 -0.011304 -0.00785523 -0.00741829 -0.00818574
internal_weight=22104 17605 4499 12242 1815 5948 5363 2684 1220 6294 3623 1502 413 251 162 1182 1435 1095 1740 1328 1151 3721 646 614 448 297 191 1089 1028 897
internal_count=22104 17605 4499 12242 1815 5948 5363 2684 1220 6294 3623 1502 413 251 162 1182 1435 1095 1740 1328 1151 3721 646 614 448 297 191 1089 1028 897
is_linear=0
shrinkage=0.05


Tree=35
num_leaves=31
num_cat=0
split_feature=6 10 10 10 28 28 28 7 27 28 28 28 0 22 22 9 3 5 28 9 4 25 5 0 8 3 0 18 0 20
split_gain=92.2825 23.6082 10.1496 7.23284 6.86012 4.26824 3.71004 3.14933 2.78685 2.7402 4.3728 2.7272 2.55747 2.33461 2.20718 2.20097 2.18488 1.99472 1.96123 1.72274 1.72191 1.69794 1.66014 1.55912 1.55113 1.52329 1.72425 1.37767 1.36354 1.3314
threshold=303.62500000000006 0.79166666666666685 -0.41166666666666657 0.4316666666666667 12.500000000000002 12.500000000000002 5.5000000000000009 579.75000000000011 0.006666666666666661 18.500000000000004 13.500000000000002 11.500000000000002 15.367499828338625 0.86362847222222228 0.52685763888888892 16.817340850830082 27.625000000000004 53.753158569335945 14.500000000000002 158.590934753418 17.573939323425297 0.72833333333333339 135.02393341064456 13.023749828338625 321.12500000000006 96.375000000000014 19.017500877380375 0.2486458333333334 13.023749828338625 -0.84499999999999986
decision_type=2 2 2 2 2 2 2 2 2 2 2 2 2 2 2 2 2 2 2 2 2 2 2 2 2 2 2 2 2 2
left_child=1 3 7 5 16 6 -1 11 -5 10 15 22 -6 -12 27 -3 -4 -18 -16 -7 -8 -19 -2 -21 -14 26 -22 -10 -27 -24
right_child=2 9 4 8 12 19 20 -9 14 -11 13 -13 24 -15 18 -17 17 21 -20 23 25 -23 29 -25 -26 28 -28 -29 -30 -31
leaf_value=-0.00030187980093854087 -0.012693089349107501 0.0056484562495254624 -0.0098647041957063437 0.0010870871108374619 0.0025433770180899626 0.00017477020692904409 -0.0052927297191310658 -0.011735012043664218 0.0038214707627020881 0.0036164354243439969 0.0070235832802318576 -0.0056859883041423878 -0.0020404633435639921 0.011787606032755093 0.0041190515477392475 0.00073461663164817821 -0.013371146388774142 -0.0065440202533356296 0.01086718903026805 0.0076346428981802703 -0.0031769468959274628 -0.0028455650104139288 -0.014017745273115188 0.0021576886157538811 -0.015231155385465725 0.0043508972233968039 -0.017621798421764239 0.0009368811406063294 -0.0019685272376540456 -0.0069481876738389306
leaf_weight=2753 265 679 275 5022 392 630 671 483 659 1411 882 1175 719 363 864 343 67 566 123 192 339 687 77 402 23 142 22 1113 214 493
leaf_count=2753 265 679 275 5022 392 630 671 483 659 1411 882 1175 719 363 864 343 67 566 123 192 339 687 77 402 23 142 22 1113 214 493
internal_value=3.04211e-06 0.00180531 -0.00580341 0.000814599 -0.00369655 -0.00059781 -0.00136455 -0.00810972 0.00178846 0.00534632 0.00642302 -0.00723857 -0.000723462 0.00841261 0.0030651 0.00399929 -0.00581033 -0.00496567 0.00496 0.0019962 -0.00347228 -0.00451622 -0.00942334 0.00392802 -0.00244934 -0.00176862 -0.00405724 0.00200965 0.000552142 -0.0079032
internal_weight=22046 16824 5222 13146 2729 5365 4141 2493 7781 3678 2267 2010 1134 1245 2759 1022 1595 1320 987 1224 1388 1253 835 594 742 717 361 1772 356 570
internal_count=22046 16824 5222 13146 2729 5365 4141 2493 7781 3678 2267 2010 1134 1245 2759 1022 1595 1320 987 1224 1388 1253 835 594 742 717 361 1772 356 570
is_linear=0
shrinkage=0.05


Tree=36
num_leaves=31
num_cat=0
split_feature=6 10 28 3 25 33 4 33 28 3 7 9 28 33 11 4 28 28 24 0 3 19 19 22 9 5 6 5 25 25
split_gain=83.5678 19.5663 12.4671 7.84065 6.68225 5.95462 5.53109 4.62909 4.22373 3.2646 2.97352 2.78754 4.24592 2.88099 2.72292 2.59008 2.51372 3.80678 2.41662 2.57509 2.3701 2.33097 2.2346 2.10607 2.06943 2.04742 2.10155 1.98534 1.64771 1.617
threshold=252.25000000000003 0.80083333333333351 14.500000000000002 27.125000000000004 0.88166666666666671 -0.60355339059327362 23.131214141845707 -0.78656609248549303 17.500000000000004 98.125000000000014 30.125000000000004 62.628368377685554 11.500000000000002 0.91597561503675362 0.29166666666666669 26.859568595886234 18.500000000000004 13.500000000000002 -0.7649999999999999 19.948751449584964 18.125000000000004 0.36322510460452978 0.26290960103254341 0.83984375000000011 16.817340850830082 289.70129394531256 381.12500000000006 153.73529815673831 0.64166666666666672 0.74833333333333341
decision_type=2 2 2 2 2 2 2 2 2 2 2 2 2 2 2 2 2 2 2 2 2 2 2 2 2 2 2 2 2 2
left_child=1 4 3 -2 7 8 9 -1 -6 18 -9 13 20 -7 27 -4 17 24 22 25 -13 29 28 -19 -3 -20 -27 -8 -5 -11
right_child=2 16 15 6 5 11 14 10 -10 21 -12 12 -14 -15 -16 -17 -18 23 19 -21 -22 -23 -24 -25 -26 26 -28 -29 -30 -31
leaf_value=0.002161000423795923 -0.01002890552982885 0.0055399998695287635 -0.0012751960588052785 -0.01031914312217206 0.010869148944855226 0.001610856042490384 -0.011622371529437492 -0.00029638350052759208 0.0018897058136778278 -0.0066445208924016154 -0.0038710520614521266 -0.010180090622325402 0.0049756896038793312 0.0050386502629478696 0.0031009846684864899 0.0061125429344985552 0.0034909505017845809 0.0066871445070204125 -0.00709936401473589 0.0088834494775669147 -0.0017579567824699495 0.0051654866065031719 -0.011676961938709403 0.011199466619664868 0.00062327229707247222 -0.0066735220249169143 0.013242821188436615 -0.0026856621463886479 -0.0054122057999032632 -0.0024859738159742199
leaf_weight=1862 1040 623 1035 271 328 2991 67 4963 218 518 659 103 213 771 200 134 1380 838 337 33 442 63 456 374 326 26 27 858 464 426
leaf_count=1862 1040 623 1035 271 328 2991 67 4963 218 518 659 103 213 771 200 134 1380 838 337 33 442 63 456 374 326 26 27 858 464 426
internal_value=2.89001e-06 0.00187561 -0.0050574 -0.00618806 0.00094948 0.00235179 -0.00512173 2.41604e-07 0.00728395 -0.00638046 -0.000715399 0.001756 -0.00101022 0.00231336 -0.00218916 -0.000428355 0.00515802 0.0062226 -0.00777431 -0.00452787 -0.00334966 -0.00414644 -0.00892733 0.00807956 0.00385101 -0.00566267 0.00347254 -0.00333297 -0.00722143 -0.00476789
internal_weight=22046 16091 5955 4786 12550 5066 3746 7484 546 2621 5622 4520 758 3762 1125 1169 3541 2161 1614 423 545 1007 1191 1212 949 390 53 925 735 944
internal_count=22046 16091 5955 4786 12550 5066 3746 7484 546 2621 5622 4520 758 3762 1125 1169 3541 2161 1614 423 545 1007 1191 1212 949 390 53 925 735 944
is_linear=0
shrinkage=0.05


Tree=37
num_leaves=31
num_cat=0
split_feature=6 10 10 33 13 33 9 22 2 5 32 0 33 34 33 10 22 8 6 8 22 25 2 1 1 33 33 2 15 5
split_gain=75.4812 19.3548 8.63502 7.81817 5.06009 3.8397 4.4965 4.08575 2.7254 3.10117 2.45699 2.44456 2.21779 2.0144 3.1009 1.94372 1.86542 1.86514 1.73519 1.71656 2.33899 2.02571 1.67012 2.40626 1.63192 1.59862 1.4953 1.62939 1.5939 1.38353
threshold=303.62500000000006 0.61166666666666669 -0.66833333333333322 1.0000000180025095e-35 0.90833333333333344 -0.60355339059327362 1.7863818407058718 0.34088541666666677 1021.1639404296876 324.08554077148443 1.5000000000000002 12.598749637603762 0.78656609248549325 -0.5 -0.5 1.301666666666667 0.84945312500000014 61.375000000000007 436.37500000000006 226.12500000000003 0.44168402777777788 0.74833333333333341 1011.889129638672 73.558403015136733 74.470249176025405 1.0000000180025095e-35 0.25881904510252091 1010.4376220703126 0.053541261347561452 248.82739257812503
decision_type=2 2 2 2 2 2 2 2 2 2 2 2 2 2 2 2 2 2 2 2 2 2 2 2 2 2 2 2 2 2
left_child=1 5 26 11 16 7 12 -1 9 18 17 -4 -7 14 -6 -15 -3 25 19 -5 21 -21 24 -24 -13 -8 27 28 -2 -26
right_child=2 4 3 8 13 6 10 -9 -10 -11 -12 22 -14 15 -16 -17 -18 -19 -20 20 -22 -23 23 -25 29 -27 -28 -29 -30 -31
leaf_value=0.0013332334459734772 -0.0091866200673393905 0.002231076868111147 0.0028562825454670968 -0.0053282487106635825 0.011623521629022436 0.00013250676519579972 0.0055231876349460113 0.0082260355815246163 -0.01101933951334407 0.0048716143627340596 -0.0024345801266991689 0.00097945826015582321 0.0028189678108540609 0.0041342326686359737 0.0037453098913489309 0.0090283833014277309 0.0047806543271215534 0.0035086757832708915 -0.0068777725176923975 -0.0036610670695081354 -0.010758750188368851 0.0072568168114638849 -0.0051574359866852944 0.0031627192738347266 -0.011375779448585078 -0.0072224254400751909 -0.01072251955160989 -0.0085400168753811765 -0.00012196967118768064 -0.00056226692149721205
leaf_weight=1659 77 3789 287 529 300 4070 34 247 234 72 2499 481 947 1525 214 234 885 332 1193 75 41 98 587 102 55 89 522 674 131 64
leaf_count=1659 77 3789 287 529 300 4070 34 247 234 72 2499 481 947 1525 214 234 885 332 1193 75 41 98 587 102 55 89 522 674 131 64
internal_value=2.74551e-06 0.00163271 -0.0052486 -0.00401564 0.00365486 0.000210427 -0.000271644 0.00222648 -0.00591263 -0.00531753 -0.00181928 -0.001317 0.000639598 0.00558992 0.00834349 0.0047853 0.00271383 0.00156016 -0.00569646 -0.00379968 -2.1125e-05 0.00252363 -0.0022462 -0.00392571 -0.000317556 -0.00369925 -0.00860148 -0.00734617 -0.00347763 -0.00556011
internal_weight=22046 16824 5222 3818 6947 9877 7971 1906 2242 2008 2954 1576 5017 2273 514 1759 4674 455 1936 743 214 173 1289 689 600 123 1404 882 208 119
internal_count=22046 16824 5222 3818 6947 9877 7971 1906 2242 2008 2954 1576 5017 2273 514 1759 4674 455 1936 743 214 173 1289 689 600 123 1404 882 208 119
is_linear=0
shrinkage=0.05


Tree=38
num_leaves=31
num_cat=0
split_feature=6 25 28 33 28 3 4 33 9 28 33 3 11 3 9 4 19 23 19 25 7 25 1 3 5 8 36 8 14 20
split_gain=68.393 16.2026 10.8654 9.91973 8.9207 6.77973 4.97126 3.92145 3.51419 3.99157 2.89094 2.81607 2.51401 2.47443 2.38728 2.28412 2.03992 1.97238 2.16637 1.92095 1.9206 1.83525 1.76195 2.44851 1.67575 1.58052 1.52495 1.50155 1.4228 1.38229
threshold=246.37500000000003 0.88166666666666671 14.500000000000002 -0.60355339059327362 17.500000000000004 27.125000000000004 23.131214141845707 -0.91597561503675329 62.628368377685554 11.500000000000002 0.91597561503675362 98.125000000000014 0.29166666666666669 15.125000000000002 7.5375514030456552 26.859568595886234 0.36322510460452978 0.36489919563875178 0.23130802521601931 0.64166666666666672 30.125000000000004 1.4083333333333334 74.629028320312514 55.125000000000007 153.73529815673831 159.37500000000003 1.0000000180025095e-35 272.12500000000006 1.2470833333333335 -0.58499999999999985
decision_type=2 2 2 2 2 2 2 2 2 2 2 2 2 2 2 2 2 2 2 2 2 2 2 2 2 2 2 2 2 2
left_child=1 7 5 4 -3 -2 11 -1 10 13 21 17 24 -10 -12 -4 -13 22 19 25 -9 -5 23 -7 -8 -19 -18 -20 -6 -22
right_child=2 3 15 8 28 6 12 20 9 -11 14 16 -14 -15 -16 -17 26 18 27 -21 29 -23 -24 -25 -26 -27 -28 -29 -30 -31
leaf_value=0.002543201461670629 -0.0091004396385648174 0.0093401386855489679 -0.0010499054421904748 0.0014071522012471833 0.0027731168630184145 -0.0091306667675131147 -0.010431938738928285 -0.00018369629518262128 -0.0093296002381696146 0.0049169139126869835 0.0059962395738626046 -0.004286367129518482 0.0031336866232007294 -0.0013444084118585213 -0.00065636876923235842 0.0057456887887591228 -0.0013095170222712975 -0.0061318922234699135 -0.0092142233698639265 -0.0036891130880040719 0.0044037626852514227 0.0041309220747218949 -0.0079601998698190287 0.0033751441495573653 -0.0023343963456811732 -0.015131988094071859 0.014590842753648759 -0.019071222639574514 0.0066778749202459301 -0.0036620957006877754
leaf_weight=1282 1063 1043 1059 3077 1374 56 69 5532 117 229 858 964 209 568 160 140 38 125 670 399 58 774 131 130 863 80 25 41 281 631
leaf_count=1282 1063 1043 1059 3077 1374 56 69 5532 117 229 858 964 209 568 160 140 38 125 670 399 58 774 131 130 863 80 25 41 281 631
internal_value=2.60823e-06 0.00171766 -0.00451955 0.00321497 0.0057185 -0.00557065 -0.00458323 2.51649e-05 0.00204698 -0.000797827 0.002581 -0.0057679 -0.00182248 -0.0027083 0.00495064 -0.000256425 -0.0037167 -0.00705869 -0.00791213 -0.00571027 -0.000493742 0.00195459 -0.00351841 -0.000390046 -0.00293389 -0.00964412 0.00500015 -0.00978263 0.0034361 -0.00298311
internal_weight=22046 15984 6062 8481 2698 4863 3800 7503 5783 914 4869 2659 1141 685 1018 1199 1027 1632 1315 604 6221 3851 317 186 932 205 63 711 1655 689
internal_count=22046 15984 6062 8481 2698 4863 3800 7503 5783 914 4869 2659 1141 685 1018 1199 1027 1632 1315 604 6221 3851 317 186 932 205 63 711 1655 689
is_linear=0
shrinkage=0.05


Tree=39
num_leaves=31
num_cat=0
split_feature=6 10 10 28 27 14 32 2 5 0 4 33 7 28 28 28 19 28 3 0 3 2 1 1 6 4 22 9 22 25
split_gain=61.7662 15.9982 7.2109 6.54673 4.97839 3.41941 2.88008 2.43234 2.72049 2.18655 2.59 2.17891 2.23932 2.20395 1.95946 2.76704 1.90005 1.73881 1.66534 1.64562 1.49178 1.4885 2.16763 1.44455 1.39226 1.42868 1.37309 1.35102 1.34379 1.54731
threshold=303.62500000000006 0.80083333333333351 -0.66833333333333322 12.500000000000002 1.0000000180025095e-35 0.34958333333333352 2.5000000000000004 1021.1639404296876 324.08554077148443 12.598749637603762 16.497401237487797 -0.60355339059327362 0.37500000000000006 16.500000000000004 18.500000000000004 12.500000000000002 0.062506110153788291 12.500000000000002 22.125000000000004 2.5487499237060551 86.625000000000014 1011.8343200683595 73.558403015136733 74.470249176025405 439.87500000000006 20.959088325500492 0.010789930555555556 472.90176391601568 0.44168402777777788 1.0583333333333336
decision_type=2 2 2 2 2 2 2 2 2 2 2 2 2 2 2 2 2 2 2 2 2 2 2 2 2 2 2 2 2 2
left_child=1 4 26 7 5 -1 11 8 18 10 -5 13 -13 -6 15 16 -3 -14 -4 -17 -10 23 -23 -11 28 -26 -2 -7 29 -20
right_child=2 14 3 9 6 27 -8 -9 20 21 -12 12 17 -15 -16 19 -18 -19 24 -21 -22 22 -24 -25 25 -27 -28 -29 -30 -31
leaf_value=-0.0017677319819595337 -0.010114835504851896 0.0075415794545756519 -0.0086084875843430459 -0.0059828575202622095 0.0086093574491615272 0.00061925579889712606 0.00053539071841833096 -0.010181419895344979 -0.0035284853840787563 0.0010311534849479472 0.0053653644528166558 0.0037962556791563333 -0.0016100728014074171 0.0031119680964456645 0.0029774044672215669 0.01141483972693772 0.0019959348439906664 0.0037168803354466541 -0.00084507918401215696 0.0061623228774979012 0.011006550236446103 -0.0047679228227039162 0.00312496238073115 -0.0051266700991266997 -0.0072275065496845009 -0.0033648732937321124 -0.0067501905208252324 -0.0062179082358728025 -0.0067975300194138624 -0.015046472543617712
leaf_weight=2051 443 199 295 65 321 7050 1674 234 31 477 222 966 480 422 1380 172 690 225 468 1121 41 591 102 119 603 397 961 73 153 20
leaf_count=2051 443 199 295 65 321 7050 1674 234 31 477 222 966 480 422 1380 172 690 225 468 1121 41 591 102 119 603 397 961 73 153 20
internal_value=2.47782e-06 0.00147694 -0.00474788 -0.00362117 0.000677875 3.11999e-05 0.0021291 -0.00535707 -0.00479487 -0.0011517 0.00279521 0.00323426 0.00223258 0.00548702 0.00445202 0.00538464 0.00323731 9.00186e-05 -0.00514979 0.00686103 0.00474841 -0.0020305 -0.0036062 -0.000198345 -0.00452803 -0.00569404 -0.00781183 0.000549185 -0.00270897 -0.0014271
internal_weight=22046 16824 5222 3818 13262 9174 4088 2242 2008 1576 287 2414 1671 743 3562 2182 889 705 1936 1293 72 1289 693 596 1641 1000 1404 7123 641 488
internal_count=22046 16824 5222 3818 13262 9174 4088 2242 2008 1576 287 2414 1671 743 3562 2182 889 705 1936 1293 72 1289 693 596 1641 1000 1404 7123 641 488
is_linear=0
shrinkage=0.05


Tree=40
num_leaves=31
num_cat=0
split_feature=6 32 28 33 7 33 28 4 7 2 33 28 4 9 28 8 0 28 9 11 34 2 0 25 19 19 2 23 32 2
split_gain=54.9659 13.1505 10.2284 6.74062 5.79039 5.42765 4.19477 2.82931 2.73224 2.48472 2.45056 2.29917 2.14868 2.12247 2.07583 2.98271 1.69324 1.68361 3.24839 1.6733 1.57937 2.94577 1.54407 1.51123 1.43537 1.55904 1.42998 1.38659 1.35766 1.68594
threshold=238.12500000000003 1.5000000000000002 14.500000000000002 -0.78656609248549303 272.12500000000006 -0.60355339059327362 16.500000000000004 23.131214141845707 24.375000000000004 1020.1455383300782 0.91597561503675362 17.500000000000004 29.044748306274418 714.60479736328136 11.500000000000002 312.75000000000006 12.298749446868898 11.500000000000002 80.915683746337905 0.23166666666666672 -0.78656609248549325 1004.4494934082032 8.4112496376037615 0.87333333333333341 0.2030850031109466 0.13245675394050299 999.73117065429699 0.30862595565592171 2.5000000000000004 1004.9324340820314
decision_type=2 2 2 2 2 2 2 2 2 2 2 2 2 2 2 2 2 2 2 2 2 2 2 2 2 2 2 2 2 2
left_child=1 5 4 11 7 6 -1 14 16 13 17 23 28 -6 26 -16 -5 18 -7 -9 21 -18 -20 -3 25 -10 -2 -27 -4 -30
right_child=2 3 12 8 9 10 -8 19 24 -11 -12 -13 -14 -15 15 -17 20 -19 22 -21 -22 -23 -24 -25 -26 27 -28 -29 29 -31
leaf_value=0.010419051542652529 -0.017104716867638325 0.0029320563329899496 0.0017598113853896731 0.0010522942486745092 -0.0047804450514618395 0.0020887528759970871 0.00456295774611789 -0.0023660172768558067 -0.0026121168149444152 -0.0099145720260752357 0.0054274801071513591 0.0018478078601821464 0.0075161435050115494 -0.007959943419986135 -9.8650619184647374e-05 -0.011426487127874993 -0.022543110882609407 0.0037255505242096859 -0.0054260914968978233 0.0028655717202395476 -0.00030740893487331516 -0.00255943733561588 0.0023694905108598949 0.0074173647466319872 0.0050695808587728868 -0.020606415605415471 -0.005223932934436906 -0.0049729432847753574 -0.016109066754579543 -0.0014000583838155211
leaf_weight=428 26 395 417 3207 1568 1528 1071 375 808 446 636 2118 89 789 438 67 22 929 243 258 3763 114 86 358 56 23 978 37 20 751
leaf_count=428 26 395 417 3207 1568 1528 1071 375 808 446 636 2118 89 789 438 67 22 929 243 258 3763 114 86 358 56 23 978 37 20 751
internal_value=1.4948e-05 0.00158064 -0.00396646 0.000612127 -0.00499666 0.00372608 0.00623501 -0.00303943 -0.000131312 -0.00649234 0.00262705 0.00269148 2.28292e-05 -0.00584477 -0.00421638 -0.00160155 0.000201267 0.00198776 0.00111839 -0.000233711 -0.000498719 -0.00579209 -0.00338834 0.00506451 -0.002689 -0.00318956 -0.0055316 -0.0109658 -0.000538539 -0.00178162
internal_weight=22044 15822 6222 10901 4945 4921 1499 2142 8030 2803 3422 2871 1277 2357 1509 505 7106 2786 1857 633 3899 136 329 753 924 868 1004 60 1188 771
internal_count=22044 15822 6222 10901 4945 4921 1499 2142 8030 2803 3422 2871 1277 2357 1509 505 7106 2786 1857 633 3899 136 329 753 924 868 1004 60 1188 771
is_linear=0
shrinkage=0.05


Tree=41
num_leaves=31
num_cat=0
split_feature=6 25 28 28 28 7 0 4 3 11 3 19 3 28 4 19 0 16 24 23 10 9 22 10 29 9 36 9 28 22
split_gain=49.6067 11.9897 9.2311 5.86264 7.73589 6.31781 5.44063 3.25003 2.38822 2.38516 2.35451 2.27444 2.12191 2.01288 1.93919 1.91662 1.83815 1.65244 1.62422 1.65895 1.5848 1.53594 1.52051 1.49722 1.46582 1.33505 1.31834 1.8656 1.64301 1.33466
threshold=238.12500000000003 0.88166666666666671 14.500000000000002 11.500000000000002 17.500000000000004 16.125000000000004 17.517500877380375 26.089751243591312 98.125000000000014 0.058333333333333341 20.125000000000004 0.19143065178370774 18.125000000000004 14.500000000000002 29.044748306274418 0.080996970477806532 12.048749446868898 1.0550000000000002 -0.98166666666666658 0.5289044717548288 0.31833333333333341 33.315525054931648 -0.022517361111111106 0.82166666666666677 1.0000000180025095e-35 172.82395172119143 -0.56174490092936669 531.91213989257824 8.5000000000000018 0.33168402777777783
decision_type=2 2 2 2 2 2 2 2 2 2 2 2 2 2 2 2 2 2 2 2 2 2 2 2 2 2 2 2 2 2
left_child=1 11 6 5 13 15 7 8 24 -9 -8 20 -7 16 -4 23 -5 -6 -10 21 -1 -20 -12 -3 -2 -26 28 29 -27 -28
right_child=2 3 14 4 17 12 10 9 18 -11 22 -13 -14 -15 -16 -17 -18 -19 19 -21 -22 -23 -24 -25 25 26 27 -29 -30 -31
leaf_value=-0.0021176780372898049 -0.0093651521482459484 0.0027932033140658282 -0.00051161164274928297 0.0051241479871670303 0.0015992703227207666 -0.0090190512412114121 -0.0092385446961182303 -0.0027867731241182098 0.0047468833572077915 0.0033051966502196748 -0.0090099408858376976 0.0017537587012242302 -0.001698442193848509 0.0081208018881138936 0.0071403363427890235 0.00082675764743519336 -0.0073865527527466907 0.0044900174251992367 -0.014193610403647958 -0.0099908896166432115 -1.7675492287174705e-05 -0.0012615351247147358 -0.0049331094541157638 0.00737519447482788 -0.013957860759508453 -0.0018423987394198774 -0.0036832427423458868 -0.0055447071664068001 -0.0096115393341658865 0.0026961679727116779
leaf_weight=1107 205 2080 1188 555 1818 123 593 370 82 284 272 1525 507 1049 89 1385 31 679 24 70 4768 530 1437 195 38 100 162 399 213 166
leaf_count=1107 205 2080 1188 555 1818 123 593 370 82 284 272 1525 507 1049 89 1385 31 679 24 70 4768 530 1437 195 38 100 162 399 213 166
internal_value=1.42006e-05 0.00150161 -0.00376814 0.00279179 0.00413597 0.00149712 -0.00474683 -0.00319902 -0.00420442 -0.000141331 -0.00652391 3.32346e-05 -0.0031277 0.00680957 2.16878e-05 0.00229319 0.00446232 0.00238534 -0.00186881 -0.00273818 -0.00041337 -0.00182177 -0.00558197 0.00318595 -0.00548964 -0.00475265 -0.00441631 -0.00324823 -0.00712939 -0.000454639
internal_weight=22044 15822 6222 8422 4132 4290 4945 2643 1989 654 2302 7400 630 1635 1277 3660 586 2497 706 624 5875 554 1709 2275 1283 1078 1040 727 313 328
internal_count=22044 15822 6222 8422 4132 4290 4945 2643 1989 654 2302 7400 630 1635 1277 3660 586 2497 706 624 5875 554 1709 2275 1283 1078 1040 727 313 328
is_linear=0
shrinkage=0.05


Tree=42
num_leaves=31
num_cat=0
split_feature=6 32 28 33 0 33 28 4 9 3 19 3 2 2 9 28 32 22 4 3 2 5 0 25 35 22 2 35 21 12
split_gain=44.77 10.9752 8.33107 5.6336 4.91017 4.41629 3.53772 3.0871 2.33427 2.22923 2.16651 2.12495 2.3103 2.09332 2.113 1.87238 1.77934 1.6241 1.53807 1.64973 1.76729 1.51356 1.47336 1.85609 1.4712 1.98372 1.46049 1.67757 1.43708 1.35148
threshold=238.12500000000003 1.5000000000000002 14.500000000000002 -0.78656609248549303 17.517500877380375 -0.60355339059327362 16.500000000000004 39.012725830078132 43.597093582153327 99.625000000000014 0.060662049577329687 20.125000000000004 1020.7412719726564 1010.4376220703126 232.64605712890628 17.500000000000004 2.5000000000000004 -0.022517361111111106 10.992170333862306 99.125000000000014 1014.3848266601564 90.034282684326186 12.048749446868898 1.0783333333333336 -0.8783796973249266 0.34088541666666677 988.17776489257824 0.6078576107927941 0.43500000000000005 0.23166666666666672
decision_type=2 2 2 2 2 2 2 2 2 2 2 2 2 2 2 2 2 2 2 2 2 2 2 2 2 2 2 2 2 2
left_child=1 5 4 15 7 6 -1 9 22 13 -7 -6 17 -2 -15 -3 -4 -13 19 20 21 -19 -5 29 25 -16 -11 -28 -21 -24
right_child=2 3 16 8 11 10 -8 -9 -10 26 -12 12 -14 14 24 -17 -18 18 -20 28 -22 -23 23 -25 -26 -27 27 -29 -30 -31
leaf_value=0.0094920588541184611 -0.0023242043660106318 0.0045841802022674035 0.0024255866540852369 0.0011010336143058058 -0.0087766174370849763 0.0043600121977471103 0.0041141168382794364 0.0071000788305018566 -0.0020224915461380787 -0.01426606118082418 0.0015896037023647386 -0.0083353133152992333 -0.010964538608791959 -0.013315536666084968 -0.0080889719148534676 0.001681336348606061 -0.001427818136501513 0.0059794686645978975 -0.0048211159747022997 0.0086178172448211736 0.007882124639150721 -0.0087610595064082485 -0.0059962367678321358 -0.015591502166353167 -0.0057540081762089204 0.0055933798452842635 -0.0021161491363578563 0.0033408395195235665 -0.0048411975298742098 -0.00016137516948650302
leaf_weight=428 808 753 480 2876 593 995 1071 73 1364 20 2427 257 163 84 43 2118 797 21 1043 68 27 102 102 20 855 69 494 197 28 3668
leaf_count=428 808 753 480 2876 593 995 1071 73 1364 20 2427 257 163 84 43 2118 797 21 1043 68 27 102 102 20 855 69 494 197 28 3668
internal_value=1.34906e-05 0.00142653 -0.00357973 0.000541738 -0.00450949 0.00338651 0.00564965 -0.00303907 -0.000137917 -0.00332707 0.00239514 -0.00619771 -0.00530287 -0.00423777 -0.00570891 0.00244269 2.06034e-05 -0.00470594 -0.00398232 -0.00042595 -0.00370161 -0.00624438 0.000247705 -0.000399834 -0.00504815 0.000340334 -0.000945926 -0.000560394 0.00469227 -0.000319241
internal_weight=22044 15822 6222 10901 4945 4921 1499 2643 8030 2570 3422 2302 1709 1859 1051 2871 1277 1546 1289 246 150 123 6666 3790 967 112 711 691 96 3770
internal_count=22044 15822 6222 10901 4945 4921 1499 2643 8030 2570 3422 2302 1709 1859 1051 2871 1277 1546 1289 246 150 123 6666 3790 967 112 711 691 96 3770
is_linear=0
shrinkage=0.05


Tree=43
num_leaves=31
num_cat=0
split_feature=6 25 28 33 28 0 9 28 4 33 33 3 3 3 2 2 9 6 4 24 25 34 22 19 23 6 16 5 1 2
split_gain=40.405 9.97546 7.51879 6.27004 5.74899 4.43143 2.79189 3.34508 2.7861 2.55062 2.09629 2.01188 1.9192 1.91776 2.0861 1.88923 1.90698 1.7627 1.71717 1.55745 1.45206 1.45695 1.43983 1.39693 1.58292 1.50828 1.57316 1.91907 1.6257 1.42891
threshold=238.12500000000003 0.88166666666666671 14.500000000000002 -0.60355339059327362 16.500000000000004 17.517500877380375 80.915683746337905 11.500000000000002 39.012725830078132 -0.91597561503675329 0.91597561503675362 99.625000000000014 18.125000000000004 20.125000000000004 1020.6126708984376 1010.4376220703126 232.64605712890628 2.1250000000000004 29.044748306274418 -0.98166666666666658 1.2950000000000002 -0.70710678118654757 -0.022517361111111106 0.16347888827442991 0.38929618291285634 578.75000000000011 -0.60166666666666657 226.5433044433594 70.490070343017592 1004.2396850585939
decision_type=2 2 2 2 2 2 2 2 2 2 2 2 2 2 2 2 2 2 2 2 2 2 2 2 2 2 2 2 2 2
left_child=1 9 5 4 -3 8 10 12 11 -1 20 15 -8 -7 22 -2 -17 -12 -4 -13 -5 -22 -15 24 -24 26 28 29 -25 -28
right_child=2 3 18 6 -6 13 7 -9 -10 -11 17 19 -14 14 -16 16 -18 -19 -20 -21 21 -23 23 25 -26 -27 27 -29 -30 -31
leaf_value=0.0020562212638872289 -0.0022079941525445595 0.0086653126188133422 -0.00048226936365112626 0.00071469930348894845 0.0032374330182392444 -0.0083377865492758885 -0.0082466266938109895 0.0046839202413513489 0.0067450749515619596 -0.00040648200431966453 0.0054880976368946472 0.0047548983186481153 -0.0014680016700300263 -0.0078829806769590508 -0.010311041663061597 -0.012649759742323245 -0.0047957410680110803 0.0010586462092978981 0.0067183259212715415 -0.0018672739093067645 0.005637513071741331 0.0018901498981529095 -0.014192619763943776 -0.0019120619421647417 -0.0050016908506250205 -0.0049844840578225566 -0.011729225710344812 -0.0078512947813289928 0.0079545957111048365 0.0011588380426785984
leaf_weight=1269 808 636 1188 2333 2094 593 134 187 73 6131 690 104 473 256 169 84 967 333 89 607 330 1212 57 84 263 440 24 126 83 207
leaf_count=1269 808 636 1188 2333 2094 593 134 187 73 6131 690 104 473 256 169 84 967 333 89 607 330 1212 57 84 263 440 24 126 83 207
internal_value=1.28161e-05 0.0013552 -0.00340075 0.00253203 0.00450195 -0.00428401 0.00158722 -0.00116312 -0.00288712 1.58383e-05 0.00203306 -0.00316072 -0.00296444 -0.00588783 -0.00503773 -0.00402589 -0.00542346 0.00404625 1.95732e-05 -0.00089863 0.00150158 0.00269211 -0.00445903 -0.00377637 -0.00663883 -0.00282618 -0.00101387 -0.00288763 0.00299173 -0.000180182
internal_weight=22044 15822 6222 8422 2730 4945 5692 794 2643 7400 4898 2570 607 2302 1709 1859 1051 1023 1277 711 3875 1542 1540 1284 320 964 524 357 167 231
internal_count=22044 15822 6222 8422 2730 4945 5692 794 2643 7400 4898 2570 607 2302 1709 1859 1051 1023 1277 711 3875 1542 1540 1284 320 964 524 357 167 231
is_linear=0
shrinkage=0.05


Tree=44
num_leaves=31
num_cat=0
split_feature=6 10 22 28 22 27 2 1 28 34 3 4 28 35 5 21 14 22 2 19 9 28 22 0 19 28 25 7 1 20
split_gain=36.5211 12.3631 3.65574 3.22696 2.72569 2.63975 2.5548 2.13708 1.8637 1.77937 1.50384 1.46765 1.44753 1.38808 3.66449 3.34861 2.22466 1.70367 2.59335 1.38713 2.3324 3.30226 1.62947 1.36418 1.43907 1.35717 1.3452 1.33772 1.57186 1.30415
threshold=415.25000000000006 0.57166666666666677 0.86362847222222228 12.500000000000002 0.10961805555555558 -0.053333333333333337 1011.889129638672 73.041229248046889 12.500000000000002 0.37940952255126048 99.625000000000014 27.74534893035889 5.5000000000000009 0.6078576107927941 222.63600921630862 0.59166666666666679 0.067916666666666667 0.1960416666666667 1004.2396850585939 0.18901584720600331 39.362684249877937 11.500000000000002 0.42276041666666675 12.523749828338625 0.29052116320551141 13.500000000000002 0.71833333333333338 483.12500000000006 74.470249176025405 -0.31166666666666659
decision_type=2 2 2 2 2 2 2 2 2 2 2 2 2 2 2 2 2 2 2 2 2 2 2 2 2 2 2 2 2 2
left_child=1 5 19 4 -2 8 27 -8 10 25 12 -10 -1 16 26 -16 17 18 -6 20 -3 -22 -21 -7 -25 -4 -15 28 -5 -18
right_child=3 2 9 6 13 23 7 -9 11 -11 -12 -13 -14 14 15 -17 29 -19 -20 22 21 -23 -24 24 -26 -27 -28 -29 -30 -31
leaf_value=-0.00033145984396436756 -0.0075165870667119224 0.0017286865220158595 0.0041171537191808921 0.0020692623209284055 0.013697286637929771 0.0011724914094420713 -0.0051400082622366922 0.0049661469911890374 -0.00024016370985224792 0.0024620926750995231 -0.00039247032300715619 0.0063013104477371617 -0.0040966017918161067 0.014342179823304629 -0.0080827967812573277 0.0067052008859737186 -0.024300570573125568 -0.0061263049445883597 -0.0028183557787432676 0.0015658875237126114 -0.0048541794902543945 0.0037370585876188296 0.0044332861725250887 -0.00066693834345452063 0.0016640238782411141 0.007663291889031934 0.0023584114234727711 -0.004650909393716339 -0.0056455861717367023 -0.0090400562666001771
leaf_weight=334 1058 3767 639 430 26 2727 794 56 739 752 712 97 1083 36 175 49 21 515 277 1063 327 170 928 3668 808 467 67 139 78 42
leaf_count=334 1058 3767 639 430 26 2727 794 56 739 752 712 97 1083 36 175 49 21 515 277 1063 327 170 928 3668 808 467 67 139 78 42
internal_value=1.21753e-05 0.000935521 0.00239119 -0.00447352 -0.00566361 -0.000225948 -0.00267209 -0.00447419 -0.00148163 0.0043386 -0.00226715 0.000518835 -0.00320912 -0.00404073 -0.00125872 -0.00484792 -0.00507332 -0.00437604 -0.00140117 0.00181272 0.00130393 -0.00191553 0.00290237 0.000290932 -0.000246157 0.00561448 0.00654691 -0.000304558 0.000884699 -0.0141269
internal_weight=22044 18281 8113 3763 2266 10168 1497 850 2965 1858 2129 836 1417 1208 327 224 881 818 303 6255 4264 497 1991 7203 4476 1106 103 647 508 63
internal_count=22044 18281 8113 3763 2266 10168 1497 850 2965 1858 2129 836 1417 1208 327 224 881 818 303 6255 4264 497 1991 7203 4476 1106 103 647 508 63
is_linear=0
shrinkage=0.05


Tree=45
num_leaves=31
num_cat=0
split_feature=10 32 33 6 33 28 10 28 22 8 33 2 25 4 18 24 7 34 7 0 2 2 22 2 10 7 34 23 10 6
split_gain=35.9283 11.7195 5.91078 5.5735 3.46638 2.72098 2.45018 2.52895 2.24336 1.98018 1.88135 1.44021 1.84218 2.0592 1.74491 1.40539 1.35096 1.34762 2.60598 1.30635 2.56335 1.24 1.23897 1.19515 1.13747 1.11327 1.25339 1.10184 1.0964 1.04698
threshold=-0.14166666666666664 1.5000000000000002 -0.60355339059327362 19.625000000000004 -0.60355339059327362 16.500000000000004 -0.90166666666666651 11.500000000000002 0.34088541666666677 24.125000000000004 0.91597561503675362 1007.5672607421876 1.0783333333333336 32.720516204833991 0.024166666666666625 -1.0349999999999999 17.875000000000004 -0.70710678118654757 12.875000000000002 17.917500495910648 1005.4270019531251 1002.2044677734376 0.61737847222222231 1011.889129638672 1.3516666666666668 56.125000000000007 -0.9159756150367534 0.27811180209182701 0.33166666666666672 96.125000000000014
decision_type=2 2 2 2 2 2 2 2 2 2 2 2 2 2 2 2 2 2 2 2 2 2 2 2 2 2 2 2 2 2
left_child=6 4 8 -4 5 -2 -1 15 -3 -10 17 12 19 14 -14 -8 -16 29 -19 22 21 -21 -5 -9 -7 26 -13 -20 -27 -6
right_child=1 2 3 11 10 24 7 23 9 -11 -12 25 13 -15 16 -17 -18 18 27 20 -22 -23 -24 -25 -26 28 -28 -29 -30 -31
leaf_value=-0.0078506758001507491 0.0083506532155548062 0.00083374839711217316 0.00039350177916924506 0.001311936484962189 0.0051751711657342337 0.0029083862758736197 -0.0093178730049154734 -0.001115545414741859 0.0014958241881796201 0.005316306724379838 0.0045256746711661482 0.0025564345687550186 0.010265715046658774 -0.017281750984618378 -0.00048140855552896263 -0.0048834487850130219 -0.0096061161072851214 0.0012883438364156717 -0.0019332576021230943 -0.0034549254522626771 0.0038126463706139473 -0.01726361855587645 -0.0090378950505206994 -0.0037840134199438728 0.0074109063358943784 -0.0032804773106923733 -0.0023439590269790805 -0.01061576350133807 -0.0075944904665760267 0.0018293077767833007
leaf_weight=474 421 3034 5224 800 358 905 206 709 728 635 642 150 22 29 87 1347 76 1742 87 29 50 37 30 1028 166 1146 1003 63 169 674
leaf_count=474 421 3034 5224 800 358 905 206 709 728 635 642 150 22 29 87 1347 76 1742 87 29 50 37 30 1028 166 1146 1003 63 169 674
internal_value=-4.08114e-05 0.00087392 9.22684e-05 -0.00065205 0.00292139 0.00494499 -0.0044898 -0.00400559 0.00159072 0.00327573 0.00207472 -0.00215755 -0.000704461 -0.0048938 -0.0029519 -0.00547166 -0.00473587 0.00153658 0.000743821 0.000243232 -0.00472685 -0.0111962 0.000937846 -0.00269481 0.00360626 -0.00284053 -0.00170644 -0.00557991 -0.0038349 0.00298999
internal_weight=22071 18307 13249 8852 5058 1492 3764 3290 4397 1363 3566 3628 1160 214 185 1553 163 2924 1892 946 116 66 830 1737 1071 2468 1153 150 1315 1032
internal_count=22071 18307 13249 8852 5058 1492 3764 3290 4397 1363 3566 3628 1160 214 185 1553 163 2924 1892 946 116 66 830 1737 1071 2468 1153 150 1315 1032
is_linear=0
shrinkage=0.05


Tree=46
num_leaves=31
num_cat=0
split_feature=10 10 25 0 18 33 34 6 20 9 24 22 21 29 4 0 21 12 1 17 2 23 26 19 25 34 22 22 2 5
split_gain=32.4253 10.1616 3.02678 2.38845 3.94682 2.37324 3.14717 2.3377 1.94055 1.83876 1.8169 1.71914 1.88363 1.6871 1.62918 1.6197 3.40844 1.41425 1.76126 1.39477 1.36627 1.63748 1.31828 1.30518 1.23029 1.19109 1.14927 1.14461 2.03612 1.20289
threshold=-0.14166666666666664 0.60166666666666679 1.4083333333333334 12.598749637603762 0.1815625000000001 1.0000000180025095e-35 1.0000000180025095e-35 578.75000000000011 -0.64833333333333321 519.54016113281261 -0.67499999999999993 0.4316145833333333 0.63833333333333353 1.0000000180025095e-35 28.805623054504398 18.323750495910648 0.43500000000000005 0.038333333333333337 72.020004272460952 0.16833333333333336 1011.6702575683595 0.44897241823231943 0.030000000000000044 0.27774805285481924 0.78833333333333344 0.60355339059327384 0.16431423611111115 0.15769097222222225 1003.5015563964845 37.295604705810554
decision_type=2 2 2 2 2 2 2 2 2 2 2 2 2 2 2 2 2 2 2 2 2 2 2 2 2 2 2 2 2 2
left_child=7 3 22 4 -2 -5 11 8 10 19 17 12 13 -7 -11 -15 23 18 20 -6 24 -22 -3 -17 -1 -4 -18 -9 -29 -30
right_child=1 2 25 5 9 6 -8 27 -10 14 -12 -13 -14 15 -16 16 26 -19 -20 -21 21 -23 -24 -25 -26 -27 -28 28 29 -31
leaf_value=0.0031601376656908544 0.0059088721622011127 0.0013239109981027389 0.0050763696533957722 0.00023958618645219607 -0.0084801481438002407 -0.0096711388115644503 -0.00057249086240543617 -0.0063612920614952301 -0.0047003643026128292 -0.0065867545460611123 0.011495296728725617 -0.013277613197493814 0.0047768549125810919 -0.0017211789948133292 0.0044709497541632684 -0.0037383324653741772 -0.008164758825377148 -0.011353536108263623 0.0028036917174369264 0.00068103793772943989 -0.0088593685608499388 -0.002402376119321811 0.0031378365194502256 0.0089616790150656642 -0.004374667963276741 0.0020676150120448799 -0.018480469569287918 0.0072604810260236269 0.0028518762392923235 -0.0053459069851327888
leaf_weight=156 345 4353 1136 3242 42 114 2244 1288 945 161 26 46 66 602 42 168 54 38 189 3851 131 392 1301 23 83 463 54 40 50 426
leaf_count=156 345 4353 1136 3242 42 114 2244 1288 945 161 26 46 66 602 42 168 54 38 189 3851 131 392 1301 23 83 463 54 40 50 426
internal_value=-3.87709e-05 0.000830224 0.00228449 -0.000123979 0.000772885 -0.000726274 -0.00165517 -0.00426531 -0.00306986 0.000340289 -0.00155181 -0.00381093 -0.0034081 -0.00394032 -0.00429895 -0.00321522 -0.00622329 -0.0018948 -0.00151685 0.000582202 -0.00258848 -0.00401971 0.0017413 -0.00220901 0.000543448 0.00420517 -0.0133226 -0.00556413 -0.00357431 -0.0044848
internal_weight=22071 18307 7253 11054 4441 6613 3371 3764 1960 4096 1015 1127 1081 1015 203 901 299 989 951 3893 762 523 5654 191 239 1599 108 1804 516 476
internal_count=22071 18307 7253 11054 4441 6613 3371 3764 1960 4096 1015 1127 1081 1015 203 901 299 989 951 3893 762 523 5654 191 239 1599 108 1804 516 476
is_linear=0
shrinkage=0.05


Tree=47
num_leaves=31
num_cat=0
split_feature=6 32 33 6 33 28 3 25 28 0 22 33 22 2 5 35 5 6 1 2 5 9 2 5 36 1 0 1 22 4
split_gain=29.2919 9.95989 5.03708 5.04222 3.10568 2.97554 2.31101 2.6892 2.24345 2.23809 2.01156 1.96798 1.93014 1.92053 1.77875 2.96302 1.82716 1.60336 1.51687 1.45308 1.48157 1.4168 1.60702 1.40308 1.73135 1.39499 1.37467 1.36661 1.3517 1.75852
threshold=439.87500000000006 1.5000000000000002 -0.60355339059327362 19.625000000000004 -0.37940952255126059 17.500000000000004 99.125000000000014 1.0750000000000002 12.500000000000002 11.961249828338625 0.34088541666666677 0.91597561503675362 0.10961805555555558 1011.889129638672 230.81469726562503 0.6078576107927941 315.64042663574224 48.625000000000007 76.797542572021499 1020.0164794921876 243.57099151611331 481.49203491210943 1018.9839172363282 239.73611450195315 -0.22252093395631442 70.490070343017592 15.967500209808351 74.470249176025405 0.34088541666666677 8.6305685043334979
decision_type=2 2 2 2 2 2 2 2 2 2 2 2 2 2 2 2 2 2 2 2 2 2 2 2 2 2 2 2 2 2
left_child=1 4 10 -4 5 -1 7 26 12 25 -3 -6 -2 -10 15 27 21 -12 -15 23 -21 22 -16 -8 -25 -9 -5 28 29 -14
right_child=8 2 3 6 11 -7 19 9 13 -11 17 -13 14 18 16 -17 -18 -19 -20 20 -22 -23 -24 24 -26 -27 -28 -29 -30 -31
leaf_value=0.0064345559670918569 -0.0068117753396393262 0.00070329459323621312 0.0003566919344858005 -0.0013305115656291628 0.0010556771105313027 0.0024659867563631773 0.00089369847953937149 0.0023058199653812491 -0.00048255409096720095 -0.023510250737447114 0.0015378282682925381 0.0041538949206828572 -0.0098608015432349733 -0.0046171986322282935 -0.015085097657526301 0.005862326133333577 0.0015519739999435844 0.0049889650593351841 0.0090016527212269243 -0.0073552819540103273 0.0003459550177696962 -0.0051349387760617482 -0.0040442606864067232 0.0011690680392710112 -0.0055249043144096899 -0.0081010850057032357 -0.0041796828724727673 -0.0082935925436946247 -0.0073608819023342573 0.0020436497266852409
leaf_weight=850 1024 3143 5224 1053 2542 1063 1042 38 584 21 798 642 37 775 90 104 75 582 21 150 107 356 52 171 222 211 708 112 82 192
leaf_count=850 1024 3143 5224 1053 2542 1063 1042 38 584 21 798 642 37 775 90 104 75 582 21 150 107 356 52 171 222 211 708 112 82 192
internal_value=-3.68323e-05 0.000754473 4.21122e-05 -0.000645352 0.00263705 0.00422933 -0.00205139 -0.00318841 -0.0042298 -0.0078349 0.00140199 0.00168038 -0.00524959 -0.00266022 -0.00379533 -0.00169879 -0.00572356 0.00299331 -0.00425791 -0.00068656 -0.00414893 -0.00681927 -0.011042 -6.64699e-05 -0.00261226 -0.00651288 -0.002476 -0.00355779 -0.00185229 0.000120223
internal_weight=22071 18567 13470 8947 5097 1913 3723 2031 3504 270 4523 3184 2124 1380 1100 527 573 1380 796 1692 257 498 142 1435 393 249 1761 423 311 229
internal_count=22071 18567 13470 8947 5097 1913 3723 2031 3504 270 4523 3184 2124 1380 1100 527 573 1380 796 1692 257 498 142 1435 393 249 1761 423 311 229
is_linear=0
shrinkage=0.05


Tree=48
num_leaves=31
num_cat=0
split_feature=10 32 33 6 33 28 10 28 28 0 3 25 5 19 0 26 3 6 28 34 24 6 18 28 6 6 11 23 1 0
split_gain=26.5459 8.83482 4.50957 4.2814 2.78934 2.23956 1.99712 1.972 1.83891 1.85349 1.65655 2.33835 1.72387 1.51256 1.36879 1.72876 1.20846 1.73276 2.03963 1.38217 1.20597 1.1097 1.10419 1.9977 1.07739 1.0402 1.02496 1.03014 0.992302 1.26936
threshold=-0.14166666666666664 1.5000000000000002 -0.60355339059327362 19.625000000000004 -0.60355339059327362 16.500000000000004 -0.90166666666666651 11.500000000000002 19.500000000000004 12.773749828338625 99.125000000000014 1.1166666666666669 331.16911315917974 0.060662049577329687 15.692499637603762 -0.10666666666666663 89.875000000000014 0.87500000000000011 10.500000000000002 -0.70710678118654757 -1.0349999999999999 64.375000000000014 0.27031250000000001 9.5000000000000018 456.75000000000006 184.12500000000003 0.22166666666666668 0.59640554338662721 62.23808670043946 9.8737497329711932
decision_type=2 2 2 2 2 2 2 2 2 2 2 2 2 2 2 2 2 2 2 2 2 2 2 2 2 2 2 2 2 2
left_child=6 4 8 -4 5 -2 -1 20 9 21 11 14 22 -6 15 -5 17 -15 -19 -18 -8 -3 -13 -24 -12 -20 27 28 29 -9
right_child=1 2 3 10 13 -7 7 26 -10 -11 24 12 -14 16 -16 -17 19 18 25 -21 -22 -23 23 -25 -26 -27 -28 -29 -30 -31
leaf_value=-0.006893483357123819 0.007433981870092571 0.0022110961381706204 0.00033885733715309876 0.0037353374174336432 0.0033975372823240495 0.0031297112505218674 -0.0082795455800911896 0.0071706714157092691 -0.00010757920444499409 0.0012076966085697442 -0.00034757155808607949 0.00013006100304086102 0.0044346032907133515 0.0018374799908834295 -0.003923460496938788 -0.001984503752848431 0.0038977260071892585 -0.0060099580396887516 0.0066282808175776413 0.00086985222997124903 -0.0041717733052964879 0.0055614065081385188 -0.0089958349251510385 -0.024694418974453583 -0.0056351058717163793 -0.0012509183003272437 0.0087146949998679613 0.0069447521473570114 -0.0016114602594563218 -0.0045501031835960756
leaf_weight=474 421 504 5224 154 1019 1071 206 24 1409 1999 1490 22 23 435 775 929 572 220 57 1105 1347 485 107 25 103 158 21 29 1047 616
leaf_count=474 421 504 5224 154 1019 1071 206 24 1409 1999 1490 22 23 435 775 929 572 220 57 1105 1347 485 107 25 103 158 21 29 1047 616
internal_value=-3.49907e-05 0.000751284 7.26147e-05 -0.00057752 0.002529 0.00434425 -0.0038592 -0.00342204 0.00138146 0.00208362 -0.00189702 -0.00284231 -0.00833366 0.00176951 -0.00231918 -0.00117116 0.00111816 -0.000393931 -0.00262534 0.00190262 -0.00471665 0.00385407 -0.0102406 -0.0119691 -0.000689452 0.000837986 -0.00226457 -0.00239893 -0.00255955 -0.00411057
internal_weight=22071 18307 13249 8852 5058 1492 3764 3290 4397 2988 3628 2035 177 3566 1858 1083 2547 870 435 1677 1553 989 154 132 1593 215 1737 1716 1687 640
internal_count=22071 18307 13249 8852 5058 1492 3764 3290 4397 2988 3628 2035 177 3566 1858 1083 2547 870 435 1677 1553 989 154 132 1593 215 1737 1716 1687 640
is_linear=0
shrinkage=0.05


Tree=49
num_leaves=31
num_cat=0
split_feature=10 32 28 8 28 28 28 9 10 0 8 28 2 1 23 8 24 23 19 4 0 1 2 5 22 5 0 7 19 2
split_gain=23.9577 7.97343 3.5367 3.55229 2.38893 2.03608 2.57005 1.89421 1.83831 1.67278 1.62743 1.41938 1.21443 1.5495 2.02503 1.43161 1.35604 1.31347 1.14313 1.52605 1.06561 1.04497 1.02608 1.25948 1.45132 1.54849 2.06339 1.77117 1.60984 1.48849
threshold=-0.14166666666666664 1.5000000000000002 14.500000000000002 14.375000000000002 19.500000000000004 12.500000000000002 19.500000000000004 85.75919342041017 -0.73166666666666658 12.773749828338625 92.125000000000014 11.500000000000002 1007.5672607421876 65.338756561279311 0.4187224780014821 235.12500000000003 -0.2616666666666666 0.40722844905141947 0.18691890685423135 18.011717796325687 3.123749971389771 65.038372039794936 1021.1639404296876 315.64042663574224 0.38420138888888894 244.35103607177737 16.517500877380375 118.62500000000001 0.35878384886117026 1018.3320617675782
decision_type=2 2 2 2 2 2 2 2 2 2 2 2 2 2 2 2 2 2 2 2 2 2 2 2 2 2 2 2 2 2
left_child=8 5 3 -3 9 7 20 -2 -1 -4 -9 22 13 -5 15 17 -17 18 -15 -20 -7 -13 23 24 25 26 -10 -28 29 -29
right_child=1 2 4 12 -6 6 -8 10 11 -11 -12 21 -14 14 -16 16 -18 -19 19 -21 -22 -23 -24 -25 -26 -27 27 28 -30 -31
leaf_value=-0.0053363580668115921 0.0020580353812849846 0.00041817023798902409 0.0036613659156600957 0.0078292552200663421 -5.1919244058618674e-05 0.0072620549156979901 0.0012873406608443648 -0.0037307021986760815 0.0032247534591257204 0.0011473117802857399 0.0025932742030267859 -0.0033303248886747657 -0.0023946908199729642 -0.0025443416633315029 0.0017849083688832269 -0.0048970336543226788 -0.019832615199543182 -0.012317939157531198 -0.0090058884893854455 0.0047594277537195018 0.0040295061943849712 -0.0005124834404714333 -0.0076409951936920548 0.0047381235963918945 -0.0088019116402420251 -0.0062675133899466459 0.010453731143339114 -0.0055739509610243819 0.0094761753011317479 0.004526507811679039
leaf_weight=1146 2283 3803 989 54 2807 327 845 289 153 1999 157 601 2473 427 444 55 21 28 24 125 1157 727 178 44 132 286 22 414 21 40
leaf_count=1146 2283 3803 989 54 2807 327 845 289 153 1999 157 601 2473 427 444 55 21 28 24 125 1157 727 178 44 132 286 22 414 21 40
internal_value=-3.32412e-05 0.00071372 6.8984e-05 -0.000651309 0.000995484 0.00240255 0.00348846 0.0014758 -0.00366624 0.00197944 -0.00150455 -0.00293517 -0.00176531 -0.000444051 -0.000841523 -0.00255643 -0.00902397 -0.00174263 -0.00122855 0.0025422 0.0047418 -0.00178773 -0.00411641 -0.00355222 -0.00389377 -0.0032016 -0.00185259 -0.00341564 -0.00405801 -0.00468404
internal_weight=22071 18307 13249 7454 5795 5058 2329 2729 3764 2988 446 2618 3651 1178 1124 680 76 604 576 149 1484 1328 1290 1112 1068 936 650 497 475 454
internal_count=22071 18307 13249 7454 5795 5058 2329 2729 3764 2988 446 2618 3651 1178 1124 680 76 604 576 149 1484 1328 1290 1112 1068 936 650 497 475 454
is_linear=0
shrinkage=0.05


Tree=50
num_leaves=31
num_cat=0
split_feature=6 25 10 33 28 28 9 28 33 4 33 3 3 5 2 3 8 8 3 22 4 9 8 3 8 12 1 5 10 9
split_gain=20.3335 5.50691 4.43414 3.5514 3.99516 2.74753 1.64478 3.06987 2.1235 1.63407 1.63343 1.60165 1.41506 1.35912 1.40287 1.29098 1.23936 1.23525 1.48143 1.23338 1.22581 1.35579 1.1066 1.43988 1.37497 1.0661 2.176 1.05012 1.04407 1.13465
threshold=235.12500000000003 0.88166666666666671 -0.43166666666666659 -0.60355339059327362 17.500000000000004 10.500000000000002 16.817340850830082 10.500000000000002 0.78656609248549325 27.004800796508793 -0.91597561503675329 41.875000000000007 43.875000000000007 202.29850769042972 1008.1315002441407 87.625000000000014 202.62500000000003 328.62500000000006 93.125000000000014 0.010789930555555556 12.907044410705568 28.547716140747074 136.12500000000003 55.625000000000007 204.37500000000003 0.048333333333333346 72.539558410644545 249.50055694580081 0.19166666666666674 194.13894653320315
decision_type=2 2 2 2 2 2 2 2 2 2 2 2 2 2 2 2 2 2 2 2 2 2 2 2 2 2 2 2 2 2
left_child=1 10 19 4 -3 13 8 11 -5 17 -1 -8 -11 28 15 -15 -14 18 22 -2 -20 -22 -7 24 -24 27 -27 -25 -4 -30
right_child=2 3 5 6 -6 9 7 -9 -10 12 -12 -13 16 14 -16 -17 -18 -19 20 -21 21 -23 23 25 -26 26 -28 -29 29 -31
leaf_value=0.0015831613372340966 -0.0060971258396670192 0.0057687786827365578 -0.0038892039258576964 0.00079375777979640407 0.0018020773183823197 -0.00046263989967563292 -0.0060838727441268232 0.0027812686015956374 0.0031427932192804376 -0.003070935660908099 -0.00039660048491444436 -0.0010175583614023382 0.0063758155444040183 -0.0029724818071662547 -0.0028969005752823192 0.0045605988466882593 0.00041259559721759957 -0.0078200861767289184 0.0040592388582996386 -0.0034726747765195794 -0.011702642194926741 0.00020817851003886636 -0.0047973413178751378 0.0037183274724520744 -0.015033081221918111 0.0024454319716564251 -0.012992295165546239 -0.0041156116525443006 -0.018694397553103047 -0.0062372809593558912
leaf_weight=1254 595 1021 595 2936 1678 537 208 467 1431 93 6159 624 206 94 655 144 151 63 223 1808 25 539 129 110 44 42 50 70 25 68
leaf_count=1254 595 1021 595 2936 1678 537 208 467 1431 93 6159 624 206 94 655 144 151 63 223 1808 25 539 129 110 44 42 50 70 25 68
internal_value=-2.63948e-05 0.00093058 -0.00243609 0.00180993 0.00330263 -0.00138704 0.00109888 -0.000463087 0.0015635 -0.000277136 -6.16995e-05 -0.00228414 0.0024225 -0.00298908 -0.0017023 0.00158535 0.00385356 -0.000940255 -0.000695241 -0.00412251 0.000921032 -0.000319783 -0.00199056 -0.00383437 -0.00740065 -0.00156612 -0.00594464 0.000671796 -0.00465926 -0.00958597
internal_weight=22044 15778 6266 8365 2699 3863 5666 1299 4367 2282 7413 832 450 1581 893 238 357 1832 1769 2403 787 564 982 445 173 272 92 180 688 93
internal_count=22044 15778 6266 8365 2699 3863 5666 1299 4367 2282 7413 832 450 1581 893 238 357 1832 1769 2403 787 564 982 445 173 272 92 180 688 93
is_linear=0
shrinkage=0.05


Tree=51
num_leaves=31
num_cat=0
split_feature=6 10 22 3 28 10 28 6 9 0 6 0 9 2 1 22 19 5 8 24 17 5 23 8 19 4 2 2 17 5
split_gain=18.3782 6.50401 2.41454 1.86142 1.80952 1.76712 1.55763 3.56595 1.38859 1.43455 1.53236 1.49639 1.35192 1.27411 1.39665 1.32495 1.78046 1.32049 1.63007 1.31039 1.22569 1.22191 1.91781 1.3193 1.20138 1.18552 1.1623 1.55618 1.53319 1.15574
threshold=439.87500000000006 0.60166666666666679 0.86362847222222228 22.625000000000004 12.500000000000002 -0.73166666666666658 11.500000000000002 79.625000000000014 34.889822006225593 12.523749828338625 205.62500000000003 11.367499828338625 519.54016113281261 1012.2464599609376 76.797542572021499 0.15519097222222225 0.16183603585141712 240.41962432861331 277.75000000000006 -0.88166666666666649 -0.49499999999999994 135.02393341064456 0.37612392448034415 182.62500000000003 0.2930326344304291 20.859775543212894 1007.4965820312501 1005.4270019531251 0.28500000000000009 233.80800628662112
decision_type=2 2 2 2 2 2 2 2 2 2 2 2 2 2 2 2 2 2 2 2 2 2 2 2 2 2 2 2 2 2
left_child=1 5 -3 12 21 -1 7 -7 -8 10 -10 -12 -2 15 17 16 -6 18 -15 -17 -18 22 23 -5 -4 -21 27 28 -9 -23
right_child=3 2 24 4 13 6 8 26 9 -11 11 -13 -14 14 -16 19 20 -19 -20 25 -22 29 -24 -25 -26 -27 -28 -29 -30 -31
leaf_value=-0.012471660496345884 -0.017944415836107164 0.0012497962237777976 0.0031369146068781269 -0.0074543176125735052 -0.0018857465452952861 0.00026323901890872871 -0.00033759880765428762 -0.0063865934713455905 0.0071484283452748964 0.00068870535649227977 0.00069763572812002982 0.0088370044211236141 -0.0050943061933679985 -0.0045777422092377834 0.010144574037985877 -0.0068394801424195364 0.017623683695759004 -0.00060295527674545735 -0.01855830941349268 -0.0045417719061715883 0.005110344578476869 -0.0011762299553057069 -0.0071834006048858354 0.0086437516017550866 0.01064278766512871 0.0036115060905031562 -0.0027212105592910089 0.0045343181535379209 -1.5372269638676319e-06 -0.0042541016209403908
leaf_weight=29 21 5419 1736 20 85 4591 1931 123 197 1624 391 66 808 223 20 81 24 228 23 69 106 546 390 35 55 126 1853 134 399 691
leaf_count=29 21 5419 1736 20 85 4591 1931 123 197 1624 391 66 808 223 20 81 24 228 23 69 106 546 390 35 55 126 1853 134 399 691
internal_value=-2.50751e-05 0.000601703 0.00177582 -0.00335044 -0.0027072 -0.000144938 -0.000113328 -0.000565132 0.000648803 0.00148495 0.00346217 0.00187312 -0.00541982 -0.00100529 -0.0027981 0.000798465 0.00374129 -0.0033442 -0.00588487 -0.00149395 0.0074205 -0.00370386 -0.00595074 0.00278991 0.00336741 0.0007265 -0.0020809 -0.000272204 -0.00150606 -0.00289556
internal_weight=22044 18548 7210 3496 2667 11338 11309 7100 4209 2278 654 457 829 985 494 491 215 474 246 276 130 1682 445 55 1791 195 2509 656 522 1237
internal_count=22044 18548 7210 3496 2667 11338 11309 7100 4209 2278 654 457 829 985 494 491 215 474 246 276 130 1682 445 55 1791 195 2509 656 522 1237
is_linear=0
shrinkage=0.05


Tree=52
num_leaves=31
num_cat=0
split_feature=6 25 10 28 28 9 28 3 18 28 4 3 5 8 3 8 35 35 4 8 15 15 28 3 9 8 4 0 9 0
split_gain=16.6784 4.59262 3.62023 2.50921 4.0831 3.64425 2.23481 1.54033 1.53666 1.49937 1.43177 1.38906 1.26191 1.14315 1.40052 1.15952 1.23339 1.26372 1.27183 1.10725 1.35216 1.1026 1.2294 1.1268 1.59377 1.36274 1.05888 1.19401 1.12419 1.03661
threshold=235.12500000000003 0.88166666666666671 -0.43166666666666659 11.500000000000002 17.500000000000004 2.8076616525650029 10.500000000000002 15.125000000000002 0.84739583333333346 3.5000000000000004 27.74534893035889 43.875000000000007 77.401165008544936 328.62500000000006 90.625000000000014 136.12500000000003 -0.8783796973249266 1.0000000180025095e-35 14.479177474975588 214.87500000000003 0.23418691990296758 0.1121795836450353 13.500000000000002 98.875000000000014 355.80238342285162 265.12500000000006 13.10419797897339 16.161250114440922 145.59174346923831 8.9112496376037615
decision_type=2 2 2 2 2 2 2 2 2 2 2 2 2 2 2 2 2 2 2 2 2 2 2 2 2 2 2 2 2 2
left_child=1 -1 21 5 29 9 12 -7 -9 -3 13 -12 -4 14 15 -8 -17 -18 -19 -13 -21 22 -2 24 25 -23 27 -16 -28 -5
right_child=2 3 6 4 -6 7 10 8 -10 -11 11 19 -14 -15 26 16 17 18 -20 20 -22 23 -24 -25 -26 -27 28 -29 -30 -31
leaf_value=-6.3288264503416871e-05 -0.0055526710077592745 0.00064320048591788841 -0.0061531351539737128 0.0055448235098848782 0.0012579288267584748 -0.0066894563650280224 -0.00032915298674170151 -0.0018612075567001765 0.0031870445020024856 0.0028367853312674073 -0.0030826050800731703 0.0060714650962596216 -0.0021247710856028518 -0.0073491561806832365 5.2479894335208609e-05 0.0035944368978962308 -0.007664542550490679 0.0053266380951517145 -0.0041550842947722265 0.0034280301089997275 -0.0094116121746804417 -0.0037883823072271689 -0.0022519656810104875 0.00057591955783442626 -0.0025400330682497866 -0.015910904347071087 -0.0036613934891476466 0.0071999040515015808 0.0011245396604553993 0.0029645489707475722
leaf_weight=7413 1013 1641 227 953 2480 132 534 834 184 1483 88 212 1354 65 113 50 190 46 153 70 29 49 391 234 672 44 170 121 441 658
leaf_count=7413 1013 1641 227 953 2480 132 534 834 184 1483 88 212 1354 65 113 50 190 46 153 70 29 49 391 234 672 44 170 121 441 658
internal_value=-2.38213e-05 0.000842883 -0.00220621 0.00164592 0.00253106 0.000798691 -0.00125832 -0.00160769 -0.000948753 0.00168452 -0.000257316 0.00246343 -0.00270316 -0.000833831 -0.000600884 -0.00189415 -0.00379782 -0.00474798 -0.00196333 0.00403272 -0.000333077 -0.00373001 -0.00463346 -0.00246031 -0.00338904 -0.00952377 0.000888288 0.00374837 -0.000207062 0.00449093
internal_weight=22044 15778 6266 8365 4091 4274 3863 1150 1018 3124 2282 399 1581 1883 1818 973 439 389 199 311 99 2403 1404 999 765 93 845 234 611 1611
internal_count=22044 15778 6266 8365 4091 4274 3863 1150 1018 3124 2282 399 1581 1883 1818 973 439 389 199 311 99 2403 1404 999 765 93 845 234 611 1611
is_linear=0
shrinkage=0.05


Tree=53
num_leaves=31
num_cat=0
split_feature=6 22 28 33 17 5 5 5 28 19 9 28 18 25 20 35 9 24 13 9 29 5 19 8 10 8 29 5 32 35
split_gain=15.0956 4.36052 3.66583 2.83017 2.40175 1.54886 2.29615 1.64508 1.54232 1.53236 1.64479 1.5287 1.32033 1.28159 1.17732 1.16584 1.16926 1.30993 1.17479 1.14194 1.08216 1.02337 0.998031 1.09348 1.49844 0.98805 1.29342 1.57652 1.03198 0.98727
threshold=208.37500000000003 0.84945312500000014 13.500000000000002 -0.78656609248549303 -0.60833333333333328 121.2159881591797 232.11289978027347 280.93406677246099 17.500000000000004 0.24582250446496243 490.38520812988287 11.500000000000002 -0.71999999999999986 0.72166666666666679 0.24166666666666672 -0.8783796973249266 180.80277252197268 -0.96166666666666656 0.61833333333333351 249.21356201171878 4.5000000000000009 14.325294494628908 0.2702049119512106 202.62500000000003 -0.044999999999999991 250.87500000000003 1.5000000000000002 290.85719299316412 2.5000000000000004 -0.8783796973249266
decision_type=2 2 2 2 2 2 2 2 2 2 2 2 2 2 2 2 2 2 2 2 2 2 2 2 2 2 2 2 2 2
left_child=1 3 4 8 -2 21 11 9 -1 -8 20 15 -4 -5 -3 16 -7 -18 -19 -17 -11 -6 -13 -24 -25 28 -27 -28 -14 -9
right_child=2 14 12 13 5 6 7 29 -10 10 -12 22 25 -15 -16 19 17 18 -20 -21 -22 -23 23 24 -26 26 27 -29 -30 -31
leaf_value=0.0035824861744668483 -0.005420705385921213 0.0094700285365157157 -0.0027720299254308757 -0.00063725111973675136 0.0022627581924537263 -0.015019064396619798 -0.0027172510413474276 0.0049701776252702758 0.0011423036234466837 -0.011875456487062988 -0.0038260416465824192 0.0001225361684687051 0.0021330368271781646 0.00053486853815583693 0.0028199419792727509 0.0025383827143741658 0.0073665899845461059 -0.0075992447162626861 0.0051184439121491534 -0.0016163755470683377 -0.00045074397736849888 -0.0046125132119777847 0.009996503938241981 0.0057939944342828139 -0.0076944422643182089 0.0025405968117125921 -0.012397388079469759 0.0021333038046058 -0.00046025213976664094 -0.0016817719135295247
leaf_weight=876 727 69 420 3701 58 25 607 62 2483 152 219 213 704 6305 1878 224 24 104 22 632 24 810 71 71 29 51 56 28 843 556
leaf_count=876 727 69 420 3701 58 25 607 62 2483 152 219 213 704 6305 1878 224 24 104 22 632 24 810 71 71 29 51 56 28 843 556
internal_value=-2.26302e-05 0.000844943 -0.00199593 0.000522894 -0.00278209 -0.0022906 -0.00175794 -0.00304326 0.00177868 -0.00429457 -0.00671846 -0.000286402 -0.00026429 0.000101327 0.00305562 -0.00128938 -0.00500797 -0.00333945 -0.0053787 -0.000529149 -0.0103175 -0.00415311 0.00240648 0.00525138 0.00188235 0.000361899 -0.00374038 -0.00755382 0.000719887 -0.00101442
internal_weight=22044 15312 6732 13365 4630 3903 3035 1620 3359 1002 395 1415 2102 10006 1947 1031 175 150 126 856 176 868 384 171 100 1682 135 84 1547 618
internal_count=22044 15312 6732 13365 4630 3903 3035 1620 3359 1002 395 1415 2102 10006 1947 1031 175 150 126 856 176 868 384 171 100 1682 135 84 1547 618
is_linear=0
shrinkage=0.05


Tree=54
num_leaves=31
num_cat=0
split_feature=6 10 10 33 3 28 18 9 2 18 21 2 25 3 22 1 22 21 2 22 2 19 4 2 28 9 23 4 29 20
split_gain=13.6616 4.91218 1.97485 1.663 1.57628 1.4828 1.27515 1.21074 1.10421 1.31634 1.54475 1.26483 1.09828 1.06574 1.013 1.26292 1.24824 1.05338 1.00548 0.968374 0.964732 0.932832 1.10728 0.929 0.925375 1.56703 0.957733 0.945061 0.985568 0.919076
threshold=439.87500000000006 0.83833333333333349 0.36833333333333335 -0.37940952255126059 22.625000000000004 12.500000000000002 -0.38979166666666659 519.54016113281261 1012.2464599609376 -0.23239583333333336 0.091666666666666688 1009.5650329589845 0.71833333333333338 98.875000000000014 0.10961805555555558 74.920307159423842 0.23098958333333339 0.59166666666666679 1007.5672607421876 0.86362847222222228 1002.2044677734376 0.25525613488599236 17.909492492675785 1010.3397216796876 6.5000000000000009 83.162708282470717 0.36708721218271151 15.945189476013185 1.5000000000000002 -0.80833333333333324
decision_type=2 2 2 2 2 2 2 2 2 2 2 2 2 2 2 2 2 2 2 2 2 2 2 2 2 2 2 2 2 2
left_child=1 2 3 20 7 14 -5 -2 11 10 12 -7 -10 24 -6 29 21 -18 -15 -3 -1 -17 -23 -13 -8 26 -26 28 -27 -16
right_child=4 19 -4 6 5 8 13 -9 9 -11 -12 23 -14 18 15 16 17 -19 -20 -21 -22 22 -24 -25 25 27 -28 -29 -30 -31
leaf_value=0.0062627504083161232 -0.01664549277297088 0.001629663611066054 0.00055419231927564152 -0.009906907532954725 -0.0045617742111531039 -0.00061564834578958934 -0.00085754373482025488 -0.0044848145165581246 -0.0050503499251046058 -0.012954454534753627 0.0053578970301000834 0.012091262015913214 0.0003107435596813181 0.0023703448865459091 -0.0047277444001599797 -0.0072036487780310007 -0.012775675974424101 -0.0016240925434976815 -0.00071550745588306534 0.0034367291960279173 0.00061044987237019583 0.012326895776204765 -0.0031952454637373903 0.0025886078087910629 -0.016038736314786708 -0.0077715770398781667 -0.0043369929196261292 -0.0011194690592790165 -0.0022779713710661211 -0.00030209891298408286
leaf_weight=81 21 1932 10240 41 753 359 1505 808 244 28 65 35 157 354 146 37 72 30 1038 1203 1110 20 27 97 34 132 36 628 214 597
leaf_count=81 21 1932 10240 41 753 359 1505 808 244 28 65 35 157 354 146 37 72 30 1038 1203 1110 20 27 97 34 132 36 628 214 597
internal_value=-2.14987e-05 0.000518898 0.000151925 -0.000644367 -0.00288857 -0.00229664 -0.00113465 -0.00479287 -0.000756029 -0.00242502 -0.00179235 0.00092316 -0.00295137 -0.00104339 -0.00319885 -0.00209413 -0.00577871 -0.0094958 6.92567e-05 0.00232309 0.000994863 -0.0012651 0.00340992 0.00510825 -0.00165101 -0.00279484 -0.0100207 -0.00227552 -0.0043738 -0.00117174
internal_weight=22044 18548 15413 5173 3496 2667 3982 829 985 494 466 491 401 3941 1682 929 186 102 1392 3135 1191 84 47 132 2549 1044 70 974 346 743
internal_count=22044 18548 15413 5173 3496 2667 3982 829 985 494 466 491 401 3941 1682 929 186 102 1392 3135 1191 84 47 132 2549 1044 70 974 346 743
is_linear=0
shrinkage=0.05


Tree=55
num_leaves=31
num_cat=0
split_feature=6 32 28 28 24 25 25 5 23 23 28 28 28 19 28 1 0 10 0 4 2 22 1 0 2 10 10 5 0 8
split_gain=12.694 4.65819 2.28393 2.97028 1.86323 1.66668 2.18978 1.87446 1.66652 1.5609 1.52554 1.39998 1.93797 1.43349 1.28054 1.34671 1.27071 1.97446 1.94643 1.23118 1.41199 1.16588 1.16192 1.11561 1.2508 1.16317 1.13207 1.10265 1.05835 1.07164
threshold=432.75000000000006 1.5000000000000002 13.500000000000002 6.5000000000000009 -0.90833333333333321 0.74833333333333341 1.0750000000000002 257.83042907714849 0.6026617937701243 0.5289044717548288 19.500000000000004 12.500000000000002 19.500000000000004 0.062506110153788291 12.500000000000002 59.512018203735359 17.036250114440922 -0.098333333333333342 11.723749637603762 33.268840789794929 1014.0369873046876 0.34088541666666677 64.128887176513686 18.473750114440922 1019.6901855468751 0.33833333333333343 0.51166666666666683 285.54095458984381 18.473750114440922 226.12500000000003
decision_type=2 2 2 2 2 2 2 2 2 2 2 2 2 2 2 2 2 2 2 2 2 2 2 2 2 2 2 2 2 2
left_child=1 11 3 -3 23 7 9 -6 14 16 21 13 -13 -1 28 -16 18 -18 -7 20 -8 -4 -15 24 26 -25 -5 -9 -2 -30
right_child=8 2 10 4 5 6 19 27 -10 -11 -12 12 -14 22 15 -17 17 -19 -20 -21 -22 -23 -24 25 -26 -27 -28 -29 29 -31
leaf_value=0.0026009223864267073 -0.0024860521830676113 0.00012538646795144266 0.00079425419732380941 0.0034141398261983724 -0.0034429796737365614 0.0014744959795196912 -0.0026275376228069697 -0.01570949189700797 0.010692444591499541 -0.0092136269658415881 -0.00011125206735193166 0.0038100963068873764 0.00083037000818420763 -0.005683569644679665 -0.0039658257870763 -0.00059768506516775241 0.019643118977546694 0.0015026544376936122 -0.0043220276506129637 -0.016539863141422924 -0.0095696064186086005 0.0027565994861452245 0.00048368620159106333 -0.0015919093926495408 -0.0039670158197234774 -0.013031155222095551 -0.0060005928784396803 -0.0063843933283351363 -0.0038965403184361342 -0.0078443410346625136
leaf_weight=965 1097 4920 2207 364 258 394 290 61 23 48 2812 1487 862 80 428 968 20 60 229 22 98 1152 1684 200 89 25 35 66 842 216
leaf_count=965 1097 4920 2207 364 258 394 290 61 23 48 2812 1487 862 80 428 968 20 60 229 22 98 1152 1684 200 89 25 35 66 842 216
internal_value=3.95827e-06 0.000532861 4.25795e-05 -0.000563762 -0.0020647 -0.00303988 -0.0020945 -0.00589075 -0.00272313 -0.000490047 0.000747963 0.0018218 0.00271664 0.00105157 -0.00281002 -0.00163032 0.000105589 0.00603777 -0.000656168 -0.00503338 -0.00438095 0.00146726 0.000203992 4.9791e-05 0.00139275 -0.00286294 0.00258829 -0.0108634 -0.00357423 -0.00470252
internal_weight=22002 18428 13350 7179 2259 1546 1161 385 3574 751 6171 5078 2349 2729 3551 1396 703 80 623 410 388 3359 1764 713 488 225 399 127 2155 1058
internal_count=22002 18428 13350 7179 2259 1546 1161 385 3574 751 6171 5078 2349 2729 3551 1396 703 80 623 410 388 3359 1764 713 488 225 399 127 2155 1058
is_linear=0
shrinkage=0.05


Tree=56
num_leaves=31
num_cat=0
split_feature=6 10 26 25 23 3 4 33 18 12 23 0 23 9 2 9 28 15 2 21 1 2 2 4 4 24 0 28 23 1
split_gain=11.4563 3.99744 1.97138 1.65491 1.50403 1.38783 1.72364 1.38776 1.16766 1.11506 1.08994 1.11432 1.07356 1.2112 1.07235 1.05001 1.02936 0.997448 1.08025 1.77662 0.953567 1.14159 0.940903 0.934877 1.07993 0.959844 0.918475 0.908687 0.888755 1.31959
threshold=432.75000000000006 0.83833333333333349 -0.049999999999999975 0.71500000000000019 0.6026617937701243 25.125000000000004 20.859775543212894 0.37940952255126054 0.11875000000000005 0.058333333333333341 0.35168312746854596 12.367499828338625 0.38464066337324526 309.33108520507818 998.63671875000011 515.97213745117199 6.5000000000000009 0.080202290537177839 1012.5431518554689 0.45166666666666672 70.662368774414077 1014.4435119628907 1004.6378479003907 23.879622459411625 26.695857048034672 -0.7683333333333332 18.623750686645511 14.500000000000002 0.46959695608615309 62.641639709472663
decision_type=2 2 2 2 2 2 2 2 2 2 2 2 2 2 2 2 2 2 2 2 2 2 2 2 2 2 2 2 2 2
left_child=1 2 7 -4 5 15 14 -1 -5 -10 11 -8 16 26 -7 -2 -9 -12 28 20 21 -20 -16 25 -25 -18 -14 -24 29 -19
right_child=4 -3 3 8 -6 6 10 12 9 -11 17 -13 13 -15 22 -17 23 18 19 -21 -22 -23 27 24 -26 -27 -28 -29 -30 -31
leaf_value=0.00025072805127457581 -0.015103278969499199 0.0021236930752731808 -0.00031090498973592915 0.0026559156484288002 0.010157822488817267 0.0071737408908084041 0.0024012587261809546 0.00016111292532418464 -0.003470177248491608 0.0007376670603424807 -0.0027224882718498897 -0.0059040781372459612 0.0019224181030305706 -0.0032892294227501936 -0.0081415990197290008 -0.0040509670860368911 -0.01750055470969528 0.011012411937673591 -0.013467625604459533 0.012905570116570397 0.0035318726252510468 -0.0023527802652643006 -0.0033602749067956714 0.0047826524324981233 -0.0047436364841939626 -0.0061104291320751934 -0.0046789796324446797 0.00086089066999257662 -2.0114368067659214e-05 0.0025459973391804367
leaf_weight=908 22 3164 5034 801 23 25 55 114 161 7122 197 152 322 329 93 926 20 67 27 21 55 160 1331 42 102 246 63 141 132 147
leaf_count=908 22 3164 5034 801 23 25 55 114 161 7122 197 152 322 329 93 926 20 67 27 21 55 160 1331 42 102 246 63 141 132 147
internal_value=3.76036e-06 0.000506218 0.000170939 0.000400767 -0.00258697 -0.00266952 -0.002073 -0.00123394 0.000843933 0.000644647 -0.00046105 -0.00369735 -0.00232286 -0.0010615 -0.00309998 -0.00430746 -0.00404158 0.000370108 0.0013705 -0.00104487 -0.00225545 -0.0039576 -0.0032641 -0.00521014 -0.00196514 -0.00696683 0.000842189 -0.00295594 0.00320647 0.0051967
internal_weight=22002 18428 15264 13118 3574 3551 2603 2146 8084 7283 1013 207 1238 714 1590 948 524 806 609 263 242 187 1565 410 144 266 385 1472 346 214
internal_count=22002 18428 15264 13118 3574 3551 2603 2146 8084 7283 1013 207 1238 714 1590 948 524 806 609 263 242 187 1565 410 144 266 385 1472 346 214
is_linear=0
shrinkage=0.05


Tree=57
num_leaves=31
num_cat=0
split_feature=6 32 33 6 3 9 13 19 33 28 3 33 23 18 9 2 36 28 5 28 25 25 20 3 8 5 9 9 32 6
split_gain=10.3393 3.973 2.29714 1.61552 1.90036 2.01956 1.97526 1.60401 1.49414 1.57657 1.36064 1.32713 1.30809 1.19231 1.14389 1.141 1.49729 1.72357 1.16278 1.08803 1.12206 0.958468 0.946871 1.48223 1.02373 1.35641 1.1826 0.976114 0.919558 1.12284
threshold=432.75000000000006 1.5000000000000002 -0.78656609248549303 14.125000000000002 99.125000000000014 14.90488910675049 0.25166666666666676 0.37754540293379674 -0.60355339059327362 16.500000000000004 22.125000000000004 0.98296291314453421 0.6026617937701243 0.65343750000000012 519.54016113281261 1011.8343200683595 -0.56174490092936669 11.500000000000002 326.32484436035162 9.5000000000000018 1.2750000000000001 1.2750000000000001 -1.0483333333333331 60.125000000000007 214.87500000000003 302.22467041015631 541.84994506835949 506.61642456054693 2.5000000000000004 62.125000000000007
decision_type=2 2 2 2 2 2 2 2 2 2 2 2 2 2 2 2 2 2 2 2 2 2 2 2 2 2 2 2 2 2
left_child=1 8 28 -4 5 6 -5 21 9 -1 14 -10 15 -7 -2 16 17 -12 19 -18 -21 -6 23 -17 26 -26 27 -24 29 -3
right_child=10 2 3 4 7 13 -8 -9 11 -11 12 -13 -14 -15 -16 22 18 -19 -20 20 -22 -23 24 -25 25 -27 -28 -29 -30 -31
leaf_value=0.0055649456615841668 -0.016028564870357514 0.00087507325650485487 0.00018043150110451996 -0.020210762302546453 -6.8743189301198552e-05 -0.0017100792170457652 -0.00096598752231026683 0.0077665796484591119 0.00087606507316048449 0.0019737173281620165 -0.0079652029937798425 0.0049914268374742776 0.010227254352701659 -0.010532099638993923 -0.0039264528811917753 -0.0042637000743556645 -0.0045363674504578511 -0.0007242786097831688 0.010038158830640645 0.00093534726725233441 -0.010055774481346209 -0.0085427177494720504 -0.0016071925647338503 0.0070401955434073018 -0.0062939148640602993 0.0014896600704210311 -0.0030586365808923117 0.0073334975629377203 0.00035886535201825611 0.0035186438030901353
leaf_weight=427 20 948 5787 30 1798 2132 24 65 3368 1075 140 208 22 39 823 58 121 199 29 715 24 34 72 58 403 65 772 53 1796 697
leaf_count=427 20 948 5787 30 1798 2132 24 65 3368 1075 140 208 22 39 823 58 121 199 29 715 24 34 72 58 403 65 772 53 1796 697
internal_value=3.57234e-06 0.000480907 2.81177e-05 -0.000358383 -0.00111484 -0.00210613 -0.0116575 4.78519e-05 0.00167128 0.00299466 -0.00245763 0.00111544 -0.0019156 -0.00186856 -0.00421357 -0.00201422 -0.000887312 -0.00371463 0.000190822 -0.000141239 0.000578396 -0.000226011 -0.00294861 0.00138825 -0.00331716 -0.00521286 -0.0023281 0.00218366 0.00114112 0.00199518
internal_weight=22002 18428 13350 9909 4122 2225 54 1897 5078 1502 3574 3576 2731 2171 843 2709 1228 339 889 860 739 1832 1481 116 1365 468 897 125 3441 1645
internal_count=22002 18428 13350 9909 4122 2225 54 1897 5078 1502 3574 3576 2731 2171 843 2709 1228 339 889 860 739 1832 1481 116 1365 468 897 125 3441 1645
is_linear=0
shrinkage=0.05


Tree=58
num_leaves=31
num_cat=0
split_feature=6 32 33 6 3 9 19 19 33 28 3 33 23 4 18 4 19 28 0 9 2 4 1 28 4 23 15 0 0 23
split_gain=9.33123 3.58564 2.07316 1.45801 1.71507 1.82266 1.8283 1.44762 1.34846 1.42285 1.22798 1.19774 1.18055 1.26806 1.07606 1.15449 2.04357 1.07543 1.06913 1.03236 0.928475 0.920253 0.997717 1.04364 1.01255 0.916221 1.04834 0.987955 0.979385 0.905842
threshold=432.75000000000006 1.5000000000000002 -0.78656609248549303 14.125000000000002 99.125000000000014 14.90488910675049 0.061291274532746236 0.37754540293379674 -0.60355339059327362 16.500000000000004 22.125000000000004 0.98296291314453421 0.6026617937701243 20.859775543212894 0.65343750000000012 15.793378829956056 0.33749098066941913 11.500000000000002 20.436250686645511 519.54016113281261 998.63671875000011 21.677364349365238 71.687606811523452 10.500000000000002 8.6305685043334979 0.35168312746854596 0.080202290537177839 12.367499828338625 15.861249923706056 0.34718032172948804
decision_type=2 2 2 2 2 2 2 2 2 2 2 2 2 2 2 2 2 2 2 2 2 2 2 2 2 2 2 2 2 2
left_child=1 8 -3 -4 5 6 -5 21 9 -1 19 -10 13 20 15 16 -7 18 -17 -2 -12 22 24 29 -6 27 -27 -15 -28 -24
right_child=10 2 3 4 7 14 -8 -9 11 -11 12 -13 -14 25 -16 17 -18 -19 -20 -21 -22 -23 23 -25 -26 26 28 -29 -30 -31
leaf_value=0.0052866983880189115 -0.015227136518806221 0.0010840619079373055 0.0001714099272420244 -0.00078851834356707213 0.0056219872894210064 -0.0025191909056855042 -0.019303560391999781 0.0073782505668126622 0.00083226182025085459 0.0018750314673870467 0.0067901733152102685 0.004741855483511105 0.0097158917903222841 0.0022386326505379243 -0.010005494751609289 -0.001154600010869011 -0.015578464921864292 0.0020945089193207958 -0.011846695203954975 -0.0037301302201543617 -0.0029189123035914355 0.0014152700777286759 -0.0045875020755713905 0.0021924063401841101 -0.0058271855900772921 -0.0028153798450215686 0.0039195418723573967 -0.0055681130007459697 -0.00023265640976556949 -0.00045151030366299364
leaf_weight=427 20 3441 5787 24 22 890 30 65 3368 1075 25 208 22 55 39 905 31 282 24 823 1636 588 169 284 158 216 219 154 404 611
leaf_count=427 20 3441 5787 24 22 890 30 65 3368 1075 25 208 22 55 39 905 31 282 24 823 1636 588 169 284 158 216 219 154 404 611
internal_value=3.39372e-06 0.000456862 2.67118e-05 -0.000340464 -0.0010591 -0.00200083 -0.0110747 4.54593e-05 0.00158772 0.00284493 -0.00233474 0.00105967 -0.00181982 -0.00191351 -0.00177513 -0.00162458 -0.00295875 -0.000609894 -0.00143082 -0.00400289 -0.00277278 -0.000214711 -0.000985152 -0.000402742 -0.00442784 -0.000551622 0.000186251 -0.00351371 0.00122694 -0.00134764
internal_weight=22002 18428 13350 9909 4122 2225 54 1897 5078 1502 3574 3576 2731 2709 2171 2132 921 1211 929 843 1661 1832 1244 1064 180 1048 839 209 623 780
internal_count=22002 18428 13350 9909 4122 2225 54 1897 5078 1502 3574 3576 2731 2709 2171 2132 921 1211 929 843 1661 1832 1244 1064 180 1048 839 209 623 780
is_linear=0
shrinkage=0.05


Tree=59
num_leaves=31
num_cat=0
split_feature=6 32 33 6 3 9 19 19 33 28 28 3 19 33 8 16 4 19 5 16 33 21 24 4 0 0 4 25 5 32
split_gain=8.42143 3.23604 1.87103 1.31585 1.54785 1.64495 1.65004 1.30647 1.21698 1.28412 1.13965 1.19387 1.93829 1.08096 1.02766 1.02115 1.04797 1.845 1.09946 0.910603 0.884405 0.848231 1.96445 1.27997 0.944845 0.913507 0.89578 0.838862 0.83096 0.829901
threshold=432.75000000000006 1.5000000000000002 -0.78656609248549303 14.125000000000002 99.125000000000014 14.90488910675049 0.061291274532746236 0.37754540293379674 -0.60355339059327362 16.500000000000004 12.500000000000002 96.375000000000014 0.35878384886117026 0.98296291314453421 306.12500000000006 0.56166666666666687 15.793378829956056 0.33749098066941913 275.00447082519537 -0.88833333333333331 0.91597561503675362 0.49166666666666675 -0.90833333333333321 23.472312927246097 12.367499828338625 12.117499828338625 22.148045539855961 1.2750000000000001 258.56620788574224 2.5000000000000004
decision_type=2 2 2 2 2 2 2 2 2 2 2 2 2 2 2 2 2 2 2 2 2 2 2 2 2 2 2 2 2 2
left_child=1 8 29 20 5 6 -5 27 9 -1 19 -12 14 -10 28 16 17 -7 21 -2 -4 24 -23 25 -18 -24 -26 -6 -13 -3
right_child=10 2 3 4 7 15 -8 -9 13 -11 11 12 -14 -15 -16 -17 18 -19 -20 -21 -22 22 23 -25 26 -27 -28 -29 -30 -31
leaf_value=0.0050223634651967329 -0.0050962313873775629 0.001841213908880676 9.8630857285957652e-06 -0.0007490924380059976 -5.6846603821771084e-05 -0.0023265474329659283 -0.018338382380704087 0.0070093380409077966 0.00079064872764805837 0.0017812798878429782 -0.0018394275833986025 0.00010952780214166724 0.014282669173553586 0.0045047627056192139 -0.0068277051819988143 -0.0069621770240535785 0.0045429820044794022 -0.014937411875774463 0.0025863037119782731 -0.0024512232446641004 0.0026603843828922552 0.008525299644773646 -0.0062668232472876386 -0.0015453872652820069 0.00080527648920262628 -0.01675537706290085 -0.0032598027576666425 -0.0079844807452686579 0.0075299723857861697 0.00028671898612183235
leaf_weight=427 399 1645 5453 24 1798 873 30 65 3368 1075 1129 164 28 208 41 88 90 30 234 1764 334 31 103 146 308 26 242 34 49 1796
leaf_count=427 399 1645 5453 24 1798 873 30 65 3368 1075 1129 164 28 208 41 88 90 30 234 1764 334 31 103 146 308 26 242 34 49 1796
internal_value=3.22403e-06 0.000434019 2.53762e-05 -0.00032344 -0.00100614 -0.00190079 -0.0105209 4.31863e-05 0.00150833 0.00270268 -0.00221801 -0.00111255 0.00179755 0.00100668 0.000421241 -0.00168637 -0.00146349 -0.00274551 -0.000482414 -0.00293914 0.000162839 -0.00124148 -0.00340675 -0.00475182 -0.000206217 -0.0083808 -0.000983358 -0.000203975 0.00181658 0.00102986
internal_weight=22002 18428 13350 9909 4122 2225 54 1897 5078 1502 3574 1411 282 3576 254 2171 2083 903 1180 2163 5787 946 306 275 640 129 550 1832 213 3441
internal_count=22002 18428 13350 9909 4122 2225 54 1897 5078 1502 3574 1411 282 3576 254 2171 2083 903 1180 2163 5787 946 306 275 640 129 550 1832 213 3441
is_linear=0
shrinkage=0.05


Tree=60
num_leaves=31
num_cat=0
split_feature=6 25 3 20 4 28 7 34 28 0 23 25 8 9 19 5 5 8 5 0 21 3 32 3 24 36 33 19 17 4
split_gain=7.82943 2.44342 2.29029 1.93658 1.85188 1.51523 1.49989 1.49468 1.49283 1.27269 1.66478 1.15882 1.08552 1.0038 0.984958 0.9743 3.4488 1.07517 0.927743 1.00193 1.4224 1.47043 0.926852 0.896625 0.87705 0.927926 0.834317 0.833252 0.82918 0.827316
threshold=208.37500000000003 0.87333333333333341 99.125000000000014 0.23500000000000001 30.30027008056641 13.500000000000002 18.875000000000004 0.60355339059327384 11.500000000000002 12.048749446868898 0.35647619780842554 1.4083333333333334 250.87500000000003 169.69203186035159 0.37754540293379674 190.21434020996097 227.59552764892581 248.12500000000003 303.36073303222662 7.3237500190734872 0.56833333333333347 88.625000000000014 2.5000000000000004 18.625000000000004 -0.96833333333333316 1.0000000180025095e-35 -0.91597561503675329 0.35878384886117026 0.56166666666666687 41.209045410156257
decision_type=2 2 2 2 2 2 2 2 2 2 2 2 2 2 2 2 2 2 2 2 2 2 2 2 2 2 2 2 2 2
left_child=1 26 4 13 5 15 7 11 23 29 -11 -5 22 -3 -4 -2 17 24 -18 -20 -21 -22 -7 -8 25 -17 -1 -26 -24 -6
right_child=2 3 14 6 9 12 8 -9 -10 10 -12 -13 -14 -15 -16 16 18 -19 19 20 21 -23 28 -25 27 -27 -28 -29 -30 -31
leaf_value=0.0011556188071788127 -0.0039851703082797851 0.0022803029730544132 -0.00023632138443564147 0.0012671767362022015 0.0027705139840733918 0.00096676373819669565 -0.007546958978136265 0.00027352523715790735 0.0030446431799188121 -0.0083593113699950462 0.0013173327502456441 0.0032845249492129375 -0.009507684570659574 0.0057679052168636454 0.0040250963517865857 0.011101594796138151 -0.0040416985671918332 0.0083949139493764667 -0.0093427665454025085 -0.002480314627120441 0.0015272021558220413 0.017358850569210268 -0.0014617692902758393 -0.0018471793325514172 -0.0014718260668469989 0.0014607996519269617 -0.00030534362150023492 0.0076911750948056579 -0.011758734642353375 0.011907621251483418
leaf_weight=1173 1233 784 1618 2754 170 518 86 2898 135 62 157 960 36 280 148 35 1146 49 27 110 44 22 871 349 306 87 5855 27 20 29
leaf_count=1173 1233 784 1618 2754 170 518 86 2898 135 62 157 960 36 280 148 35 1146 49 27 110 44 22 871 349 306 87 5855 27 20 29
internal_value=-2.06548e-06 0.000623509 -0.001425 0.00120734 -0.00197661 -0.00227038 0.000912413 0.00112457 -0.00154856 0.00120778 -0.00142217 0.00178862 -0.000934165 0.00319809 0.000120808 -0.00289605 -0.00217135 0.0013577 -0.00348983 -0.000374373 0.00100146 0.00680442 -0.000715112 -0.00297403 0.000599843 0.0042266 -6.15034e-05 -0.00072888 -0.0016929 0.00410205
internal_weight=21989 15274 6715 8246 4949 4531 7182 6612 570 418 219 3714 1445 1064 1766 3086 1853 504 1349 203 176 66 1409 435 455 122 7028 333 891 199
internal_count=21989 15274 6715 8246 4949 4531 7182 6612 570 418 219 3714 1445 1064 1766 3086 1853 504 1349 203 176 66 1409 435 455 122 7028 333 891 199
is_linear=0
shrinkage=0.05


Tree=61
num_leaves=31
num_cat=0
split_feature=6 22 3 19 4 28 0 23 34 7 0 0 8 24 28 8 2 1 24 19 32 2 25 19 7 29 2 17 9 7
split_gain=7.06606 2.37889 2.06699 1.6739 1.67132 1.36749 1.14861 1.50246 1.00477 0.989863 1.21945 1.08801 0.979681 0.975515 1.1043 1.52432 1.74013 1.29761 0.902636 0.885684 0.836484 1.16052 0.81794 0.858102 0.814611 0.79237 0.938323 0.974075 0.900798 1.0751
threshold=208.37500000000003 0.84945312500000014 99.125000000000014 0.18901584720600331 30.30027008056641 13.500000000000002 12.048749446868898 0.35647619780842554 -0.12940952255126037 17.875000000000004 20.436250686645511 6.4175002574920663 250.87500000000003 -0.96833333333333316 8.5000000000000018 255.87500000000003 1004.2396850585939 59.975780487060554 -0.46833333333333327 0.25525613488599236 2.5000000000000004 1004.4494934082032 0.72833333333333339 0.067785063140476665 486.37500000000006 1.0000000180025095e-35 1003.644012451172 0.3116666666666667 675.71496582031261 65.625000000000014
decision_type=2 2 2 2 2 2 2 2 2 2 2 2 2 2 2 2 2 2 2 2 2 2 2 2 2 2 2 2 2 2
left_child=1 3 4 9 5 25 -6 -8 -5 22 11 -11 20 -4 -15 -16 -17 -18 -19 -3 -7 -22 -1 -24 -9 26 -2 -28 29 -27
right_child=2 19 13 8 6 12 7 24 -10 10 -12 -13 -14 14 15 16 17 18 -20 -21 21 -23 23 -25 -26 28 27 -29 -30 -31
leaf_value=-0.00037697778740937654 0.0048573654163628823 0.0019911762520655601 0.0021364412074068129 0.0027441745883459655 0.0038969496143373412 0.00091842553124848027 -0.0079413458569756439 -0.00057081445679068568 0.00073041824018007465 -0.0048297690687537989 -0.013578802631236614 -0.0004407424973387297 -0.009032300432833533 -0.0047837740156662202 0.0011554967709828743 -0.01634504244747487 -0.011455294850838982 -0.0016991559237936539 0.0078521198834534036 0.0070702128684044718 -0.012016544352137807 -0.0012954067116285155 0.001258200857080649 6.4274872447872574e-05 0.0083697498368565 -0.0087320841244808486 -0.0044094968260162109 -0.012758621275670044 -0.0036838762124973695 -0.0014968232752681338
leaf_weight=3456 25 1854 446 985 199 518 62 125 1669 167 20 914 36 139 805 22 32 295 27 90 26 865 2670 3449 32 53 433 38 895 1642
leaf_count=3456 25 1854 446 985 199 518 62 125 1669 167 20 914 36 139 805 22 32 295 27 90 26 865 2670 3449 32 53 433 38 895 1642
internal_value=-1.9622e-06 0.000592333 -0.00135375 0.000354039 -0.00187778 -0.00215686 0.00114739 -0.00135107 0.0014778 7.46777e-05 -0.00134513 -0.00111879 -0.000887457 0.000114767 -0.000568313 -7.2167e-05 -0.00270054 -0.00185258 -0.000898273 0.00222632 -0.000679356 -0.00160826 0.000237937 0.000585239 0.00125147 -0.00275125 -0.00458207 -0.0050831 -0.00240064 -0.00172306
internal_weight=21989 15274 6715 13330 4949 4531 418 219 2654 10676 1101 1081 1445 1766 1320 1181 376 354 322 1944 1409 891 9575 6119 157 3086 496 471 2590 1695
internal_count=21989 15274 6715 13330 4949 4531 418 219 2654 10676 1101 1081 1445 1766 1320 1181 376 354 322 1944 1409 891 9575 6119 157 3086 496 471 2590 1695
is_linear=0
shrinkage=0.05


Tree=62
num_leaves=31
num_cat=0
split_feature=6 32 33 2 28 6 22 35 8 5 33 28 3 34 9 21 0 4 6 25 25 8 19 17 1 19 1 17 1 3
split_gain=6.43938 2.3868 1.27182 1.09671 1.16682 1.29979 1.19712 1.52153 1.25176 1.09124 1.03876 1.32629 1.03595 1.8857 2.40475 1.40079 2.35378 1.19523 1.17163 1.67787 1.63492 1.23662 0.987404 0.985752 1.52625 0.964234 1.02514 0.946288 0.922534 0.909336
threshold=439.87500000000006 1.5000000000000002 -0.78656609248549303 1011.744598388672 9.5000000000000018 661.25000000000011 0.1848958333333334 0.6078576107927941 242.12500000000003 222.63600921630862 -0.37940952255126059 16.500000000000004 99.125000000000014 1.0000000180025095e-35 80.915683746337905 0.41833333333333339 12.523749828338625 28.805623054504398 365.37500000000006 1.0083333333333335 0.93500000000000016 145.37500000000003 0.080272683421513655 0.46833333333333338 81.734512329101577 0.37754540293379674 61.387336730957038 -0.215 72.020004272460952 66.625000000000014
decision_type=2 2 2 2 2 2 2 2 2 2 2 2 2 2 2 2 2 2 2 2 2 2 2 2 2 2 2 2 2 2
left_child=1 10 -3 4 -2 6 -6 -8 -9 -10 11 -1 13 14 15 -4 -17 18 21 20 -20 -16 -12 -23 -25 26 -14 -7 -29 -24
right_child=3 2 12 -5 5 27 7 8 9 -11 22 -13 25 -15 17 16 -18 -19 19 -21 -22 23 29 24 -26 -27 -28 28 -30 -31
leaf_value=0.0040767287232526045 -0.0042562504323931149 0.00084761137151539718 -0.0014159540928501105 -0.0027549575291983233 0.003085501699582069 -0.0037179448640253959 -0.0024816407491148173 0.0074903616022008171 0.0040457353494795303 -0.010834989341145213 0.001734642843751785 0.0012831716792052277 -0.0066701719120039419 -0.00018829384574053855 -0.0020597037440373759 -0.0065218651023778058 -0.024125913858784018 0.0019938237249725768 0.00036279315146441277 -0.0061434192902487805 0.012980327711972809 -0.0045119068281928775 -0.0018557355772965821 -0.017250096210993309 -0.00080525660443873633 0.0059973746220379869 0.00032945633602580673 0.0090001886440140583 -0.0047735068807378414 0.00066126742430464849
leaf_weight=635 224 3442 42 1988 336 331 359 84 28 22 1380 1284 53 4496 448 55 29 193 309 94 28 160 500 43 21 74 4009 31 20 1271
leaf_count=635 224 3442 42 1988 336 331 359 84 28 22 1380 1284 53 4496 448 55 29 193 309 94 28 160 500 43 21 74 4009 31 20 1271
internal_value=-1.86409e-06 0.000365531 1.8059e-05 -0.00199458 -0.000941173 -0.00032798 0.000783982 -0.0007846 0.00376195 -0.00250178 0.00129048 0.00220756 -0.000265939 -0.000690238 -0.00227726 -0.00887162 -0.0125995 -0.00163614 -0.0022713 -0.000236495 0.00141113 -0.00357636 0.000731961 -0.00660969 -0.0118541 0.00034117 0.000238127 -0.00274111 0.00359874 -4.93489e-05
internal_weight=21989 18566 13496 3423 1435 1211 829 493 134 50 5070 1919 10054 5918 1422 126 84 1296 1103 431 337 672 3151 224 64 4136 4062 382 51 1771
internal_count=21989 18566 13496 3423 1435 1211 829 493 134 50 5070 1919 10054 5918 1422 126 84 1296 1103 431 337 672 3151 224 64 4136 4062 382 51 1771
is_linear=0
shrinkage=0.05


Tree=63
num_leaves=31
num_cat=0
split_feature=6 22 33 9 34 25 0 8 16 0 3 1 23 33 3 19 0 25 16 5 5 36 5 22 20 25 33 9 22 14
split_gain=5.81154 2.23298 1.51642 2.4672 1.53637 1.48135 1.37019 1.11036 1.02398 0.975318 1.09592 1.81621 1.3304 0.951149 1.02852 1.29558 0.981157 0.977263 1.54766 1.36056 1.04434 0.966557 1.06398 0.926814 1.29194 0.893771 0.881938 0.855745 0.870364 0.806332
threshold=439.87500000000006 0.8032118055555556 0.12940952255126045 1.1908552646636965 0.37940952255126048 1.0750000000000002 12.523749828338625 190.62500000000003 -0.67499999999999993 7.1237502098083505 99.625000000000014 70.110530853271499 0.4106819725311735 1.0000000180025095e-35 97.625000000000014 0.35878384886117026 12.523749828338625 0.6216666666666667 -0.18499999999999997 135.02393341064456 215.80805969238284 1.0000000180025095e-35 315.64042663574224 0.34881944444444452 -0.82499999999999984 0.61166666666666669 0.78656609248549325 261.68034362792974 0.053281250000000009 -0.17875000000000005
decision_type=2 2 2 2 2 2 2 2 2 2 2 2 2 2 2 2 2 2 2 2 2 2 2 2 2 2 2 2 2 2
left_child=1 2 4 26 6 -5 8 9 -1 -7 11 -11 -13 14 -2 16 -16 18 19 -15 -21 22 23 24 -19 -18 -4 -27 -29 -24
right_child=13 -3 3 5 -6 7 -8 -9 -10 10 -12 12 -14 17 15 -17 25 21 -20 20 -22 -23 29 -25 -26 27 -28 28 -30 -31
leaf_value=-0.0063649054743083466 -0.001510646390414587 0.0017800143302456354 -2.5211495488271872e-05 -0.00081970230195139299 -0.00012332831586700345 -0.0049425924079357607 0.00040475099593267297 -0.011673021216043517 0.002257049276797951 0.010099945004497256 0.0016886679349088316 -0.003780726786715457 -0.016958532492968848 -0.0068700985386452645 0.01039056532511798 0.012859996087849141 0.0056086657177123328 -0.0059034808607776636 -0.017359164518050172 0.0023466246743642149 -0.0037654290538482842 -0.0004049677790535034 0.011093504131650148 -0.0066407980909298746 -0.0011417631747663891 -0.011861325065838174 0.0016122725506089301 -0.0080333330037613074 0.0015907387291477304 -0.0024577534801903229
leaf_weight=35 1092 2372 2531 2900 4134 313 2518 38 2139 21 177 148 22 217 24 25 48 201 22 105 209 628 23 171 489 20 1218 31 97 21
leaf_count=35 1092 2372 2531 2900 4134 313 2518 38 2139 21 177 148 22 217 24 25 48 201 22 105 209 628 23 171 489 20 1218 31 97 21
internal_value=-1.77088e-06 0.000347254 0.000137392 -0.000392162 0.000579468 -0.0013234 0.00119868 -0.003355 0.00211824 -0.00289086 -0.00114577 -0.00377244 -0.00548609 -0.00189485 -0.000853773 0.00207401 0.000848324 -0.00256212 -0.004364 -0.00382559 -0.00172159 -0.00191212 -0.00295797 -0.00334553 -0.00252887 -0.000320113 0.000506785 -0.00224296 -0.000740091 0.00462586
internal_weight=21989 18566 16194 7368 8826 3619 4692 719 2174 681 368 191 170 3423 1337 245 220 2086 553 531 314 1533 905 861 690 196 3749 148 128 44
internal_count=21989 18566 16194 7368 8826 3619 4692 719 2174 681 368 191 170 3423 1337 245 220 2086 553 531 314 1533 905 861 690 196 3749 148 128 44
is_linear=0
shrinkage=0.05


Tree=64
num_leaves=31
num_cat=0
split_feature=6 22 15 3 4 28 0 23 2 5 2 22 4 9 18 9 19 10 12 7 20 28 4 21 9 27 0 0 4 15
split_gain=5.30847 1.90532 1.65588 1.65067 1.38076 1.04259 0.96504 1.31548 0.891617 1.10085 0.915087 0.878679 0.824236 0.780804 0.753994 0.985188 0.746478 0.777247 0.746466 0.737223 0.727872 0.715575 0.708537 0.732294 0.687953 0.768564 0.754274 1.07864 0.824039 0.739143
threshold=208.37500000000003 0.32607638888888896 0.12970586371658119 99.125000000000014 30.30027008056641 14.500000000000002 12.048749446868898 0.35647619780842554 1020.0164794921876 237.03582000732425 986.63543701171886 0.84945312500000014 8.7086863517761248 381.41345214843756 0.52552083333333355 296.13528442382818 0.37754540293379674 0.12833333333333338 0.43833333333333341 486.37500000000006 -0.63166666666666649 10.500000000000002 41.209045410156257 0.79166666666666685 26.502526283264164 -0.55499999999999983 17.348750114440922 19.198750495910648 9.7440023422241229 0.046107764269479379
decision_type=2 2 2 2 2 2 2 2 2 2 2 2 2 2 2 2 2 2 2 2 2 2 2 2 2 2 2 2 2 2
left_child=1 20 11 4 5 -2 22 -8 10 -10 -5 14 -12 -7 -3 18 24 -18 -16 -9 -1 -4 23 -6 -14 -26 28 -28 -27 -29
right_child=3 2 21 8 6 13 7 19 9 -11 12 -13 16 -15 15 -17 17 -19 -20 -21 -22 -23 -24 -25 25 26 27 29 -30 -31
leaf_value=0.001718558414218193 -0.0023043682830302457 0.0016570776157324521 -0.00021812060080906925 -0.0084997180124951732 0.0048196921014988965 -0.003174117563729486 -0.007348674474163883 -0.0004804633399471641 -0.0051791054943379506 0.0012266962770934636 0.0039991035366256254 0.0018002155991706211 -0.0044474968508527645 0.00022299726177968436 -0.0068062676825017369 -0.0052993999555324897 0.010519775393528536 0.0015597022756992374 0.00042118114531010425 0.0080248303391272213 -0.00024598359993848574 0.0048591797253783433 0.010851846494037531 -0.0020472783696216844 0.0083322464038842713 -0.008591095954623252 -0.0047348347465719226 -0.0084945471634412014 0.0014787251079047938 0.0013066012901673399
leaf_weight=509 3510 1240 85 27 110 214 62 125 159 116 176 1862 82 807 36 78 34 84 4688 32 6398 378 29 60 29 21 164 21 624 229
leaf_count=509 3510 1240 85 27 110 214 62 125 159 116 176 1862 82 807 36 78 34 84 4688 32 6398 378 29 60 29 21 164 21 624 229
internal_value=-1.68234e-06 0.000513426 0.00102081 -0.00117335 -0.00164164 -0.00189531 0.00110802 -0.00118211 0.00013897 -0.00247702 0.000621464 0.000850569 0.000789682 -0.000489033 0.00055791 0.000274077 0.000351128 0.00414142 0.000366103 0.0012531 -0.00010121 0.00392706 0.00362831 0.00239606 -3.11409e-05 0.000301709 8.17986e-05 -0.00158378 0.00115087 0.000483305
internal_weight=21989 15274 8367 6715 4949 4531 418 219 1766 275 1491 7904 1464 1021 6042 4802 1288 118 4724 157 6907 463 199 170 1170 1088 1059 414 645 250
internal_count=21989 15274 8367 6715 4949 4531 418 219 1766 275 1491 7904 1464 1021 6042 4802 1288 118 4724 157 6907 463 199 170 1170 1088 1059 414 645 250
is_linear=0
shrinkage=0.05


Tree=65
num_leaves=31
num_cat=0
split_feature=0 34 28 33 28 1 2 4 19 33 9 23 15 29 25 8 4 1 25 17 4 36 21 18 13 20 2 26 4 10
split_gain=4.79441 2.402 1.9459 1.60347 2.01977 1.47232 1.19843 1.26776 1.13437 1.36315 1.08106 1.04649 1.60225 1.08057 1.10335 1.47444 0.964881 0.95494 1.68069 1.12019 1.17508 1.03835 1.03097 1.02647 0.983273 0.936946 0.884756 0.837659 0.832391 1.4335
threshold=12.598749637603762 -0.37940952255126015 14.500000000000002 -0.60355339059327362 17.500000000000004 89.800903320312514 1020.6126708984376 5.7888135910034189 0.078870498079700604 0.60355339059327384 12.923150062561037 0.34991005434665107 0.12009833919629838 2.5000000000000004 0.66166666666666674 190.62500000000003 23.349072456359867 68.780181884765639 0.84500000000000008 -0.061666666666666661 17.573939323425297 -0.56174490092936669 0.36833333333333335 -0.47510416666666649 0.058333333333333341 -0.105 1011.8343200683595 0.46166666666666673 28.805623054504398 0.48166666666666674
decision_type=2 2 2 2 2 2 2 2 2 2 2 2 2 2 2 2 2 2 2 2 2 2 2 2 2 2 2 2 2 2
left_child=3 2 5 4 -1 6 7 -2 -5 27 -11 13 -13 14 15 -9 -12 24 19 22 21 -21 23 -19 -14 -16 -4 28 -10 -30
right_child=1 -3 26 8 -6 -7 -8 11 9 10 16 12 17 -15 25 -17 -18 18 -20 20 -22 -23 -24 -25 -26 -27 -28 -29 29 -31
leaf_value=0.0033546551749159153 -0.0081894394699228955 -7.7342170652616542e-05 0.0018651453334358381 0.0010130717711946385 0.00070089372702147824 -0.011767965871601916 -0.0044921361790823842 0.0022618430215516129 3.9461441365023455e-05 0.00018907633110437608 -0.0043272020792881746 -0.0022491709354515422 -0.00044203319966017315 -0.0063757939135624863 0.0053277203076429773 -0.011912550339691861 -0.0001402162098675035 0.011927015166128836 -0.0039875130695872941 0.0040714326707244506 0.0036548647186947997 -0.004337829682720072 0.012697553982725368 0.0018166006236049618 -0.0061225544734675764 -0.0041931132599711419 -0.0010184680193421588 -0.0087674548551440242 0.0053480500769790716 0.00015248998328845959
leaf_weight=1176 73 6293 495 3777 1837 39 427 32 2557 444 441 1552 443 211 73 43 200 31 120 51 188 131 40 132 92 40 575 25 217 342
leaf_count=1176 73 6293 495 3777 1837 39 427 32 2557 444 441 1552 443 211 73 43 200 31 120 51 188 131 40 132 92 40 575 25 217 342
internal_value=1.48732e-05 -0.00071946 -0.00156341 0.00075354 0.00173668 -0.00210416 -0.00200171 -0.00167471 0.000383403 -0.000179365 -0.00170727 -0.00152511 -0.00118143 -0.00391968 -0.00116309 -0.00586481 -0.00302081 0.000168026 0.00139312 0.00251995 0.000882438 -0.00198139 0.00550459 0.00373944 -0.00141887 0.00195751 0.00031554 0.000348422 0.00042156 0.00216937
internal_weight=22097 11081 4788 11016 3013 3718 3679 3252 8003 4226 1085 3179 2780 399 188 75 641 1228 693 573 370 182 203 163 535 113 1070 3141 3116 559
internal_count=22097 11081 4788 11016 3013 3718 3679 3252 8003 4226 1085 3179 2780 399 188 75 641 1228 693 573 370 182 203 163 535 113 1070 3141 3116 559
is_linear=0
shrinkage=0.05


Tree=66
num_leaves=31
num_cat=0
split_feature=0 6 33 28 19 33 28 6 2 29 23 2 1 4 1 24 24 5 32 27 35 19 3 17 17 5 16 1 28 25
split_gain=4.32695 2.19868 1.44713 1.82284 1.02377 1.23025 1.02127 0.986895 1.17708 1.11602 1.13666 0.948878 1.29178 0.858662 2.38189 0.837267 0.850346 1.39287 1.3531 0.830888 0.815987 0.80847 0.802751 0.782934 1.05877 0.877398 0.741853 0.725675 0.717381 0.71558
threshold=12.598749637603762 477.37500000000006 -0.60355339059327362 17.500000000000004 0.078870498079700604 0.60355339059327384 12.500000000000002 10.125000000000002 1013.7949523925782 1.5000000000000002 0.23795525810023543 1012.2464599609376 74.174610137939467 32.242292404174812 82.770954132080092 -0.63166666666666649 -0.73333333333333328 226.5433044433594 2.5000000000000004 -0.38166666666666654 -0.8783796973249266 0.38146630826144384 99.625000000000014 0.55833333333333346 0.62833333333333352 279.73411560058599 0.69833333333333336 75.741744995117202 12.500000000000002 0.62833333333333352
decision_type=2 2 2 2 2 2 2 2 2 2 2 2 2 2 2 2 2 2 2 2 2 2 2 2 2 2 2 2 2 2
left_child=2 13 3 -1 26 21 15 -7 19 10 -10 -8 -13 29 20 16 -3 18 -18 -9 -15 -6 23 25 -25 -21 -4 -22 -23 -2
right_child=1 6 4 -5 5 7 11 8 9 -11 -12 12 -14 14 -16 -17 17 -19 -20 22 27 28 -24 24 -26 -27 -28 -29 -30 -31
leaf_value=0.0031869224073513775 -0.00098305636963166138 -0.0027910069803868381 0.00063760535615148056 0.00066584904262509989 0.00050230965017700787 0.0010307089549877553 0.0010240200045913423 0.0084739597038487376 0.0003151109402533621 -0.0028484612698845852 -0.011917481327111115 -0.0024106646835275834 0.0094149916505557492 -0.0090465482975040298 -0.02011172860162333 -0.0076053213269205583 -0.0016647188900969926 -0.0056589209554213267 0.010176958825188475 -0.003396137640993402 0.0041136939143683075 -0.0056668812808853518 0.00082031435528266683 -0.016691674949834125 -0.0040570336900478633 0.0069667675982539859 0.0024741593311272576 -0.0047458064003397969 0.0024146923969965428 7.3919543717025757e-05
leaf_weight=1176 2187 1450 3109 1837 3004 265 457 23 25 260 79 611 24 28 20 82 45 49 52 64 59 99 222 20 97 30 668 38 38 5979
leaf_count=1176 2187 1450 3109 1837 3004 265 457 23 25 260 79 611 24 28 20 82 45 49 52 64 59 99 222 20 97 30 668 38 38 5979
internal_value=1.41296e-05 -0.000683487 0.000715863 0.00164985 0.000364233 -0.000170396 -0.00190346 -0.00162191 -0.00247916 -0.00459946 -0.00897695 -0.000713351 -0.00196371 -0.00027688 -0.00409083 -0.00267795 -0.00242479 0.00121235 0.0046834 -0.000786633 -0.00152749 0.000331001 -0.00127854 -0.0034868 -0.0062168 -8.88275e-05 0.000962418 0.000642962 -0.00342528 -0.000209157
internal_weight=22097 11081 11016 3013 8003 4226 2770 1085 820 364 104 1092 635 8311 145 1678 1596 146 97 456 125 3141 433 211 117 94 3777 97 137 8166
internal_count=22097 11081 11016 3013 8003 4226 2770 1085 820 364 104 1092 635 8311 145 1678 1596 146 97 456 125 3141 433 211 117 94 3777 97 137 8166
is_linear=0
shrinkage=0.05


Tree=67
num_leaves=31
num_cat=0
split_feature=0 34 20 0 3 19 25 18 19 5 24 23 35 7 13 25 23 1 20 4 27 23 10 5 15 21 11 1 23 29
split_gain=3.90508 2.0201 1.52554 1.22341 1.16952 1.39662 1.25002 1.38186 1.26489 1.14275 3.0435 1.13405 1.36727 1.4531 1.12577 1.16396 1.07345 1.06572 0.994658 0.958951 0.994765 0.890992 0.876163 0.955682 0.833732 0.803806 0.863746 0.778642 1.0978 0.760322
threshold=12.598749637603762 -0.78656609248549325 0.36166666666666675 3.123749971389771 96.375000000000014 0.39259953863543268 0.59166666666666679 0.095416666666666608 0.16347888827442991 232.68560028076175 -0.81499999999999984 0.35647619780842554 -0.8783796973249266 291.37500000000006 -0.38833333333333325 0.65166666666666673 0.44268071138296444 74.78845596313478 -1.0483333333333331 24.396818161010746 -0.10999999999999996 0.34718032172948804 -0.28499999999999998 78.90360260009767 0.21048774685359184 0.50166666666666682 -0.098333333333333342 65.903804779052749 0.4106819725311735 1.5000000000000002
decision_type=2 2 2 2 2 2 2 2 2 2 2 2 2 2 2 2 2 2 2 2 2 2 2 2 2 2 2 2 2 2
left_child=3 2 4 -1 6 18 -2 9 -9 10 -8 -11 -13 17 -12 -16 -10 -14 -6 20 29 -17 23 -3 -25 26 -21 28 -20 -5
right_child=1 22 -4 19 5 -7 7 8 16 11 14 12 13 -15 15 21 -18 -19 27 25 -22 -23 -24 24 -26 -27 -28 -29 -30 -31
leaf_value=0.0021174455408370331 -0.006922979437111846 -0.0051824788788206793 -0.014128933623433114 -0.0036367298022703452 0.006958762540413839 0.0099829721679270747 -0.0018673209302876395 -0.018614923887486971 -0.0092691506957635287 -0.0097829779093929897 0.00053856580815245887 0.0044597775958884027 -0.01526561186225835 -0.0024710367676530638 0.018640175983309745 0.014244294492527843 0.00248569687527995 -0.001187349680112675 -0.010423228837193009 -0.00074352649360169044 0.00040449905431372811 0.00196632355865505 -9.9493065852173328e-05 -0.0015460063362905613 0.0046090510658553388 0.001042439901570091 0.006461612441814802 -0.00017432221621450198 -0.0016931175790202138 -0.00043346611140140267
leaf_weight=1305 145 169 25 264 41 32 687 21 52 60 58 62 41 495 25 22 31 20 47 59 6116 45 7576 561 61 2510 141 651 154 621
leaf_count=1305 145 169 25 264 41 32 687 21 52 60 58 62 41 495 25 22 31 20 47 59 6116 45 7576 561 61 2510 141 651 154 621
internal_value=1.34231e-05 -0.000649313 -0.00183467 0.00068007 -0.00172036 -0.00028038 -0.00247546 -0.00207713 -0.00765243 -0.0016944 -0.000458482 -0.00322017 -0.002583 -0.00336835 0.005994 0.0094333 -0.00487879 -0.0106498 -0.000648159 0.00048691 0.00017778 0.0059979 -0.000264821 -0.00184829 -0.000942375 0.00128551 0.0043361 -0.00101422 -0.00373449 -0.00138902
internal_weight=22097 11081 2714 11016 2689 925 1764 1619 104 1515 837 678 618 556 150 92 83 61 893 9711 7001 67 8367 791 622 2710 200 852 201 885
internal_count=22097 11081 2714 11016 2689 925 1764 1619 104 1515 837 678 618 556 150 92 83 61 893 9711 7001 67 8367 791 622 2710 200 852 201 885
is_linear=0
shrinkage=0.05


Tree=68
num_leaves=31
num_cat=0
split_feature=0 28 28 33 28 1 2 3 19 6 4 19 33 25 0 20 6 2 29 5 5 2 8 17 3 9 19 4 21 6
split_gain=3.52433 1.89792 1.658 1.29589 1.63124 1.24443 1.01256 1.31485 1.60432 1.34869 1.17184 0.912395 1.09701 0.909906 0.91064 0.909451 0.865704 1.05731 0.972957 0.83511 2.34407 1.40292 1.29527 1.06772 1.03181 0.980889 1.00859 0.883667 0.80829 1.07742
threshold=12.598749637603762 14.500000000000002 7.5000000000000009 -0.60355339059327362 16.500000000000004 89.800903320312514 1020.6126708984376 98.875000000000014 0.36322510460452978 217.12500000000003 5.7888135910034189 0.078870498079700604 0.60355339059327384 0.59166666666666679 14.198750019073488 -1.0483333333333331 10.125000000000002 1013.7949523925782 1.5000000000000002 230.17874145507815 190.92264556884768 1018.7424621582032 207.12500000000003 0.32833333333333342 25.125000000000004 273.23641967773443 0.23819799930409019 14.148712158203127 -0.041666666666666664 443.87500000000006
decision_type=2 2 2 2 2 2 2 2 2 2 2 2 2 2 2 2 2 2 2 2 2 2 2 2 2 2 2 2 2 2
left_child=3 2 -2 4 -1 6 7 9 10 -4 -9 -5 -13 -11 -15 -12 -14 -18 -19 20 21 23 24 -16 -21 -22 -27 -26 -24 -30
right_child=1 -3 5 11 -6 -7 -8 8 -10 13 15 12 16 14 19 -17 17 18 -20 22 25 -23 28 -25 27 26 -28 -29 29 -31
leaf_value=0.0035242247549011189 -0.00028495766193337862 0.00021799962565072049 -0.013434821062345201 0.00087802963023285755 0.00085122037958220418 -0.010729058731633885 -0.0040395512472155481 -0.010636865706786652 0.0091924270169566509 -0.0057030821105714868 0.0089723839338316964 0.00028207556749885435 0.00092235985391318602 -0.0051080618360881801 -0.0023754024680551445 -0.00034305949510344159 -0.00076084207869072133 -0.0084617728378571684 -0.0027395577380733673 -0.0039002633621214554 0.010529569059144706 0.0062039685772454492 -7.4484199913236885e-05 -0.01382524741902238 -0.0066447377664429182 -0.0015154673858476734 0.0040239000508639341 0.0014706993367485507 -7.7551853887382016e-05 -0.0091378594522053998
leaf_weight=765 3146 4217 26 3777 2248 39 427 27 46 153 27 3141 265 180 669 885 456 104 260 223 36 47 51 21 38 135 210 286 42 150
leaf_count=765 3146 4217 26 3777 2248 39 427 27 46 153 27 3141 265 180 669 885 456 104 260 223 36 47 51 21 38 135 210 286 42 150
internal_value=1.27519e-05 -0.000616847 -0.00112975 0.000646066 0.0015299 -0.00184457 -0.00175039 -0.00144981 7.54345e-05 -0.00211252 -0.000371191 0.000313319 -0.000191393 -0.00198116 -0.00170844 -6.72733e-05 -0.00156205 -0.00236494 -0.00437448 -0.00138772 -0.000508401 -0.00215453 -0.00263212 -0.00272388 -0.0012827 0.00267584 0.00185632 0.000518889 -0.00566969 -0.00715592
internal_weight=22097 11081 6864 11016 3013 3718 3679 3252 985 2267 939 8003 4226 2241 2088 912 1085 820 364 1908 1118 737 790 690 547 381 345 324 243 192
internal_count=22097 11081 6864 11016 3013 3718 3679 3252 985 2267 939 8003 4226 2241 2088 912 1085 820 364 1908 1118 737 790 690 547 381 345 324 243 192
is_linear=0
shrinkage=0.05


Tree=69
num_leaves=31
num_cat=0
split_feature=0 28 28 33 28 8 5 23 25 36 2 12 22 3 0 19 24 8 2 22 0 0 17 17 21 16 29 23 19 13
split_gain=3.18366 1.6988 1.49507 1.15212 1.49567 1.06066 1.62296 1.70185 1.39373 1.58907 1.34772 1.1943 1.90308 1.39448 1.24644 1.14799 1.0592 0.990692 1.40673 1.1527 0.984118 0.955978 0.94601 0.896479 1.27931 0.856758 0.834098 1.08461 0.920291 0.890361
threshold=12.461249828338625 14.500000000000002 7.5000000000000009 -0.60355339059327362 17.500000000000004 165.62500000000003 234.430778503418 0.38560146901853493 0.6083333333333335 -0.22252093395631442 1016.2378234863282 0.058333333333333341 0.1074652777777778 90.625000000000014 19.498750686645511 0.21218400685089117 -0.99833333333333318 184.12500000000003 1012.8006286621095 0.23098958333333339 16.267500877380375 22.023751258850101 -0.19833333333333328 0.29166666666666669 0.34833333333333338 0.055000000000000007 4.5000000000000009 0.44897241823231943 0.21707557565029131 -0.7749999999999998
decision_type=2 2 2 2 2 2 2 2 2 2 2 2 2 2 2 2 2 2 2 2 2 2 2 2 2 2 2 2 2 2
left_child=3 2 -2 4 -1 25 8 10 20 17 -8 12 16 15 -14 -13 -11 18 -10 -19 -7 -22 -12 24 -21 -4 27 -9 29 -28
right_child=1 -3 5 -5 -6 6 7 26 9 11 22 13 14 -15 -16 -17 -18 19 -20 23 21 -23 -24 -25 -26 -27 28 -29 -30 -31
leaf_value=0.0028599752882811072 -0.00026911109950929652 0.00020836263532469912 -0.0023069247069859538 0.00030650271430191097 0.00056304267716675304 0.0041729254531674091 -0.0091389915768577464 -0.0060735347460874056 -0.0016115265688858927 0.0044108885141957389 0.0052113033198539225 -0.015122239567339421 0.0055925657670013607 0.0024160168974996865 0.015003093367719905 -0.00038119369585599218 -0.0035383808319602397 6.0264353070284847e-06 0.012851876174581462 -0.0085091709813357088 -0.0079399656550958753 0.00085247008774299606 -0.005555895308041763 -0.01122810899437552 0.0020065899255120607 -0.0060677774982063996 -0.0099334426439152326 -0.00087553423093076992 0.0047970599560725573 0.00065477843956960853
leaf_weight=1164 3230 4271 1457 7869 1812 32 149 146 40 88 34 25 140 119 47 28 80 272 29 55 110 43 51 46 61 169 26 321 99 84
leaf_count=1164 3230 4271 1457 7869 1812 32 149 146 40 88 34 25 140 119 47 28 80 272 29 55 110 43 51 46 61 169 26 321 99 84
internal_value=1.21143e-05 -0.000577091 -0.00105763 0.000623431 0.00146144 -0.00173663 -0.00100116 -0.00259782 0.000194691 0.000912384 -0.00627297 0.00283106 0.00448787 -0.000588508 0.00795778 -0.00733452 0.000625522 -0.00109784 0.00446729 -0.00198262 -0.00380112 -0.00546889 -0.00124902 -0.00532158 -0.00297933 -0.00269781 -0.00132565 -0.00250061 0.00129972 -0.00184789
internal_weight=22097 11252 6981 10845 2976 3751 2125 910 1215 1030 234 527 355 172 187 53 168 503 69 434 185 153 85 162 116 1626 676 467 209 110
internal_count=22097 11252 6981 10845 2976 3751 2125 910 1215 1030 234 527 355 172 187 53 168 503 69 434 185 153 85 162 116 1626 676 467 209 110
is_linear=0
shrinkage=0.05


Tree=70
num_leaves=31
num_cat=0
split_feature=6 0 28 4 2 5 18 7 25 3 13 34 2 25 27 15 34 9 26 1 0 23 20 35 13 25 13 21 4 5
split_gain=3.12343 1.39454 1.22146 1.31134 1.06506 1.13802 1.39981 1.22243 1.04714 0.950334 1.89775 0.922931 0.881825 1.04874 0.92491 0.835605 0.832481 2.28232 0.832362 0.787925 0.88074 0.864995 0.926114 0.894714 1.52226 0.839377 0.838061 0.776283 0.769839 0.917859
threshold=208.37500000000003 3.123749971389771 11.500000000000002 39.012725830078132 1021.0381774902345 324.08554077148443 0.27031250000000001 308.87500000000006 0.59833333333333349 99.125000000000014 -0.19499999999999998 0.37940952255126048 1011.744598388672 1.2916666666666667 0.74166666666666681 0.12970586371658119 -0.60355339059327384 5.2465488910675058 -0.13833333333333334 73.041229248046889 12.523749828338625 0.42442500568652725 -1.0983333333333332 0.6078576107927941 0.37166666666666676 1.0083333333333335 0.44166666666666671 0.59833333333333349 10.366341114044191 250.28643035888675
decision_type=2 2 2 2 2 2 2 2 2 2 2 2 2 2 2 2 2 2 2 2 2 2 2 2 2 2 2 2 2 2
left_child=1 -1 3 4 5 18 7 -7 -4 10 -3 -11 13 -10 19 16 17 -12 27 20 25 23 -23 24 -22 -14 -21 -2 -15 -30
right_child=2 9 8 -5 -6 6 -8 -9 12 11 15 -13 14 28 -16 -17 -18 -19 -20 26 21 22 -24 -25 -26 -27 -28 -29 29 -31
leaf_value=0.0019828234193638946 -0.00063420241690286059 -0.012705545344700418 -0.0033853819089400198 0.0087755616040279469 -0.0039831207794707429 0.019371890303279675 -0.0018503569459749594 0.0023115645517550764 0.0010791519077126882 0.0012057588017444726 -0.017826562712434681 4.6545814427387566e-05 0.0054179040018546704 -0.013152412289664859 -0.0096757542855780698 0.0024185853570297057 -0.00012100047043079195 -0.0014480996019676027 -0.0019724917233005556 0.0029173910379960526 -0.009000494222780089 0.0066296549941841009 -0.0014394971535039436 0.00086343042609580566 0.0043059495277702814 -0.0011340146347397293 -0.0023226328956230577 0.0044931644998531754 0.0062395526351229774 -0.0073897274195527038
leaf_weight=1258 391 30 252 30 448 21 45 21 1534 3680 24 3219 90 21 29 314 6651 187 2077 260 124 37 913 53 26 107 108 91 21 30
leaf_count=1258 391 30 252 30 448 21 45 21 1534 3680 24 3219 90 21 29 314 6651 187 2077 260 124 37 913 53 26 107 108 91 21 30
internal_value=-5.76146e-06 0.000387703 -0.000904081 -0.00162774 -0.00172861 -0.00134689 0.00427686 0.0108417 -0.000276981 0.000245437 -0.000156139 0.000664882 -4.33639e-05 0.000802339 -0.000820811 -0.000103675 -0.000219092 -0.00331105 -0.00153809 -0.000671338 -0.0012304 -0.00175829 -0.00112522 -0.00472091 -0.00669404 0.00185925 0.00137956 0.000333827 -0.0050953 -0.00177767
internal_weight=22092 15363 6729 3124 3094 2646 87 42 3605 14105 7206 6899 3353 1606 1747 7176 6862 211 2559 1718 1350 1153 950 203 150 197 368 482 72 51
internal_count=22092 15363 6729 3124 3094 2646 87 42 3605 14105 7206 6899 3353 1606 1747 7176 6862 211 2559 1718 1350 1153 950 203 150 197 368 482 72 51
is_linear=0
shrinkage=0.05


Tree=71
num_leaves=31
num_cat=0
split_feature=6 22 28 4 25 33 16 20 3 24 31 13 1 8 8 8 22 26 5 22 0 29 26 5 10 23 16 25 6 8
split_gain=2.81889 1.4454 1.10237 1.18348 0.945047 0.9391 0.928918 0.834539 0.834439 0.938656 0.819077 1.28169 0.791044 0.786045 0.780014 0.694002 0.628337 0.627737 0.709448 0.958276 1.55528 0.971445 0.756443 0.82811 0.884138 0.706465 0.72655 1.01777 0.801095 0.683911
threshold=208.37500000000003 0.84945312500000014 11.500000000000002 39.012725830078132 0.59833333333333349 -0.78656609248549303 -0.88833333333333331 0.24166666666666672 26.875000000000004 -1.1033333333333333 1.0000000180025095e-35 0.36833333333333335 54.513587951660163 193.37500000000003 16.125000000000004 244.12500000000003 0.28468750000000004 -0.13833333333333334 282.06051635742193 0.38420138888888894 11.367499828338625 5.5000000000000009 0.083333333333333398 239.05722808837893 0.22166666666666668 0.5502106404822108 -0.6349999999999999 0.91500000000000015 620.12500000000011 199.62500000000003
decision_type=2 2 2 2 2 2 2 2 2 2 2 2 2 2 2 2 2 2 2 2 2 2 2 2 2 2 2 2 2 2
left_child=1 5 3 6 15 14 -2 -3 13 -10 12 -12 -11 -6 -1 -4 -16 -8 19 22 21 -21 -19 24 -24 26 28 -28 -20 -29
right_child=2 7 4 -5 8 -7 17 -9 9 10 11 -13 -14 -15 16 -17 -18 18 25 20 -22 -23 23 -25 -26 -27 27 29 -30 -31
leaf_value=0.00019054378197629553 -0.0049377647739602256 0.0070441573838014972 -0.0020092862258304827 0.0083367835575093828 -0.0012043326053482167 -5.8389928988564941e-05 0.00013011567382397802 0.0014448705962780306 0.009648814114431541 -0.0031087444888880846 -0.0079145025852245879 0.0051377180229442631 0.00067175303455903508 -0.0096051560265236896 0.0008981912265071247 -0.0089211112025871196 0.0029296642761305839 -0.0020907419316223415 0.013865597076206047 -0.0035693006758249837 -0.0092790838887305115 0.0046838698832462325 0.0036212983354492649 -0.0037833254487710435 -0.0045650165859842679 -0.0066090929612983018 -0.00242282410112019 0.00097018981172628373 0.00078343042275810153 0.010044505218199145
leaf_weight=1790 200 69 208 30 699 10049 536 1871 27 147 68 26 2357 29 948 44 636 1344 22 236 113 42 188 78 40 32 149 56 25 33
leaf_count=1790 200 69 208 30 699 10049 536 1871 27 147 68 26 2357 29 948 44 636 1344 22 236 113 42 188 78 40 32 149 56 25 33
internal_value=-5.47339e-06 0.000368318 -0.000858877 -0.00154635 -0.000263132 0.000183943 -0.00164218 0.00164402 -4.11957e-05 0.00037419 0.000277803 -0.00430431 0.000449815 -0.00153898 0.000905698 -0.00321611 0.00171386 -0.00141442 -0.00176552 -0.00210731 -0.00433291 -0.00232242 -0.00157991 0.000663739 0.0021851 0.000435131 0.00122606 0.000104195 0.006907 0.00433482
internal_weight=22092 15363 6729 3124 3605 13423 3094 1940 3353 2625 2598 94 2504 728 3374 252 1584 2894 2358 2041 391 278 1650 306 228 317 285 238 47 89
internal_count=22092 15363 6729 3124 3605 13423 3094 1940 3353 2625 2598 94 2504 728 3374 252 1584 2894 2358 2041 391 278 1650 306 228 317 285 238 47 89
is_linear=0
shrinkage=0.05


Tree=72
num_leaves=31
num_cat=0
split_feature=6 22 28 4 2 9 1 20 2 31 2 18 23 4 8 2 5 18 22 20 5 8 24 0 21 19 36 5 19 4
split_gain=2.55193 1.33879 1.05647 1.00138 0.967177 1.42517 1.04937 1.09725 1.06748 1.12547 1.14539 1.29116 1.11488 1.02881 1.01901 0.929514 0.987945 1.22279 1.25153 0.927256 0.877268 1.27117 1.01577 1.83705 1.40103 1.13799 1.04385 1.00237 0.961457 0.923947
threshold=197.12500000000003 0.84945312500000014 11.500000000000002 39.012725830078132 1003.1394653320314 113.69772338867189 60.85876655578614 -0.78583333333333327 1004.4494934082032 1.0000000180025095e-35 1011.744598388672 0.19177083333333331 0.33972639729812032 10.366341114044191 248.12500000000003 1021.0381774902345 324.08554077148443 0.27031250000000001 0.36717013888888889 0.47166666666666673 251.9533615112305 153.12500000000003 -0.69166666666666654 16.517500877380375 0.63833333333333353 0.36765723981757265 -0.22252093395631442 280.93406677246099 0.12311570511272989 7.2471520900726327
decision_type=2 2 2 2 2 2 2 2 2 2 2 2 2 2 2 2 2 2 2 2 2 2 2 2 2 2 2 2 2 2
left_child=1 -1 3 15 5 -4 7 -6 -8 10 11 -10 -13 -7 -11 16 20 18 -18 -3 22 -22 23 -2 25 -25 -24 -23 -28 -29
right_child=2 19 4 -5 6 13 8 -9 9 14 -12 12 -14 -15 -16 -17 17 -19 -20 -21 21 27 26 24 -26 -27 28 29 -30 -31
leaf_value=0.00017933365241062772 0.0021281590680181438 0.0060071702059108899 -0.0066643720958381898 0.0074825280646402996 -0.001386935850255607 -0.0054717298597097399 -0.0049544595247496244 -0.0072246630536392329 0.002499634798931671 -0.0023164015412527389 -0.00045194919780081944 0.00073248954832934039 -0.0098283321954446244 0.0042531268844577799 -0.01485399314690204 -0.0036062232707314624 0.0015543122332365741 -0.00161463117895081 0.018816505851490157 0.0013188280152654809 -1.1078223816870729e-05 -0.0069683727587958088 -0.0055409685553361974 -0.0020412271335689919 0.0099905299125776573 0.007839138172566892 -0.005420779710931873 -0.012108132797293366 0.0019610442899196424 -0.00072490001919327262
leaf_weight=13240 527 112 40 31 762 30 103 90 815 71 1375 64 41 291 21 468 21 46 21 1807 228 219 210 1020 26 30 66 20 133 164
leaf_count=13240 527 112 40 31 762 30 103 90 815 71 1375 64 41 291 21 468 21 46 21 1807 228 219 210 1020 26 30 66 20 133 164
internal_value=-5.19972e-06 0.000358223 -0.000799823 -0.00146069 -0.000223373 0.00223527 -0.000488953 -0.0020036 2.93101e-05 0.000244362 0.000461739 0.0018273 -0.00339126 0.00334426 -0.00517824 -0.00154735 -0.00119453 0.00401721 0.0101854 0.00159246 -0.00136806 -0.00299468 -0.000857922 -0.000290445 -0.00147502 -0.00175893 -0.00308204 -0.00468268 -0.000487199 -0.00196221
internal_weight=22092 15159 6933 3230 3703 361 3342 852 2490 2387 2295 920 105 321 92 3199 2731 88 42 1919 2643 631 2012 1603 1076 1050 409 403 199 184
internal_count=22092 15159 6933 3230 3703 361 3342 852 2490 2387 2295 920 105 321 92 3199 2731 88 42 1919 2643 631 2012 1603 1076 1050 409 403 199 184
is_linear=0
shrinkage=0.05


Tree=73
num_leaves=31
num_cat=0
split_feature=0 28 28 4 27 1 4 4 3 15 8 23 5 23 25 5 35 16 1 22 3 8 1 12 10 6 7 5 17 21
split_gain=2.40863 1.44743 1.14031 1.08314 1.30125 1.0497 1.64879 1.00354 0.838781 1.30563 0.827005 0.788994 0.757924 1.44519 1.1385 1.13563 1.01772 0.967905 0.932035 0.910086 0.902237 1.246 0.865788 0.848557 0.844205 1.00818 0.924552 0.840255 0.965625 0.894332
threshold=12.523749828338625 14.500000000000002 7.5000000000000009 24.009590148925785 -0.15333333333333321 82.410957336425795 30.650475502014164 11.402576923370363 89.875000000000014 0.17776128365190566 193.37500000000003 0.32850582372966664 233.22824859619143 0.42038856265435648 0.68500000000000016 190.92264556884768 0.6078576107927941 -0.56833333333333325 75.900325775146499 0.27529513888888896 98.875000000000014 208.62500000000003 60.85876655578614 -0.0083333333333333315 0.025000000000000005 485.62500000000006 121.12500000000001 14.325294494628908 0.31833333333333341 0.40833333333333338
decision_type=2 2 2 2 2 2 2 2 2 2 2 2 2 2 2 2 2 2 2 2 2 2 2 2 2 2 2 2 2 2
left_child=3 2 -2 4 8 12 7 -7 -1 -10 -9 -11 15 14 23 27 18 19 -17 -16 21 22 -15 -14 25 -18 -26 -4 29 -29
right_child=1 -3 5 -5 -6 6 -8 10 9 11 -12 -13 13 20 17 16 24 -19 -20 -21 -22 -23 -24 -25 26 -27 -28 28 -30 -31
leaf_value=-0.0040080813767821785 -0.00026969406043166061 0.00020413216695676362 0.0037321903775642874 0.0012973473985448977 0.0003803637900581748 -0.0082483885739045807 -0.018047049595043062 -0.0041534127094200813 -0.0020086091346006611 0.014301063510633649 0.0014485401451500887 0.002106017805635929 -0.0062427687874413787 -0.0034646101060930392 0.0064892134347852952 0.00093160489613301658 0.013800503545078552 -0.0048488382244536747 -0.0039357274261870882 -0.003526387097270683 0.0024349376571128809 -0.0052100732461495894 0.00083163674381257118 -0.016479324476550455 0.005549765563707545 0.0035039668033797558 -0.0046431404835958453 -0.0020234760287759375 -0.0099294716123646751 0.002934567640639014
leaf_weight=288 3166 4254 71 3194 7195 79 20 160 194 21 112 36 169 173 48 414 36 142 129 43 152 196 364 23 44 70 45 1119 36 99
leaf_count=288 3166 4254 71 3194 7195 79 20 160 194 21 112 36 169 173 48 414 36 142 129 43 152 196 364 23 44 70 45 1119 36 99
internal_value=-4.93973e-06 -0.000521472 -0.000968176 0.000522748 0.000202852 -0.00155883 -0.00408322 -0.00328756 -0.00216671 -5.39092e-05 -0.00184673 0.00659893 -0.00128116 -0.00222173 -0.00461821 -0.000683908 0.000887967 -0.00226904 -0.000224723 0.00175657 -0.00107088 -0.00179787 -0.000552443 -0.00746902 0.00398638 0.0070009 0.000396049 -0.00155941 -0.00185902 -0.00162048
internal_weight=22092 11164 6910 10928 7734 3744 371 351 539 251 272 57 3373 1310 425 2063 738 233 543 91 885 733 537 192 195 106 89 1325 1254 1218
internal_count=22092 11164 6910 10928 7734 3744 371 351 539 251 272 57 3373 1310 425 2063 738 233 543 91 885 733 537 192 195 106 89 1325 1254 1218
is_linear=0
shrinkage=0.05


Tree=74
num_leaves=31
num_cat=0
split_feature=0 28 28 33 28 19 33 3 15 6 6 18 2 3 10 20 5 5 2 8 19 23 3 25 15 8 0 7 0 25
split_gain=2.17378 1.30631 1.02913 0.980657 1.50539 0.949621 0.884805 1.19814 1.10477 0.920638 0.839282 1.07194 0.837735 1.17309 1.26272 1.0304 0.881661 1.40589 1.29414 1.15178 1.06196 0.847023 0.939534 0.785769 0.772146 0.736393 0.724933 1.44953 0.713284 0.827132
threshold=12.523749828338625 14.500000000000002 7.5000000000000009 -0.60355339059327362 16.500000000000004 0.073348325487494939 0.37940952255126054 86.125000000000014 0.17776128365190566 0.37500000000000006 150.37500000000003 0.5419791666666669 1020.1455383300782 98.875000000000014 0.2116666666666667 -1.0483333333333331 230.17874145507815 177.4257507324219 1017.2376708984376 217.12500000000003 0.19603494252849638 0.42038856265435648 38.625000000000007 0.56666666666666676 0.098031551988238472 177.12500000000003 23.111250877380375 491.12500000000006 13.973749637603762 0.86833333333333351
decision_type=2 2 2 2 2 2 2 2 2 2 2 2 2 2 2 2 2 2 2 2 2 2 2 2 2 2 2 2 2 2
left_child=3 2 -2 4 25 -5 -7 9 -9 -8 11 -4 13 14 16 -15 17 18 26 21 -20 -18 -23 -19 -22 -1 -12 -28 -25 -30
right_child=1 -3 10 5 -6 6 7 8 -10 -11 12 -13 -14 15 -16 -17 19 23 20 -21 24 22 -24 28 -26 -27 27 -29 29 -31
leaf_value=0.003510290533082946 -0.00025620935339098425 0.00019392555957539715 -0.0033923569767336757 0.00083176211187116012 0.00061442170522650412 0.00026424592457961288 0.0010590202814858892 -0.00053138295225700399 0.0071562899020025314 -0.0039129620402001972 -0.0039465772790844558 -0.01638451507780701 -0.0033242205261219283 0.0091182634939975804 -0.0065833752700728519 0.00011928821759304516 -0.0042921752591452717 -0.007297365010405581 -0.0034708605252671988 -0.0057819419423088582 0.001596536402307127 -0.0022766421379108574 0.0020454899673922537 -0.006077191964364969 0.013960617120028475 -0.00423907168515143 0.0062325075286207721 -0.0030080987697071798 0.0017082415162582788 0.008717341336144253
leaf_weight=730 3166 4254 77 3420 2256 2827 115 1010 49 489 409 20 472 33 124 882 208 24 30 212 23 309 212 26 28 32 60 145 403 47
leaf_count=730 3166 4254 77 3420 2256 2827 115 1010 49 489 409 20 472 33 124 882 208 24 30 212 23 309 212 26 28 32 60 145 403 47
internal_value=-4.69274e-06 -0.000495399 -0.000919767 0.00049661 0.00126342 0.00020404 -0.000274091 -0.00118923 -0.000175674 -0.00296631 -0.00148088 -0.00607115 -0.0013588 -0.00106661 -0.00167815 0.000443841 -0.00139339 -0.000491958 -0.00194659 -0.00253813 0.00399373 -0.0015948 -0.000517924 0.00152999 0.00838466 0.00318486 -0.00273025 -0.000303531 0.00197506 0.0024403
internal_weight=22092 11164 6910 10928 3018 7910 4490 1663 1059 604 3744 97 3647 3175 2260 915 2136 1195 695 941 81 729 521 500 51 762 614 205 476 450
internal_count=22092 11164 6910 10928 3018 7910 4490 1663 1059 604 3744 97 3647 3175 2260 915 2136 1195 695 941 81 729 521 500 51 762 614 205 476 450
is_linear=0
shrinkage=0.05


Tree=75
num_leaves=31
num_cat=0
split_feature=6 26 0 17 2 36 25 5 10 36 18 4 4 24 24 8 25 29 21 5 23 27 22 2 8 10 22 16 22 25
split_gain=1.88727 1.24714 0.91382 0.781143 0.596818 1.08109 0.939765 0.714739 0.966935 0.710467 0.774876 0.691991 0.751392 0.758571 1.02765 1.2945 0.896388 1.01341 0.905379 0.783126 0.750936 0.734843 0.691888 1.05989 0.673427 0.769281 1.03604 1.38306 2.13091 1.14028
threshold=415.25000000000006 1.0000000180025095e-35 2.5487499237060551 0.59833333333333349 1010.4376220703126 -0.56174490092936669 1.2750000000000001 315.64042663574224 0.32166666666666671 1.0000000180025095e-35 -0.18947916666666662 26.695857048034672 23.025938987731937 -0.64833333333333321 -0.73333333333333328 139.12500000000003 0.66833333333333345 5.5000000000000009 0.33833333333333343 220.44458007812503 0.48739333183876637 0.37500000000000011 0.10244791666666669 1018.6326293945314 283.25000000000006 0.17166666666666672 0.1074652777777778 -0.69499999999999995 0.18931423611111112 0.7383333333333334
decision_type=2 2 2 2 2 2 2 2 2 2 2 2 2 2 2 2 2 2 2 2 2 2 2 2 2 2 2 2 2 2
left_child=1 3 -3 -1 5 -2 24 8 11 -9 -11 12 13 14 16 -16 -6 18 22 -17 -19 -14 23 -18 25 26 -7 28 -28 -29
right_child=4 2 -4 -5 7 6 -8 9 -10 10 -12 -13 21 -15 15 19 17 20 -20 -21 -22 -23 -24 -25 -26 -27 27 29 -30 -31
leaf_value=-0.00042833942188177151 -0.0023826468848481405 0.0030482787799076937 0.00063706629569295692 0.00036848194435198727 -0.0026476337643628104 -0.00034758706130361692 -0.0079729111315200822 0.0087873356473265277 -0.01102462495263252 0.004232855309965089 -0.0083129244786687203 -0.0043893485591373375 0.00034746944915241333 -0.006248917818274571 -0.0066317999735474586 0.010919184173690156 0.00073043926473139603 -1.7492136416526941e-06 -0.0047913945604451617 0.0011879869480020343 0.011700442540941054 0.009047793758239735 -0.0013649101629966431 0.010631542131886818 -0.0049805488282193746 -0.0025969902984797955 0.017033009734851393 -0.0011869233425963544 0.0020823395497595464 0.0048088840665960961
leaf_weight=6870 365 423 5530 5569 1016 261 29 33 27 32 20 192 240 84 25 44 174 26 122 39 29 27 360 32 42 99 44 145 52 175
leaf_count=6870 365 423 5530 5569 1016 261 29 33 27 32 20 192 240 84 25 44 174 26 122 39 29 27 360 32 42 99 44 145 52 175
internal_value=5.16365e-06 0.000213233 0.000808399 -7.15987e-05 -0.00101969 -0.000107839 0.00087245 -0.0014579 -0.0016151 0.00304912 -0.000592445 -0.00150969 -0.00126041 -0.00160086 -0.00139173 0.00334241 -0.0016824 -0.00036251 -0.00088461 0.00634669 0.0061685 0.00122728 -4.25122e-05 0.00226847 0.00118604 0.0015198 0.00212181 0.00367112 0.00893473 0.00209203
internal_weight=22126 18392 5953 12439 3734 1212 847 2522 2437 85 52 2410 2218 1951 1867 108 1759 743 688 83 55 267 566 206 818 776 677 416 96 320
internal_count=22126 18392 5953 12439 3734 1212 847 2522 2437 85 52 2410 2218 1951 1867 108 1759 743 688 83 55 267 566 206 818 776 677 416 96 320
is_linear=0
shrinkage=0.05


Tree=76
num_leaves=31
num_cat=0
split_feature=14 33 22 1 2 0 3 5 22 0 17 5 21 0 8 24 18 6 19 34 25 3 5 2 2 36 1 3 12 9
split_gain=1.79584 1.21329 0.971165 0.898226 0.838965 0.779403 0.738617 0.784777 1.41119 0.985702 1.35191 1.03643 0.949252 0.892546 0.989101 0.841534 1.40474 0.937639 1.71371 1.13242 0.993777 0.925141 0.848154 0.810995 1.03141 0.78781 0.780074 1.01791 0.7797 0.720243
threshold=0.34041666666666687 1.0000000180025095e-35 0.8032118055555556 60.85876655578614 1021.0381774902345 10.011250019073488 35.125000000000007 251.9533615112305 0.39546875000000009 11.442499637603762 0.46166666666666673 278.56686401367193 0.65166666666666673 21.786250114440922 166.62500000000003 -0.7649999999999999 0.10677083333333344 489.87500000000006 0.15479002968555425 -0.5 0.60166666666666679 95.375000000000014 219.74085235595706 1014.0369873046876 1018.1801757812501 -0.56174490092936669 78.665893554687514 98.875000000000014 -0.30166666666666664 660.17004394531261
decision_type=2 2 2 2 2 2 2 2 2 2 2 2 2 2 2 2 2 2 2 2 2 2 2 2 2 2 2 2 2 2
left_child=1 3 -2 5 6 -1 -3 8 12 10 25 13 15 14 -11 17 22 18 19 21 -20 -8 29 -22 -25 -9 27 -18 -24 -17
right_child=2 4 -4 -5 -6 -7 7 9 -10 11 -12 -13 -14 -15 -16 16 26 -19 20 -21 23 -23 28 24 -26 -27 -28 -29 -30 -31
leaf_value=0.004445675766975102 0.00015895352902988073 -0.0017856609117057891 0.0012762600026741057 0.00069610079212080304 -0.002707694575536013 -0.0017997027857313459 -0.014538089540260641 -0.0021508944453671576 -0.0032690863818957113 -0.0018987972658560282 -0.0091269191587343822 -0.00084901822828587859 0.01048904271350087 0.0041188147107604897 -0.0083210548646380448 0.011818822140007148 -0.010408342293949853 -0.0018421552849788886 -0.0033565488747774146 0.00025826102951737289 0.0037799020997065658 -0.0025635581049654223 0.0067658287731723653 0.015591846139648478 0.0014987370383460076 0.0062009904192867303 0.0024683448521187531 0.001054478227160871 -0.0059147370725192812 0.0022057009058901005
leaf_weight=54 11843 1348 2327 2249 678 667 23 40 268 99 24 373 24 25 152 70 34 485 37 678 175 54 27 37 20 96 125 45 22 27
leaf_count=54 11843 1348 2327 2249 678 667 23 40 268 99 24 373 24 25 152 70 34 485 37 678 175 54 27 37 20 96 125 45 22 27
internal_value=4.90547e-06 -0.000596255 0.000342438 0.000203769 -0.0010728 -0.00133195 -0.000815502 -0.000373687 0.000125601 -0.00170121 0.00181383 -0.00256779 0.000608754 -0.00489062 -0.00578797 0.000481198 0.0026901 -3.11391e-05 0.000826618 -0.000394314 0.0042534 -0.00614037 0.00643442 0.00546705 0.0106469 0.00374455 1.0348e-05 -0.00387889 0.00107251 0.009143
internal_weight=22126 7956 14170 2970 4986 721 4308 2960 2151 809 160 649 1883 276 251 1859 350 1509 1024 755 269 77 146 232 57 136 204 79 49 97
internal_count=22126 7956 14170 2970 4986 721 4308 2960 2151 809 160 649 1883 276 251 1859 350 1509 1024 755 269 77 146 232 57 136 204 79 49 97
is_linear=0
shrinkage=0.05


Tree=77
num_leaves=31
num_cat=0
split_feature=25 33 19 28 36 33 29 13 23 3 0 25 8 8 0 13 0 20 20 15 6 24 0 6 22 21 4 8 14 6
split_gain=1.68461 1.35608 1.57819 0.878437 1.31731 0.762715 0.945872 1.01886 0.914555 0.89525 0.742575 0.811679 0.738902 0.724169 0.948227 0.954578 0.906282 0.983872 1.26067 0.775835 0.770818 0.791775 0.999157 1.14157 0.808418 0.805008 0.807988 1.23762 0.746959 0.708037
threshold=0.62833333333333352 -0.60355339059327362 0.073348325487494939 18.500000000000004 1.0000000180025095e-35 0.25881904510252091 5.5000000000000009 -0.6449999999999998 0.18498618136617992 55.125000000000007 18.248750686645511 1.0083333333333335 96.125000000000014 240.62500000000003 8.6487498283386248 0.3116666666666667 16.598750114440922 -0.26499999999999996 -0.71833333333333316 0.34486712379383838 2.1250000000000004 -0.98166666666666658 15.367499828338625 243.62500000000003 0.11626736111111115 0.50833333333333341 10.992170333862306 148.12500000000003 -0.14375000000000002 456.75000000000006
decision_type=2 2 2 2 2 2 2 2 2 2 2 2 2 2 2 2 2 2 2 2 2 2 2 2 2 2 2 2 2 2
left_child=-1 3 -3 4 12 -4 13 -8 -9 -10 11 -11 -2 19 -15 16 28 18 -18 20 -7 22 23 -22 -25 26 27 -24 -16 -30
right_child=1 2 5 -5 -6 6 7 8 9 10 -12 -13 -14 14 15 -17 17 -19 -20 -21 21 -23 25 24 -26 -27 -28 -29 29 -31
leaf_value=-0.0010498165133611106 0.0013123307718881446 0.00057396884022037473 -6.4676868759242024e-05 0.00011641683130662948 0.0026459282562968588 0.00044139027164963356 -0.0055732777451630681 -0.0081360584679281422 -0.00058509267308155366 -0.0011936459031858249 0.012143533849822623 0.0056347358151683964 -0.00070358323302972218 -0.0086181745088348798 0.010640820234750763 -0.0085570896210681122 0.006402458696226989 0.0067715866038122706 -0.005965497292196139 0.0067209700521613878 -0.0013372476916346287 -0.0023454020230813197 -0.00097575912622629979 0.016816402717747474 0.00410590128780439 0.006749990438753419 -0.0033718933144861133 0.013105471004892025 0.0055104540717307365 -0.0047613746309450467
leaf_weight=3234 1230 5342 4108 2415 1251 388 50 21 138 64 28 136 721 24 46 21 28 37 78 28 45 2183 71 22 29 29 254 20 62 23
leaf_count=3234 1230 5342 4108 2415 1251 388 50 21 138 64 28 136 721 24 46 21 28 37 78 28 45 2183 71 22 29 29 254 20 62 23
internal_value=4.6602e-06 0.000185169 -9.03855e-05 0.000836405 0.00137943 -0.000537755 -0.00104583 0.00114345 0.00201124 0.00259346 0.00451732 0.00344965 0.000567342 -0.00132822 0.000939147 0.00171669 0.0025041 -0.00024819 -0.00269849 -0.00156389 -0.00164018 -0.00194461 -8.30315e-05 0.00446725 0.00958886 -0.00125102 -0.00192357 0.00211902 0.00550851 0.00273102
internal_weight=22126 18892 13275 5617 3202 7933 3825 437 387 366 228 200 1951 3388 319 295 274 143 106 3069 3041 2653 470 96 51 374 345 91 131 85
internal_count=22126 18892 13275 5617 3202 7933 3825 437 387 366 228 200 1951 3388 319 295 274 143 106 3069 3041 2653 470 96 51 374 345 91 131 85
is_linear=0
shrinkage=0.05


Tree=78
num_leaves=31
num_cat=0
split_feature=3 13 0 34 1 0 0 16 28 25 2 5 22 5 2 28 21 10 36 2 27 16 33 6 12 28 0 5 7 19
split_gain=1.55857 1.53947 0.801596 0.683914 0.601004 0.761903 1.0823 0.7599 0.762606 0.635589 0.609615 0.90462 0.597522 0.630169 0.59724 0.580184 0.689172 0.570763 0.733479 1.3062 0.619401 0.568727 0.567262 0.859729 0.725809 1.14002 0.702745 0.614943 0.840382 0.692337
threshold=99.125000000000014 0.32166666666666671 1.1237499713897707 0.60355339059327384 60.85876655578614 10.473749637603762 20.436250686645511 -0.85166666666666657 11.500000000000002 1.2950000000000002 1020.0164794921876 149.97371673583987 -0.024131944444444432 14.325294494628908 988.17776489257824 14.500000000000002 0.5441666666666668 0.46833333333333338 -0.22252093395631442 1005.2876892089845 0.049999999999999954 -0.85166666666666657 -0.78656609248549303 0.62500000000000011 0.7383333333333334 10.500000000000002 8.7237496376037615 265.06747436523443 178.87500000000003 0.30197858221978047
decision_type=2 2 2 2 2 2 2 2 2 2 2 2 2 2 2 2 2 2 2 2 2 2 2 2 2 2 2 2 2 2
left_child=1 17 -3 4 5 -2 -7 8 -6 10 12 15 -9 -14 -4 16 -12 20 19 -19 21 -1 -16 -24 27 26 -26 -25 29 -29
right_child=3 2 14 -5 7 6 -8 9 -10 -11 11 -13 13 -15 22 -17 -18 18 -20 -21 -22 -23 23 24 25 -27 -28 28 -30 -31
leaf_value=-0.002776902906773954 0.0053484950882072254 0.0019387110796774973 0.0026607145374637278 -0.00017338402154160173 -0.0014635973800481723 -0.0078953696177955467 0.00032920885339586276 -0.0028940875706628452 0.0098954010335728527 0.0018042594003084744 -0.0034257984761073184 0.00027943821083713455 0.0064142532019853694 0.00082083006065478625 0.00058145265826151809 0.00064798346245783925 -0.011655737928143055 -0.016879469794609272 -0.00093429858298193613 -0.0034778824238261828 -3.9878265002207461e-05 -0.0010088919204186823 3.9464180127742488e-05 -0.0015587769020339868 -0.004602488648937377 0.0013533521521142879 -0.013123917156942831 -0.0002066959907250761 0.0037861478596058645 -0.0098314860044047252
leaf_weight=545 30 539 197 2619 22 72 90 107 45 1280 111 570 51 3981 2040 57 33 24 122 75 1381 2750 3642 1044 146 75 29 284 145 20
leaf_count=545 30 539 197 2619 22 72 90 107 45 1280 111 570 51 3981 2040 57 33 24 122 75 1381 2750 3642 1044 146 75 29 284 145 20
internal_value=4.42719e-06 -0.000345276 7.52677e-05 0.000508002 0.00078472 -0.00197074 -0.00332616 0.000869273 0.00616558 0.000811946 0.000553258 -0.000737598 0.000793714 0.00089158 -5.65082e-05 -0.00362173 -0.00531183 -0.00104612 -0.00352911 -0.00672675 -0.000928772 -0.00130132 -0.000128602 -0.000397591 -0.00131082 -0.00380422 -0.00601461 -0.000893304 0.000654031 -0.000839906
internal_weight=22126 13058 8161 9068 6449 192 162 6257 67 6190 4910 771 4139 4032 7622 201 144 4897 221 99 4676 3295 7425 5385 1743 250 175 1493 449 304
internal_count=22126 13058 8161 9068 6449 192 162 6257 67 6190 4910 771 4139 4032 7622 201 144 4897 221 99 4676 3295 7425 5385 1743 250 175 1493 449 304
is_linear=0
shrinkage=0.05


Tree=79
num_leaves=31
num_cat=0
split_feature=0 3 34 9 1 27 23 25 18 16 2 21 8 32 5 4 6 29 25 3 23 34 2 11 19 4 5 10 4 17
split_gain=1.4576 1.21368 1.03232 3.80159 1.1098 1.04204 1.07261 0.989334 1.15086 1.14034 1.12249 0.842144 0.819714 0.784541 0.97652 0.775817 1.10214 1.44706 0.77564 0.930669 0.836188 0.870353 0.771814 1.02406 0.701367 0.693955 0.727664 0.682788 0.645079 0.612493
threshold=9.2549996376037615 99.125000000000014 -0.60355339059327384 8.8871026039123553 74.629028320312514 0.4216666666666668 0.42611673524409499 0.64166666666666672 -0.21583333333333329 -0.18499999999999997 1001.5091857910157 0.72833333333333339 199.62500000000003 3.5000000000000004 278.56686401367193 24.396818161010746 326.12500000000006 5.5000000000000009 0.80166666666666686 94.625000000000014 0.24162776328499566 -0.70710678118654757 1020.1455383300782 -0.245 0.20510222152466143 33.782026290893562 212.89121246337893 0.20166666666666672 18.712038993835453 0.45166666666666672
decision_type=2 2 2 2 2 2 2 2 2 2 2 2 2 2 2 2 2 2 2 2 2 2 2 2 2 2 2 2 2 2
left_child=15 2 3 -2 5 13 -7 9 -9 -6 11 -10 -8 25 24 16 -1 22 -12 20 -20 -22 23 -18 -15 29 -27 -21 -24 -5
right_child=1 -3 -4 4 7 6 12 8 10 -11 18 -13 -14 14 -16 -17 17 -19 19 27 21 -23 28 -25 -26 26 -28 -29 -30 -31
leaf_value=0.00041428971941974814 -0.022087173944931815 0.000298448870368615 -0.00025715648719048926 -0.0014030936430589665 -0.0043090562737578978 0.0082533650894811936 0.0026623966798069889 0.0033022876210227962 0.01135764362057671 -0.015477380637199648 -0.0011161912164410392 -0.00097336323466151958 -0.0081730503559811051 0.0068297940603871321 0.01182135700693597 0.0014493472676840573 0.0047476651605393274 0.0079231788142351441 0.00081458578453115797 0.0051245655485049439 -0.0077412322549024184 -0.018366122089387121 -0.015739800379826471 -0.0060023098954439377 -0.0011841305838568154 0.010209550601818289 0.00046545527336236685 -0.0053938454980703284 -0.0049795290827751165 -0.0094390048208879314
leaf_weight=5030 22 5699 6207 1977 87 63 64 81 20 31 122 45 24 36 23 1927 32 24 23 27 119 23 26 72 113 24 95 36 30 24
leaf_count=5030 22 5699 6207 1977 87 63 64 81 20 31 122 45 24 36 23 1927 32 24 23 27 119 23 26 72 113 24 95 36 30 24
internal_value=4.20583e-06 -0.000275943 -0.000628459 -0.00137697 -0.00122793 -0.000750326 0.00327286 -0.00312823 -0.00214929 -0.00724311 -0.00321333 0.00282079 -0.000292725 -0.00101538 0.00223231 0.000592083 0.000275254 -0.00352557 -0.00433395 -0.00605573 -0.00802965 -0.00946217 -0.00524289 -0.00269463 0.00075212 -0.00127887 0.00243065 -0.000885955 -0.00997537 -0.00149948
internal_weight=22126 14985 9286 3079 3057 2443 151 614 496 118 415 65 88 2292 172 7141 5214 184 350 228 165 142 160 104 149 2120 119 63 56 2001
internal_count=22126 14985 9286 3079 3057 2443 151 614 496 118 415 65 88 2292 172 7141 5214 184 350 228 165 142 160 104 149 2120 119 63 56 2001
is_linear=0
shrinkage=0.05


Tree=80
num_leaves=31
num_cat=0
split_feature=0 15 4 6 17 26 26 28 34 7 28 3 28 5 29 28 36 5 6 25 4 21 22 3 7 1 2 16 4 5
split_gain=1.51095 0.97303 1.02124 1.74438 0.855813 0.699378 0.618157 0.752649 0.700431 0.815377 1.05059 0.584174 0.581476 0.621023 0.644195 1.44854 0.603874 0.962744 0.613781 1.14579 0.648706 0.589868 0.786483 0.557502 0.546201 0.52654 1.31996 0.877212 0.807735 0.823704
threshold=12.523749828338625 0.12970586371658119 9.2996311187744158 354.37500000000006 -0.66833333333333322 0.40166666666666673 -0.066666666666666624 10.500000000000002 0.60355339059327384 1.0000000180025095e-35 10.500000000000002 97.875000000000014 8.5000000000000018 340.18811035156256 1.0000000180025095e-35 13.500000000000002 -0.56174490092936669 255.12194824218753 365.37500000000006 0.96166666666666678 20.859775543212894 0.5441666666666668 0.61737847222222231 99.125000000000014 93.125000000000014 60.385578155517585 1013.5435180664064 -0.62166666666666648 26.859568595886234 90.034282684326186
decision_type=2 2 2 2 2 2 2 2 2 2 2 2 2 2 2 2 2 2 2 2 2 2 2 2 2 2 2 2 2 2
left_child=1 6 3 -3 -2 12 7 11 9 -8 -11 -1 -4 14 15 -14 17 21 -18 20 -20 -16 -23 -6 -19 26 -25 28 29 -27
right_child=4 2 5 -5 23 -7 8 -9 -10 10 -12 -13 13 -15 16 -17 18 24 19 -21 -22 22 -24 25 -26 27 -28 -29 -30 -31
leaf_value=-0.0046248354291325384 -0.0019836164877896083 0.0016127263866912796 -0.0020219141780029215 -0.012397328941998157 -0.00054667319084046508 -0.0032810242220601242 0.0012903014920308603 0.00061454372139591799 -0.00017401011074170931 -0.0010470724028667085 0.00096749157145264466 -0.00042197575346547203 -0.0060752388000030796 -0.0051603549686462984 0.0099354568389909623 0.0043286348394129745 0.0036788811702963249 0.004852651347490875 0.019980887890509939 0.0043110248408828001 0.0082299298218761873 -0.00074912812600126243 0.0071451458313756371 0.0028277890004504186 -0.0040936011845540054 -0.0013480071790603013 -0.0078969744303321928 0.0001346735199817939 -0.0047385734219390621 0.006584259907096407
leaf_weight=196 796 68 63 33 6849 53 2949 291 3613 1158 1467 143 57 23 35 81 332 22 23 88 24 74 55 52 76 43 64 3246 26 137
leaf_count=196 796 68 63 33 6849 53 2949 291 3613 1158 1467 143 57 23 35 81 332 22 23 88 24 74 55 52 76 43 64 3246 26 137
internal_value=4.31209e-06 0.000422823 0.00182809 -0.00296482 -0.000403412 0.00230928 0.00026436 -0.00125076 0.00036826 0.000719752 7.87811e-05 -0.00285195 0.00262018 0.00294878 0.0031639 3.13827e-05 0.00375689 0.00183562 0.00483477 0.0076774 0.0139804 0.00417859 0.00261665 -0.000282663 -0.00208526 0.000224121 -0.00308932 0.000335465 0.0034994 0.00468933
internal_weight=22137 10924 1107 101 11213 1006 9817 630 9187 5574 2625 339 953 890 867 138 729 262 467 135 47 164 129 10417 98 3568 116 3452 206 180
internal_count=22137 10924 1107 101 11213 1006 9817 630 9187 5574 2625 339 953 890 867 138 729 262 467 135 47 164 129 10417 98 3568 116 3452 206 180
is_linear=0
shrinkage=0.05


Tree=81
num_leaves=31
num_cat=0
split_feature=25 33 19 28 36 33 15 27 8 4 23 0 29 17 22 4 32 4 1 4 7 24 24 23 6 29 3 23 8 15
split_gain=1.369 0.99428 1.22221 0.801357 1.12985 0.675955 0.856315 0.919869 0.750876 0.706944 0.729139 0.93792 0.741723 0.719592 1.17838 0.724903 0.666694 0.654601 0.707425 0.91282 0.858129 0.79338 1.18382 0.643086 0.640109 0.735862 0.584276 0.575787 0.568587 0.737279
threshold=0.62833333333333352 -0.60355339059327362 0.073348325487494939 18.500000000000004 -0.22252093395631442 0.25881904510252091 0.1319353788606796 0.18333333333333346 253.12500000000003 5.4006497859954843 0.34565303197525959 11.723749637603762 4.5000000000000009 0.55833333333333346 0.54242187500000016 20.642953872680668 2.5000000000000004 8.6305685043334979 72.89530181884767 13.394651889801027 558.87500000000011 -0.84166666666666656 -0.78833333333333322 0.46433089147548584 2.1250000000000004 5.5000000000000009 60.875000000000007 0.59198139988249898 242.12500000000003 0.24642442957582725
decision_type=2 2 2 2 2 2 2 2 2 2 2 2 2 2 2 2 2 2 2 2 2 2 2 2 2 2 2 2 2 2
left_child=28 3 -3 4 16 27 7 8 24 -8 11 12 13 14 -11 -15 -2 -12 20 -20 21 23 -23 -19 -7 -26 -27 -4 -1 -30
right_child=1 2 5 -5 -6 6 9 -9 -10 10 17 -13 -14 15 -16 -17 -18 18 19 -21 -22 22 -24 -25 25 26 -28 -29 29 -31
leaf_value=-0.00074679542608440546 0.0010158497241871797 0.00051721207208257555 -5.6984901707122139e-05 4.3167074590585297e-05 0.0021118856398476644 0.00040395098236453258 -0.0084953112316063853 -0.0077133505426380524 0.0025787447686274004 0.0094769441693400361 0.007861676621005724 -0.0051834390543555042 0.0058028032450238246 -0.013071474730968475 -0.0044237316525991893 -0.0013633145317912866 -0.001232544028238536 -0.0076324755414417704 -0.0021509090674690146 0.0044298666009403801 0.0094922217086423205 0.011193603241386322 -0.00065931781013664037 -0.0011184036247432233 -0.0020506303449202303 -0.0019706694213562602 0.0029633806933582365 0.0082436240466666373 -0.0042416535365617592 0.0037681655720172621
leaf_weight=3032 926 5338 4066 2424 1730 410 22 56 123 30 38 109 51 20 31 39 512 61 69 223 20 26 111 100 2049 105 140 21 222 33
leaf_count=3032 926 5338 4066 2424 1730 410 22 56 123 30 38 109 51 20 31 39 512 61 69 223 20 26 111 100 2049 105 140 21 222 33
internal_value=4.09648e-06 0.00016829 -6.75478e-05 0.000727434 0.001251 -0.00046167 -0.000938649 -0.00136765 -0.00124195 0.000363251 0.00057326 -0.00155885 0.000751561 -0.00139522 0.00241267 -0.00533218 0.000215309 0.00149454 0.0010979 0.00287482 -0.000533734 -0.00120662 0.00159014 -0.00358647 -0.00141574 -0.00174097 0.000848788 -1.43344e-05 -0.000937506 -0.00320509
internal_weight=22137 18850 13258 5592 3168 7920 3833 2883 2827 950 928 280 171 120 61 59 1438 648 610 292 318 298 137 161 2704 2294 245 4087 3287 255
internal_count=22137 18850 13258 5592 3168 7920 3833 2883 2827 950 928 280 171 120 61 59 1438 648 610 292 318 298 137 161 2704 2294 245 4087 3287 255
is_linear=0
shrinkage=0.05


Tree=82
num_leaves=31
num_cat=0
split_feature=0 3 34 7 1 27 23 15 2 10 8 32 29 18 22 20 8 0 15 35 15 16 5 6 13 15 10 0 12 24
split_gain=1.30915 0.839053 0.831731 3.1676 0.706456 0.919698 1.05868 0.889134 1.09079 1.29858 1.0779 0.739897 0.708985 0.673694 0.790401 0.660269 0.63089 0.583483 0.563995 0.548993 0.806951 0.734416 0.545411 0.538071 0.686379 0.537306 0.524479 0.513952 0.492448 0.457792
threshold=9.2549996376037615 99.125000000000014 -0.60355339059327384 2.3750000000000004 74.629028320312514 0.39500000000000007 0.42611673524409499 0.32845807852440395 1001.5091857910157 0.22166666666666668 163.12500000000003 3.5000000000000004 2.5000000000000004 -0.24895833333333331 0.11267361111111114 -1.0116666666666665 139.12500000000003 15.223749637603762 0.1319353788606796 0.87837969732492682 0.24074729335819486 -0.23499999999999996 14.325294494628908 551.12500000000011 0.058333333333333341 0.38145614092465735 0.025000000000000005 2.8799999952316289 -0.17833333333333332 -1.1099999999999997
decision_type=2 2 2 2 2 2 2 2 2 2 2 2 2 2 2 2 2 2 2 2 2 2 2 2 2 2 2 2 2 2
left_child=27 2 3 -2 5 11 26 8 18 13 -11 25 16 14 -10 -8 -13 -12 -6 20 -15 -21 -3 24 -17 -5 -7 -1 -14 -24
right_child=1 22 -4 4 7 6 15 -9 9 10 17 12 28 19 -16 23 -18 -19 -20 21 -22 -23 29 -25 -26 -27 -28 -29 -30 -31
leaf_value=0.0015104515859068811 -0.020570112072995732 0.0041221448232776807 -0.00021648205107357854 -0.0013082004402935948 -0.00077700050127121716 0.013530263971188106 0.007420191505331207 -0.008492412129296632 -0.0027058138726384975 -0.0028831018656092057 -0.018726628428240393 0.0021697121603345428 0.001825484471807543 -0.0046335754724424584 0.0063601766642675086 0.0044936681031494553 0.013576193873516537 -0.0082763664636706161 0.0085478949100326971 -0.0032490797881036997 0.0045593995256004508 0.0096056303055956967 0.003841077942079977 -0.0077005169804518422 -0.0069498395570553846 0.0063751458230873817 0.0044122860050107276 0.00037232662426973619 -0.0060974975898861888 0.00010007235768292352
leaf_weight=1192 21 88 6178 2129 31 24 22 58 44 64 22 27 91 206 53 38 22 34 34 25 27 20 83 30 20 23 46 5910 25 5550
leaf_count=1192 21 88 6178 2129 31 24 22 58 44 64 22 27 91 206 53 38 22 34 34 25 27 20 83 30 20 23 46 5910 25 5550
internal_value=3.89166e-06 -0.000260376 -0.000553116 -0.00121629 -0.00108582 -0.000711216 0.00273157 -0.00259937 -0.00198902 -0.00278868 -0.00731584 -0.000978675 0.00224812 -0.00133998 0.00224777 -0.000327352 0.00729099 -0.0123818 0.00410064 -0.00259182 -0.0035683 0.00246412 0.000216214 -0.00226424 0.000547631 -0.00122608 0.00753845 0.00056335 0.000117945 0.000155195
internal_weight=22137 15035 9314 3136 3115 2497 180 618 560 495 120 2317 165 375 97 110 49 56 65 278 233 45 5721 88 58 2152 70 7102 116 5633
internal_count=22137 15035 9314 3136 3115 2497 180 618 560 495 120 2317 165 375 97 110 49 56 65 278 233 45 5721 88 58 2152 70 7102 116 5633
is_linear=0
shrinkage=0.05


Tree=83
num_leaves=31
num_cat=0
split_feature=0 15 4 6 34 6 19 27 4 26 22 14 23 21 19 7 3 13 29 26 25 16 3 19 25 29 20 5 0 5
split_gain=1.18604 0.831022 0.895404 1.55025 0.740899 1.22129 1.34497 0.648657 0.642598 0.619654 0.611441 0.575453 0.552866 0.936414 0.730209 0.772718 1.18181 0.943676 0.558024 0.767871 0.551973 0.525211 0.508399 0.936293 0.724474 0.706863 0.875706 0.717274 0.67065 0.628105
threshold=12.523749828338625 0.12970586371658119 9.2996311187744158 326.12500000000006 -0.78656609248549325 158.12500000000003 0.10400743366438744 -0.15666666666666654 25.500582695007328 0.40166666666666673 0.8032118055555556 -0.80541666666666656 0.24782836868639624 0.68500000000000016 0.25525613488599236 202.87500000000003 62.125000000000007 0.25166666666666676 1.0000000180025095e-35 -0.069999999999999882 1.0016666666666669 -0.69499999999999995 98.875000000000014 0.37754540293379674 0.59166666666666679 2.5000000000000004 -0.12833333333333333 14.325294494628908 14.198750019073488 238.38300323486331
decision_type=2 2 2 2 2 2 2 2 2 2 2 2 2 2 2 2 2 2 2 2 2 2 2 2 2 2 2 2 2 2
left_child=1 7 3 -3 5 6 -2 8 -1 12 11 -9 -4 14 -14 -16 17 -17 19 -15 -6 -13 24 25 -7 26 29 -27 -26 -24
right_child=4 2 9 -5 20 22 -8 10 -10 -11 -12 21 13 18 15 16 -18 -19 -20 -21 -22 -23 23 -25 28 27 -28 -29 -30 -31
leaf_value=-0.0028707977903106984 -0.0016229543460984574 0.0015980363667094663 0.0050676486590245824 -0.011510510539964719 -0.00018538544878659763 -0.0046098104341268532 -0.016997895598411562 0.0079911288319398539 0.0015812126397874886 -0.0031382990100438583 0.0010567242266464722 -0.0050370072927325964 0.0016010130371025074 -0.010541233756313367 0.0030456492956828104 -0.0027481901207162692 0.016151716384208866 0.011957557080313564 0.00084912683215692493 0.00056767615302565641 0.0026286579705146929 0.00010529084380533484 0.0051934538334574582 0.0088216656498843801 -0.0041392464374699301 0.0073869323712477293 -0.0040882601148453275 -0.0018677832798639261 -0.00075265942768913522 1.2332960181768135e-05
leaf_weight=308 33 67 163 34 8292 157 25 23 110 53 2139 50 257 28 116 24 36 20 274 35 178 7187 139 30 161 22 53 433 1589 101
leaf_count=308 33 67 163 34 8292 157 25 23 110 53 2139 50 257 28 116 24 36 20 274 35 178 7187 139 30 161 22 53 433 1589 101
internal_value=3.69708e-06 0.00037449 0.00167317 -0.00281474 -0.000357539 -0.00107174 -0.00825008 0.000228046 -0.00169922 0.00212374 0.000313757 9.48582e-05 0.00241638 0.00186935 0.00335411 0.00565281 0.0094332 0.00393624 -0.000126484 -0.00436962 -0.000126247 6.9763e-05 -0.000916672 0.000160502 -0.00135613 -0.000186871 0.00172853 -0.0014203 -0.00106423 0.00301307
internal_weight=22137 10924 1107 101 11213 2743 58 9817 418 1006 9399 7260 953 790 453 196 80 44 337 63 8470 7237 2685 778 1907 748 293 455 1750 240
internal_count=22137 10924 1107 101 11213 2743 58 9817 418 1006 9399 7260 953 790 453 196 80 44 337 63 8470 7237 2685 778 1907 748 293 455 1750 240
is_linear=0
shrinkage=0.05


Tree=84
num_leaves=31
num_cat=0
split_feature=25 33 19 28 36 25 7 34 32 2 7 18 35 9 21 2 13 27 15 13 2 24 25 14 18 2 0 15 24 24
split_gain=1.12976 0.850375 1.05152 0.712472 1.00551 0.612505 1.70435 0.60545 0.604439 0.77837 0.583471 0.519364 1.07315 0.858738 0.708754 0.912373 0.889836 0.689477 0.650526 1.08509 0.880575 0.969492 0.880087 1.16981 0.7588 0.726168 0.707623 0.677099 0.866921 0.884156
threshold=0.62833333333333352 -0.60355339059327362 0.073348325487494939 18.500000000000004 1.0000000180025095e-35 0.63833333333333353 538.12500000000011 -0.98296291314453399 2.5000000000000004 1005.7316894531251 491.12500000000006 -0.49499999999999994 0.6078576107927941 554.84765625000011 0.22500000000000001 1017.681121826172 0.025000000000000005 0.073333333333333306 0.1319353788606796 -0.71166666666666656 1007.8292846679689 -1.0016666666666665 1.301666666666667 0.20833333333333343 -0.038437499999999951 1011.326629638672 11.367499828338625 0.076321687612597791 -0.97166666666666657 -0.73333333333333328
decision_type=2 2 2 2 2 2 2 2 2 2 2 2 2 2 2 2 2 2 2 2 2 2 2 2 2 2 2 2 2 2
left_child=-1 3 -3 4 8 6 7 -4 -2 -10 11 12 17 -14 15 16 -13 -7 27 -20 24 -22 23 -23 26 -25 -21 -16 -29 -30
right_child=1 2 5 -5 -6 10 -8 -9 9 -11 -12 14 13 -15 18 -17 -18 -19 19 20 21 22 -24 25 -26 -27 -28 28 29 -31
leaf_value=-0.00085186906866998528 0.0011027329606674383 0.00047695757823281522 0.0078791678960745525 2.456817860067483e-05 0.0022771433501216245 0.0029904434286404107 0.011243845694471242 -0.000442234705302066 -0.0064515894479964947 -0.00024724071064963937 -0.0020285437507405186 -0.0026483176630848135 0.012947521511126648 0.0016250464116798387 -0.00030756916502310623 0.00052546084822191821 -0.0095053816827694107 -0.0022598888769009918 -0.0037473485494653384 0.01527810026833322 0.0074153788015246386 -0.00021781872776506004 0.0047639563420801357 -0.014587104178610304 0.0018447507157399263 -0.0040200435226627942 0.004440488425068191 0.0017796933309383396 -0.0044416763463416406 -0.0011848903700232697
leaf_weight=3287 1252 5338 24 2424 1236 113 41 245 55 625 591 190 33 34 3944 154 63 140 126 20 40 427 67 21 434 72 61 152 316 612
leaf_count=3287 1252 5338 24 2424 1236 113 41 245 55 625 591 190 33 34 3944 154 63 140 126 20 40 427 67 21 434 72 61 152 316 612
internal_value=3.51222e-06 0.000152671 -6.54335e-05 0.000669771 0.00116345 -0.000431 0.00174758 0.000300195 0.000450962 -0.000749063 -0.000519746 -0.000392705 0.00157517 0.00720179 -0.000486707 -0.00250884 -0.00435581 8.51212e-05 -0.000355905 0.000656078 0.00114192 -0.000116397 -0.000629635 -0.00132458 0.00267389 -0.00640615 0.00711644 -0.000611318 -0.00172056 -0.00229388
internal_weight=22137 18850 13258 5592 3168 7920 310 269 1932 680 7610 7019 320 67 6699 407 253 253 6292 1268 1142 627 587 520 515 93 81 5024 1080 928
internal_count=22137 18850 13258 5592 3168 7920 310 269 1932 680 7610 7019 320 67 6699 407 253 253 6292 1268 1142 627 587 520 515 93 81 5024 1080 928
is_linear=0
shrinkage=0.05


Tree=85
num_leaves=31
num_cat=0
split_feature=8 26 23 3 28 25 5 2 10 0 22 19 5 35 9 1 19 8 8 4 8 5 10 29 1 4 14 12 3 4
split_gain=1.04204 1.00297 0.870998 0.774899 0.694332 0.853348 0.846969 0.773359 0.778663 1.07402 1.13444 1.18754 1.24122 1.1136 1.05958 1.03313 1.03152 0.865661 0.764584 0.747183 0.68741 0.669717 0.954671 0.645209 0.642218 0.632062 0.702294 0.914029 0.627484 1.08792
threshold=101.12500000000001 1.0000000180025095e-35 0.6026617937701243 18.625000000000004 11.500000000000002 0.56666666666666676 14.325294494628908 1020.1455383300782 0.49833333333333335 11.367499828338625 0.40380208333333339 0.39712986493679586 251.9533615112305 0.6078576107927941 15.527721405029299 85.539608001708999 0.38146630826144384 166.62500000000003 328.62500000000006 7.4413814544677743 154.12500000000003 204.46868896484378 0.26166666666666671 5.5000000000000009 54.513587951660163 27.920125961303714 -0.2133333333333334 0.28166666666666673 97.125000000000014 11.944887161254885
decision_type=2 2 2 2 2 2 2 2 2 2 2 2 2 2 2 2 2 2 2 2 2 2 2 2 2 2 2 2 2 2
left_child=1 -1 3 20 6 -6 -5 8 9 16 11 12 -11 -12 -14 19 23 -10 24 -16 -2 22 -9 25 -7 26 -8 -28 -26 -30
right_child=2 -3 -4 4 5 18 7 21 17 10 13 -13 14 -15 15 -17 -18 -19 -20 -21 -22 -23 -24 -25 28 -27 27 -29 29 -31
leaf_value=-4.1447541671894938e-05 -0.0016193495634857407 0.00084662169164344172 0.0056711749028181659 0.0059542061176237676 -0.0057377354275705596 -0.0030064209103251678 0.009299707144410127 -0.0039773189525882857 -0.0013972846200719599 3.1228051291697574e-05 -0.0075898931575162963 0.009108893368242969 -0.014453216386027635 0.0041206930633634333 -0.01282962671481073 0.005946782377941418 -0.0081353620707016929 -0.0082240725864075881 -0.0050977166484930184 -0.0028584906687178918 -0.0064639706284937903 -0.0012853727554911288 -0.015467706713825463 0.0089439927532925807 -0.00023371737936196785 0.0059879435503200906 -0.0047310764193279698 0.0023870274765413033 0.0041275715106720212 0.00055346810305034223
leaf_weight=11011 413 4470 56 43 62 140 21 188 142 1174 108 31 20 25 20 32 23 69 67 310 89 263 20 38 1540 74 73 118 263 1118
leaf_count=11011 413 4470 56 43 62 140 21 188 142 1174 108 31 20 25 20 32 23 69 67 310 89 263 20 38 1540 74 73 118 263 1118
internal_value=-8.57968e-06 0.000214974 -0.00053776 -0.000591385 -0.000433042 7.09148e-05 -0.00100884 -0.00111775 -0.000736418 -0.000441067 -0.000952992 -0.000581257 -0.000774312 -0.00538866 -0.00324998 -0.00263102 0.00209643 -0.00362974 0.000186048 -0.0034628 -0.00247826 -0.00296209 -0.00508216 0.00282276 0.0003017 0.00200945 0.000620729 -0.000333504 0.000460255 0.00123413
internal_weight=22021 15481 6540 6484 5982 3190 2792 2749 2278 2067 1720 1587 1556 133 382 362 347 211 3128 330 502 471 208 324 3061 286 212 191 2921 1381
internal_count=22021 15481 6540 6484 5982 3190 2792 2749 2278 2067 1720 1587 1556 133 382 362 347 211 3128 330 502 471 208 324 3061 286 212 191 2921 1381
is_linear=0
shrinkage=0.05


Tree=86
num_leaves=31
num_cat=0
split_feature=0 4 6 14 23 21 28 28 5 2 5 23 2 10 35 0 22 2 23 22 21 21 22 10 5 7 22 5 5 2
split_gain=0.990544 0.708426 0.856304 1.29975 0.93855 0.889495 0.589572 0.58582 0.753797 1.1569 0.965216 1.20087 1.09167 1.13191 1.00734 1.30449 1.12271 1.12002 0.938498 1.32782 0.9937 0.92003 1.0131 0.906189 0.867619 0.848798 0.934365 0.827873 0.727244 0.673457
threshold=9.2549996376037615 24.396818161010746 318.12500000000006 0.185 0.33425285361238283 0.018333333333333337 13.500000000000002 6.5000000000000009 234.430778503418 1019.6901855468751 203.13675689697268 0.20269157123731193 1015.644012451172 -0.41166666666666657 0.6078576107927941 9.7237496376037615 0.20102430555555559 1005.5466613769532 0.4106819725311735 0.29718750000000005 0.44833333333333336 0.7316666666666668 0.45022569444444449 0.26166666666666671 14.325294494628908 366.25000000000006 0.17487847222222228 261.12495422363287 214.53880310058597 1003.5015563964845
decision_type=2 2 2 2 2 2 2 2 2 2 2 2 2 2 2 2 2 2 2 2 2 2 2 2 2 2 2 2 2 2
left_child=1 2 -1 4 -4 -6 7 -2 9 10 11 -9 14 -14 15 -12 17 -17 19 20 -10 22 -18 -16 -13 26 -15 -21 -19 -20
right_child=6 -3 3 -5 5 -7 -8 8 18 -11 12 24 13 25 23 16 21 28 29 27 -22 -23 -24 -25 -26 -27 -28 -29 -30 -31
leaf_value=0.00030122314341999781 -6.5981977407005487e-05 0.0012979365273952162 0.0089973090030252938 -0.011648204160802481 0.0069164263261925615 -0.0042380966326891218 0.00012901585310757713 -0.011581648901104927 -0.0037642364694490354 -0.0029767804418399466 0.010512860389426351 0.0060127436682315813 0.015960859063931781 0.013502784085889849 0.006708817817313477 0.011370285636243913 -0.0033555271963792935 0.0053234126627901383 0.0068354612031694632 -0.0031797107634381691 -0.010128048780888063 0.0023877785371600145 -0.013118668831884861 0.00063828755348032437 -0.00074449400824698464 -0.0055465574174013458 0.00098946361303595565 0.00095889719377737501 -0.0019321837008017331 -0.00089921365809864605
leaf_weight=5008 4010 1919 20 36 21 120 6268 25 208 375 25 49 23 26 109 26 186 49 29 281 87 57 31 141 1556 20 35 212 117 952
leaf_count=5008 4010 1919 20 36 21 120 6268 25 208 375 25 49 23 26 109 26 186 49 29 281 87 57 31 141 1556 20 35 212 117 952
internal_value=-8.15069e-06 0.000476776 0.000174027 -0.00305947 -0.00113901 -0.00257678 -0.000240051 -0.000508136 -0.000891994 -0.000388766 3.35745e-06 -0.000707576 0.00137474 0.00617185 0.000701467 -0.000613997 -0.00121093 0.00172088 -0.00170273 -0.00298771 -0.00564102 -0.00326534 -0.00475026 0.00328504 -0.000538198 0.00339225 0.00632301 -0.00140003 0.000209528 -0.000670564
internal_weight=22021 7124 5205 197 161 141 14897 8629 4619 2850 2475 1630 845 104 741 491 466 192 1769 788 295 274 217 250 1605 81 61 493 166 981
internal_count=22021 7124 5205 197 161 141 14897 8629 4619 2850 2475 1630 845 104 741 491 466 192 1769 788 295 274 217 250 1605 81 61 493 166 981
is_linear=0
shrinkage=0.05


Tree=87
num_leaves=31
num_cat=0
split_feature=25 3 8 9 21 26 2 26 26 8 26 3 11 13 5 4 9 32 3 9 4 12 19 15 6 9 27 25 16 8
split_gain=0.913068 0.794071 0.724252 1.05811 0.981459 0.716498 0.889421 0.683218 0.642989 0.6097 0.549542 0.515311 1.09008 0.865642 0.586152 0.949038 0.570946 0.517085 0.50557 0.493118 0.627603 0.611163 0.492528 0.485938 0.485315 0.836356 0.461871 0.453308 0.512974 0.850742
threshold=1.4116666666666668 99.125000000000014 106.12500000000001 80.915683746337905 0.41833333333333339 -0.13333333333333319 1003.5015563964845 -0.39166666666666655 -0.036666666666666715 217.12500000000003 0.056666666666666664 44.125000000000007 0.038333333333333337 -0.49499999999999994 246.34026336669925 16.301542282104496 318.60993957519537 3.5000000000000004 87.125000000000014 232.64605712890628 17.463705062866214 0.4283333333333334 0.28043018373978407 0.20526292513757638 365.37500000000006 576.22952270507824 -0.36166666666666653 0.59833333333333349 -0.18499999999999997 220.62500000000003
decision_type=2 2 2 2 2 2 2 2 2 2 2 2 2 2 2 2 2 2 2 2 2 2 2 2 2 2 2 2 2 2
left_child=1 2 10 4 -4 6 -5 -3 19 24 -1 12 17 -13 27 16 -16 -10 -6 20 -7 23 -11 -21 26 -26 -8 -15 29 -29
right_child=-2 7 3 5 18 8 9 -9 11 22 -12 13 -14 14 15 -17 -18 -19 -20 21 -22 -23 -24 -25 25 -27 -28 28 -30 -31
leaf_value=-0.00023407882117558367 0.0011506972505632273 0.0078110453897776702 0.00083001361397857024 0.0057090547259670138 -0.002705499473293977 -0.010509691054467113 -0.0081083925059065223 0.00025188003706515347 -0.0014572656022210141 -0.0006889889687847566 0.0010820391836721291 -0.0019952921143531126 -0.0083962098387668702 -0.0048030759785324334 -0.010239515920649424 0.00070111781667205357 -0.0023144656600915408 0.0046781925339018926 -0.010800315583530333 -0.0026988138747315194 -0.0019886373673526059 0.0048380629814346321 -0.0067069019757065116 0.001961058633582246 0.0046816622396474898 -0.00016348785319783061 -0.00014465767978177991 0.0021287419643299214 0.00017871961979733282 0.0087675859879355056
leaf_weight=7425 1579 30 44 78 28 40 25 8284 745 102 888 417 56 25 33 309 73 36 62 573 47 32 51 62 147 226 67 265 213 59
leaf_count=7425 1579 30 44 78 28 40 25 8284 745 102 888 417 56 25 33 309 73 36 62 573 47 32 51 62 147 226 67 265 213 59
internal_value=-7.74316e-06 -9.72245e-05 -0.000355241 -0.000925605 -0.00528995 -0.000766729 0.000677919 0.000279156 -0.00110357 4.29213e-05 -9.34903e-05 -0.000676958 -0.00165763 -8.81326e-05 0.000725875 -0.000699312 -0.0047817 -0.00117445 -0.00828193 -0.00236588 -0.00590636 -0.00190407 -0.00269496 -0.00224383 0.000943773 0.00174599 -0.00230872 0.00177828 0.00208468 0.00333767
internal_weight=22021 20442 12128 3815 134 3681 696 8314 2985 618 8313 2231 837 1394 977 415 106 781 90 754 87 667 153 635 465 373 92 562 537 324
internal_count=22021 20442 12128 3815 134 3681 696 8314 2985 618 8313 2231 837 1394 977 415 106 781 90 754 87 667 153 635 465 373 92 562 537 324
is_linear=0
shrinkage=0.05


Tree=88
num_leaves=31
num_cat=0
split_feature=0 3 2 34 9 25 10 1 23 18 0 23 0 23 3 24 19 3 23 16 2 4 0 5 16 13 9 17 3 21
split_gain=0.867978 0.902846 0.614145 0.592148 3.00954 0.690319 1.07271 0.633028 0.806981 0.770946 0.822167 0.894197 0.637381 1.04187 1.74905 1.00045 0.916529 1.05866 0.991454 0.907089 2.12904 1.24612 0.903062 0.871101 0.76603 0.735264 0.727541 0.741994 0.669222 0.771645
threshold=3.123749971389771 99.125000000000014 988.17776489257824 -0.60355339059327384 5.2465488910675058 0.59833333333333349 -0.45166666666666661 74.470249176025405 0.20966234573775799 -0.24895833333333331 10.961249828338625 0.33425285361238283 7.6425001621246347 0.41340449153578751 73.625000000000014 -0.84166666666666656 0.2930326344304291 97.375000000000014 0.38677081613327541 -0.55166666666666664 1008.1315002441407 14.219045639038088 18.248750686645511 308.73309326171881 -0.5149999999999999 0.16166666666666671 481.49203491210943 0.22166666666666668 46.125000000000007 1.0000000180025095e-35
decision_type=2 2 2 2 2 2 2 2 2 2 2 2 2 2 2 2 2 2 2 2 2 2 2 2 2 2 2 2 2 2
left_child=-1 2 -2 4 -4 6 -6 12 -9 -10 -11 -12 23 14 15 -14 17 18 22 20 25 -22 -16 -7 -18 -17 28 -28 -15 -30
right_child=1 -3 3 -5 5 7 -8 8 9 10 11 -13 13 26 16 19 24 -19 -20 -21 21 -23 -24 -25 -26 -27 27 -29 29 -31
leaf_value=0.0012453870175592101 0.0023232982301489677 0.00030634811294554692 -0.017267038673162462 -0.00017484592300217596 -0.0022439228135977137 -0.0017639257898145731 -0.013021815670743729 0.0026600980121836808 0.0016070952900918201 -0.00093374746392986844 -0.0079966611917355861 -0.0028143715888096503 -0.0068422248903310529 -0.0097466990859671077 0.0043946003740420563 0.018894197743224064 0.016116633672001109 -0.0046923708118912257 -0.0046965708308245833 -0.0016995642433622383 0.007885525051970035 -0.0044045028414323251 0.014699615900301272 -0.012431070394814015 0.0055374113377183679 0.0059538916285548898 -0.00041003721486351205 0.007285359554589377 0.00212103675106821 -0.0040824440828873777
leaf_weight=1301 209 8586 28 8234 206 114 26 91 108 290 122 262 53 33 100 23 28 36 23 189 30 66 27 23 44 21 1483 32 73 160
leaf_count=1301 209 8586 28 8234 206 114 26 91 108 290 122 262 53 33 100 23 28 36 23 189 30 66 27 23 44 21 1483 32 73 160
internal_value=-7.356e-06 -8.60152e-05 -0.000363651 -0.000410743 -0.000936989 -0.000812162 -0.00345179 -0.000633674 -0.00179623 -0.00231481 -0.00294324 -0.00446083 -0.000236914 -4.91631e-05 0.00168113 -0.000466986 0.00486169 0.00300754 0.00485552 0.000560028 0.00361048 -0.000563869 0.00658543 -0.00355476 0.00965155 0.0127181 -0.000670943 -0.000247494 -0.00308269 -0.00213886
internal_weight=22021 20720 12134 11925 3691 3663 232 3431 873 782 674 384 2558 2421 640 382 258 186 150 329 140 96 127 137 72 44 1781 1515 266 233
internal_count=22021 20720 12134 11925 3691 3663 232 3431 873 782 674 384 2558 2421 640 382 258 186 150 329 140 96 127 137 72 44 1781 1515 266 233
is_linear=0
shrinkage=0.05


Tree=89
num_leaves=31
num_cat=0
split_feature=0 4 6 14 23 21 34 9 33 22 33 13 33 27 19 19 4 23 17 25 9 0 6 5 8 8 3 29 25 8
split_gain=0.79346 0.634784 0.754121 1.14253 0.806471 0.815044 0.547552 0.654716 1.22284 0.724842 0.668364 0.617462 0.495332 0.638616 0.916435 0.780112 0.492791 0.572413 0.49104 0.485676 0.477783 1.29659 0.453774 0.689776 0.434981 0.545358 0.597224 0.700385 0.67752 1.18823
threshold=9.2549996376037615 24.396818161010746 318.12500000000006 0.185 0.33425285361238283 0.018333333333333337 -0.70710678118654757 13.582911968231203 0.60355339059327384 0.56804687500000006 0.78656609248549325 0.55833333333333346 -0.25881904510252113 0.12000000000000009 0.16717118064786859 0.073348325487494939 12.711283683776857 0.21177345530839134 1.3583333333333336 0.56666666666666676 675.71496582031261 23.373750686645511 148.12500000000003 245.69785308837893 15.375000000000002 107.12500000000001 54.125000000000007 3.5000000000000004 0.81166666666666687 202.62500000000003
decision_type=2 2 2 2 2 2 2 2 2 2 2 2 2 2 2 2 2 2 2 2 2 2 2 2 2 2 2 2 2 2
left_child=1 2 6 4 -4 -6 22 10 -9 -10 -8 -11 19 20 15 -15 -13 -18 -3 -2 21 -14 -1 -24 -21 -26 27 -27 -28 -30
right_child=12 18 3 -5 5 -7 7 8 9 11 -12 16 13 14 -16 -17 17 -19 -20 24 -22 -23 23 -25 25 26 28 -29 29 -31
leaf_value=0.0028655033541636937 -0.0027670870890829005 0.001037514172422918 0.008302631992846728 -0.010946536401752383 0.0066610308408382394 -0.004016477838352633 -5.355338144118967e-05 0.0018493980057596841 -0.00078132049523096958 -0.011275110005711516 0.0015139479265695805 0.00037651840352816835 -0.00023991250887041272 0.0022103565386854688 -0.00065830627094767586 -0.0054786365696829617 0.00037678402701490807 -0.0066116825886638258 0.005039081510622055 -0.00027745524005023936 -0.0013823334043431366 0.0074678770012476239 0.0021464090390551044 -0.002870674065748988 0.001190625368986057 -6.6303287617269267e-05 0.0013127797843117594 -0.0041041165413667584 0.00028050072413657757 -0.0063714501646015501
leaf_weight=343 142 1839 20 36 21 120 2745 216 260 30 904 57 6834 39 551 214 38 128 80 2741 936 55 174 113 1730 278 821 175 294 87
leaf_count=343 142 1839 20 36 21 120 2745 216 260 30 904 57 6834 39 551 214 38 128 80 2741 936 55 174 113 1730 278 821 175 294 87
internal_value=-6.9882e-06 0.000427024 0.000140442 -0.002894 -0.00109344 -0.00242621 0.000259808 6.14806e-05 -0.00130651 -0.00263531 0.000334778 -0.00454059 -0.00021454 -0.000460267 -0.00180218 -0.00429338 -0.0036346 -0.00501191 0.00120433 0.000123746 -0.000322389 -0.000178376 0.00163803 0.000171042 0.000190755 0.000569888 -7.89785e-05 -0.00162616 0.000504113 -0.00123845
internal_weight=22021 7124 5205 197 161 141 5008 4378 729 513 3649 253 14897 8629 804 253 223 166 1919 6268 7825 6889 630 287 6126 3385 1655 453 1202 381
internal_count=22021 7124 5205 197 161 141 5008 4378 729 513 3649 253 14897 8629 804 253 223 166 1919 6268 7825 6889 630 287 6126 3385 1655 453 1202 381
is_linear=0
shrinkage=0.05


Tree=90
num_leaves=31
num_cat=0
split_feature=8 26 23 3 26 8 4 19 5 5 22 34 3 28 8 36 5 10 8 4 1 26 2 5 14 16 21 4 31 15
split_gain=0.727983 0.87555 0.712814 0.589858 0.560294 1.17502 0.727399 1.06558 0.813618 0.570726 0.563413 0.540583 0.528363 0.523513 0.789797 0.749481 0.740249 0.675654 0.796971 0.696783 0.636643 0.618676 0.605209 0.828428 0.782738 0.776812 0.598389 0.654111 0.576862 0.571402
threshold=101.12500000000001 1.0000000180025095e-35 0.6026617937701243 22.125000000000004 -0.13333333333333319 217.12500000000003 20.859775543212894 0.25050037849063583 235.52608489990237 257.83042907714849 0.50656250000000014 -0.5 79.125000000000014 11.500000000000002 328.62500000000006 -0.56174490092936669 14.325294494628908 0.47166666666666673 166.62500000000003 12.812755584716799 56.356004714965827 0.023333333333333543 1021.0381774902345 328.83950805664068 0.45041666666666663 0.29166666666666669 0.72166666666666679 23.879622459411625 1.0000000180025095e-35 0.22304292337248408
decision_type=2 2 2 2 2 2 2 2 2 2 2 2 2 2 2 2 2 2 2 2 2 2 2 2 2 2 2 2 2 2
left_child=1 -1 3 -2 5 6 -5 -8 -9 -10 12 -4 -7 16 20 -16 -6 22 19 -19 -15 -20 23 24 26 -25 -18 -28 -22 -30
right_child=2 -3 11 4 13 10 7 8 9 -11 -12 -13 -14 14 15 -17 17 18 21 -21 28 -23 -24 25 -26 -27 27 -29 29 -31
leaf_value=-4.875447508309829e-05 -0.0019079864608165652 0.00078271040396528401 0.0094185934089182424 0.00048739445644884637 0.0058866805560584814 -0.0042894799181588247 0.0016073172900795858 0.012262976556172912 -0.0031629101000726226 0.007541184937299202 -0.008445630919326234 7.6128539706890792e-05 0.00019939962397637538 -0.0027942689030109637 -0.013670609956607222 -0.0017656171715292983 -0.00071195634579999804 0.0045036761128964525 -0.012214528744180615 -0.0032134547983355918 0.00041393513049265448 -0.0036540106451391934 -0.0029631168497144247 0.010712407138799469 0.0057002895202933127 -0.0019267199470777996 -0.011773815849581017 -0.0013661424267209241 -0.0014471701020022122 -0.010916495850930612
leaf_weight=11005 658 4445 32 344 37 88 187 53 20 33 27 30 257 183 20 39 1413 36 39 156 2328 46 300 31 46 20 26 36 66 21
leaf_count=11005 658 4445 32 344 37 88 187 53 20 33 27 30 257 183 20 39 1413 36 39 156 2328 46 300 31 46 20 26 36 66 21
internal_value=2.96616e-06 0.00019046 -0.000437809 -0.000488627 -0.000329034 0.000742825 0.00204674 0.0038775 0.00788244 0.0035019 -0.00148995 0.00489805 -0.00094559 -0.000552347 -8.08209e-05 -0.00580121 -0.00112547 -0.0012462 -0.00355097 -0.00176649 4.90878e-05 -0.00758178 -0.000905164 -0.000512424 -0.000722604 0.00575589 -0.000922912 -0.00573065 0.000264547 -0.00373287
internal_weight=22022 15450 6572 6510 5852 1009 637 293 106 53 372 62 345 4843 2657 59 2186 2149 277 192 2598 85 1872 1572 1521 51 1475 62 2415 87
internal_count=22022 15450 6572 6510 5852 1009 637 293 106 53 372 62 345 4843 2657 59 2186 2149 277 192 2598 85 1872 1572 1521 51 1475 62 2415 87
is_linear=0
shrinkage=0.05


Tree=91
num_leaves=31
num_cat=0
split_feature=25 8 19 8 2 33 19 28 13 3 8 11 23 3 0 4 13 25 2 14 0 5 28 5 25 21 16 5 22 32
split_gain=0.770765 0.674407 0.888474 0.598298 0.942448 0.53424 0.865338 0.675201 0.523999 0.510482 0.546438 1.29624 0.754718 0.994399 0.672418 0.617481 1.22521 1.34519 0.908184 0.98576 0.88741 0.518957 0.503594 0.618878 0.467781 0.465216 0.454249 0.448665 0.461774 0.44055
threshold=0.71500000000000019 306.12500000000006 0.28261047495565123 294.12500000000006 1014.6271057128907 -0.78656609248549303 0.054127335905001996 16.500000000000004 0.071666666666666684 99.125000000000014 125.12500000000001 0.42166666666666669 0.54335052697984121 85.125000000000014 21.786250114440922 23.605529785156254 0.14166666666666669 0.67166666666666675 1010.5188903808595 -0.5512499999999998 21.573750495910648 98.312774658203139 12.500000000000002 217.13871765136722 0.64833333333333343 1.5016666666666669 -0.78166666666666662 351.73825073242193 0.40053819444444455 3.5000000000000004
decision_type=2 2 2 2 2 2 2 2 2 2 2 2 2 2 2 2 2 2 2 2 2 2 2 2 2 2 2 2 2 2
left_child=9 3 -3 5 -5 7 -7 8 -2 10 29 12 15 14 -14 24 17 18 19 -17 26 -16 23 -21 -12 -9 -20 -8 -29 -1
right_child=1 2 -4 4 -6 6 27 25 -10 -11 11 -13 13 -15 21 16 -18 -19 20 22 -22 -23 -24 -25 -26 -27 -28 28 -30 -31
leaf_value=-0.0004810537765925567 -0.0022741833176821405 0.00057931801017660359 -0.010478817518143092 -0.001157614566385746 0.01257153544574976 0.00086319880600472089 -0.00015405885644310434 0.00029338259662577609 0.0028083654623540437 0.0002091906055868416 -0.0033602606257557019 -0.012165721848474018 -0.0033155106799080017 0.0093881749000181182 -0.00017591757086020981 0.01576024283371542 -0.0060494756580737885 -0.0052977324091544797 0.00047954273450159237 0.0068260401348776553 0.0077860287545869758 0.0082702371307776402 0.0081043595469795001 -0.0045684587129821569 -0.00096997435188809925 0.0035244292222385287 -0.0082409001554229443 -0.00033600618639452896 -0.01083343952195719 0.0020703474968949026
leaf_weight=3835 56 39 34 25 25 2602 8390 2330 537 2413 539 28 78 34 44 23 64 54 32 22 24 31 43 26 330 117 28 22 20 177
leaf_count=3835 56 39 34 25 25 2602 8390 2330 537 2413 539 28 78 34 44 23 64 54 32 22 24 31 43 26 330 117 28 22 20 177
internal_value=2.81785e-06 0.000222425 -0.00457105 0.0002472 0.00570696 0.000227803 6.61074e-05 0.000814697 0.00232839 -0.000395618 -0.000665279 -0.00151579 -0.00129844 0.00165361 -6.51821e-05 -0.00176429 0.000128439 0.00169743 0.00360521 0.00651198 -0.000339704 0.00331516 0.00417451 0.00065402 -0.00245256 0.000447871 -0.00359 -0.000179864 -0.00533478 -0.000368492
internal_weight=22022 14197 73 14124 50 14074 11034 3040 593 7825 5412 1400 1372 187 153 1185 316 252 198 114 84 75 91 48 869 2447 60 8432 42 4012
internal_count=22022 14197 73 14124 50 14074 11034 3040 593 7825 5412 1400 1372 187 153 1185 316 252 198 114 84 75 91 48 869 2447 60 8432 42 4012
is_linear=0
shrinkage=0.05


Tree=92
num_leaves=31
num_cat=0
split_feature=25 8 5 8 2 5 2 13 5 9 3 8 33 8 18 24 0 13 0 2 22 22 14 20 5 4 7 0 3 2
split_gain=0.695615 0.608652 0.543479 0.539964 0.850559 0.509975 0.49742 0.64154 0.615494 0.598171 0.546611 0.6923 0.504212 0.810656 0.848788 1.19175 0.601572 0.496283 0.749591 1.43166 0.491697 0.818032 0.551771 0.546193 0.838817 0.492072 0.660059 0.670042 0.521825 0.507521
threshold=0.71500000000000019 306.12500000000006 222.63600921630862 294.12500000000006 1014.6271057128907 354.91667175292974 1019.6901855468751 -0.21166666666666664 245.00930023193362 667.62332153320324 34.875000000000007 189.12500000000003 0.25881904510252091 135.12500000000003 0.25635416666666677 -0.97499999999999998 19.198750495910648 0.071666666666666684 15.623749732971193 1013.9475708007814 0.14112847222222225 0.26092013888888893 0.14083333333333345 -1.0116666666666665 205.70072937011722 17.714307785034183 403.37500000000006 21.348750114440922 70.875000000000014 1017.1374816894532
decision_type=2 2 2 2 2 2 2 2 2 2 2 2 2 2 2 2 2 2 2 2 2 2 2 2 2 2 2 2 2 2
left_child=6 3 -3 5 -5 -2 8 9 10 -8 11 -1 -10 -14 16 -16 -15 18 19 -12 23 -22 -23 24 -20 29 27 28 -27 -25
right_child=1 2 -4 4 -6 -7 7 -9 12 -11 17 -13 13 14 15 -17 -18 -19 20 -21 21 22 -24 25 -26 26 -28 -29 -30 -31
leaf_value=-0.00049138174259005752 0.0002305545146745172 0.00027804646627320088 -0.0083706577732347142 -0.0010997338257730006 0.011942958535044455 -0.0061895551881001841 -0.0052815673452908793 -0.00058705514259350564 -0.0003369230263352823 -0.0010982712304352649 0.0026113414167448358 -0.009046121004636613 -0.00062245384558900281 -0.0048635593785106073 -0.0029273405037860481 -0.017989825342767555 0.00022894271744669165 4.6535925269711544e-05 0.0056267613801173864 0.016971970606218315 0.0043095089550433839 0.0016125633731631011 -0.0093446862651035186 -0.0022385077210037708 -0.0045691169189432494 0.0085516569528566767 -0.0037168934481309323 0.011301894238947528 4.0622269005391257e-05 0.0026076273128050023
leaf_weight=1619 14043 34 39 25 25 31 167 875 1283 175 100 24 438 140 29 24 99 1921 90 21 192 27 20 320 26 23 41 23 83 65
leaf_count=1619 14043 34 39 25 25 31 167 875 1283 175 100 24 438 140 29 24 99 1921 90 21 192 27 20 320 26 23 41 23 83 65
internal_value=2.67696e-06 0.000211304 -0.00434249 0.00023484 0.00542161 0.000216413 -0.000375837 -0.00130476 -0.000204757 -0.00314099 0.000114636 -0.000616344 -0.000933824 -0.0019829 -0.00402357 -0.00974809 -0.00275411 0.00052148 0.00140641 0.00510368 0.000914799 0.00286222 -0.0030501 0.000221156 0.00334148 -0.00043102 0.00180947 0.00356592 0.00188736 -0.00142033
internal_weight=22022 14197 73 14124 50 14074 7825 1217 6608 342 4595 1643 2013 730 292 53 239 2952 1031 121 910 239 47 671 116 555 170 129 106 385
internal_count=22022 14197 73 14124 50 14074 7825 1217 6608 342 4595 1643 2013 730 292 53 239 2952 1031 121 910 239 47 671 116 555 170 129 106 385
is_linear=0
shrinkage=0.05


Tree=93
num_leaves=31
num_cat=0
split_feature=25 1 4 15 25 5 2 17 5 36 15 33 8 18 5 13 2 8 2 3 34 34 19 0 6 3 23 0 0 1
split_gain=0.635951 0.662725 0.765367 0.602076 0.563798 0.561894 0.991205 0.878344 0.541525 0.80145 0.480632 0.525014 0.44529 0.427848 0.605258 0.929494 0.700767 0.766385 0.54208 0.501466 0.593122 0.512224 0.56228 1.63287 1.59875 0.959642 0.84521 0.719745 0.712726 0.973082
threshold=0.62833333333333352 62.23808670043946 10.293246746063234 0.13366278670151843 1.5016666666666669 224.10957336425784 1006.7945861816407 -0.42166666666666658 264.28956604003912 1.0000000180025095e-35 0.20526292513757638 0.37940952255126054 104.12500000000001 -0.47510416666666649 67.926933288574233 -0.28499999999999998 1014.7161254882814 175.62500000000003 1015.4351501464845 99.875000000000014 0.37940952255126048 -0.60355339059327384 0.17324911147355057 8.9112496376037615 143.12500000000003 51.625000000000007 0.21395095007892959 18.723750114440922 22.586250305175785 70.110530853271499
decision_type=2 2 2 2 2 2 2 2 2 2 2 2 2 2 2 2 2 2 2 2 2 2 2 2 2 2 2 2 2 2
left_child=-1 2 3 -2 13 6 7 -4 12 -10 11 -8 -7 14 -3 16 17 -16 -17 21 -21 22 23 25 -25 -15 -24 -26 -28 -30
right_child=1 4 5 -5 -6 8 10 -9 9 -11 -12 -13 -14 19 15 18 -18 -19 -20 20 -22 -23 26 24 27 -27 28 -29 29 -31
leaf_value=-0.00064566960857936721 -0.0020659020728331437 -0.0016817606282783064 -0.0025166507377954467 -0.0092128135390242838 0.00167896748273265 0.00028833537063611725 0.00089054043947893479 0.0079199028212719388 -0.0026861014761703299 0.0043643889403327894 -0.0057445167610421779 -0.0037310507115188036 -0.0041614926345526979 -0.0051523554171517237 0.0039401850651807364 -0.0010843841840161327 0.00071445595165113779 0.011998090185225012 0.0035022337209404809 0.00075514925572520782 -0.00017125087571421822 4.7079346066071031e-05 0.005288503365221596 -0.014627121283525699 -0.0019191706578634349 0.0022358055084320465 -0.00089758655196117438 -0.0090012339821955913 -0.0019873537945871551 0.0079268315777351918
leaf_weight=3229 79 122 28 47 613 74 321 72 90 73 40 76 234 57 72 188 62 50 98 4476 2814 7042 63 38 163 192 1463 46 45 55
leaf_count=3229 79 122 28 47 613 74 321 72 90 73 40 76 234 57 72 188 62 50 98 4476 2814 7042 63 38 163 192 1463 46 45 55
internal_value=2.54311e-06 0.000113919 -0.00105778 -0.00473181 0.000189161 -0.000598523 0.000507057 0.00499767 -0.00185903 0.00047148 -0.000520542 5.80259e-06 -0.00309238 0.000135585 0.00145621 0.00227074 0.0050429 0.00724261 0.000487254 8.80704e-05 0.000397551 -0.000158123 -0.0008391 -0.00231275 -0.00519317 0.00054454 -0.000389575 -0.0034779 -0.000618442 0.00346545
internal_weight=22022 18793 1134 126 17659 1008 537 100 471 163 437 397 308 17046 592 470 184 122 286 16454 7290 9164 2122 496 247 249 1626 209 1563 100
internal_count=22022 18793 1134 126 17659 1008 537 100 471 163 437 397 308 17046 592 470 184 122 286 16454 7290 9164 2122 496 247 249 1626 209 1563 100
is_linear=0
shrinkage=0.05


Tree=94
num_leaves=31
num_cat=0
split_feature=0 3 2 34 9 5 27 5 7 8 4 15 9 21 16 8 27 8 36 20 2 15 7 25 36 8 23 1 2 12
split_gain=0.594836 0.629083 0.546241 0.499708 2.03154 0.505014 0.54524 0.541977 1.23827 0.435064 0.445538 0.405901 0.452079 0.430234 0.452708 0.397628 0.681338 0.512096 0.496375 0.423822 0.643009 0.805168 0.651559 0.617982 0.576635 0.503751 0.495072 0.453328 0.623555 0.51974
threshold=3.123749971389771 98.125000000000014 986.63543701171886 -0.60355339059327384 5.2465488910675058 324.08554077148443 0.78833333333333344 313.83767700195318 186.37500000000003 133.12500000000003 20.959088325500492 0.1319353788606796 210.83599090576175 1.1816666666666669 0.39166666666666672 328.62500000000006 -0.18166666666666656 361.50000000000006 -0.56174490092936669 -0.79166666666666663 1014.2838745117189 0.25448204266476998 197.12500000000003 0.90166666666666673 -0.56174490092936669 227.37500000000003 0.48026892404033478 73.399303436279311 986.63543701171886 -0.62166666666666648
decision_type=2 2 2 2 2 2 2 2 2 2 2 2 2 2 2 2 2 2 2 2 2 2 2 2 2 2 2 2 2 2
left_child=11 2 -2 4 -4 6 7 -6 -9 -7 -11 12 -1 14 -14 19 -17 18 -18 20 21 26 -23 24 25 -22 -3 28 -21 -30
right_child=1 15 3 -5 5 9 -8 8 -10 10 -12 -13 13 -15 -16 16 17 -19 -20 27 23 22 -24 -25 -26 -27 -28 -29 29 -31
leaf_value=0.0011407201697019016 0.0030181980660360795 0.0045548049732532124 -0.013184236588351656 -0.0001209850200507375 -0.00068288485173771186 -0.0030102799214156615 -0.0073291710432386026 -0.014941316876899114 -0.00035688951394932216 0.010315997771580113 0.002172458537486972 0.005065932797054605 0.0002003670217735427 0.0041659390297718348 -0.0074192345549818134 0.0039270642992301754 -0.011932802164616684 0.0014234026828173387 -0.0029804865505866475 -0.0087350750865880407 -0.0019008896897776139 0.0029434613539310902 0.014604404159355908 0.0060662805030005989 0.00039852375525599275 -0.011063775870328148 0.00028584893277314096 0.00033077001677709608 -0.0059680001149603791 -0.00035516253906451418
leaf_weight=1114 122 114 33 7785 3310 28 32 22 43 22 71 60 35 20 44 29 30 23 32 24 40 23 25 32 139 24 168 7525 43 1010
leaf_count=1114 122 114 33 7785 3310 28 32 22 43 22 71 60 35 20 44 29 30 23 32 24 40 23 25 32 139 24 168 7525 43 1010
internal_value=2.41596e-06 -6.19499e-05 -0.000309623 -0.000345406 -0.000836032 -0.00072053 -0.000833266 -0.000771675 -0.00529316 0.00245379 0.00409889 0.00105153 0.000852966 -0.002385 -0.00404346 0.000244086 -0.00269067 -0.00494849 -0.00731225 0.000280582 0.00160713 0.00303055 0.00901687 -0.000391704 -0.00140971 -0.00533697 0.0020116 0.000193451 -0.000765998 -0.000584367
internal_weight=22022 20749 11468 11346 3561 3528 3407 3375 65 121 93 1273 1213 99 79 9281 114 85 62 9167 565 330 48 235 203 64 282 8602 1077 1053
internal_count=22022 20749 11468 11346 3561 3528 3407 3375 65 121 93 1273 1213 99 79 9281 114 85 62 9167 565 330 48 235 203 64 282 8602 1077 1053
is_linear=0
shrinkage=0.05


Tree=95
num_leaves=31
num_cat=0
split_feature=3 34 6 9 27 8 0 23 9 1 33 6 10 5 0 8 24 19 23 19 1 3 2 19 3 32 25 25 0 13
split_gain=0.655427 0.664341 1.03711 1.02542 0.684393 0.885651 0.562363 0.528709 0.54697 0.628015 0.479026 1.14512 1.19759 0.745317 0.600334 0.589463 0.722785 0.764044 0.578332 0.801615 0.661189 0.574446 0.534464 0.527928 0.51588 0.616465 0.489638 0.695312 0.54153 1.30624
threshold=99.125000000000014 -0.70710678118654757 461.37500000000006 355.80238342285162 0.080000000000000043 328.62500000000006 0.323749989271164 0.5289044717548288 269.48176574707037 62.641639709472663 0.25881904510252091 0.87500000000000011 0.59166666666666679 279.73411560058599 8.9112496376037615 233.12500000000003 -1.0016666666666665 0.35074111349764342 0.48305704491585616 0.28522294662454833 73.887947082519545 85.125000000000014 1020.374969482422 0.30197858221978047 30.625000000000004 2.5000000000000004 1.0750000000000002 1.1383333333333334 16.098750114440922 -0.16166666666666665
decision_type=2 2 2 2 2 2 2 2 2 2 2 2 2 2 2 2 2 2 2 2 2 2 2 2 2 2 2 2 2 2
left_child=6 4 -3 -4 7 -6 -1 8 9 -2 15 -12 13 22 -14 -8 -17 23 19 24 -21 -19 26 -18 -15 -26 28 -28 29 -13
right_child=1 2 3 -5 5 -7 10 -9 -10 -11 11 12 14 18 -16 16 17 21 -20 20 -22 -23 -24 -25 25 -27 27 -29 -30 -31
leaf_value=0.0015360816344241858 -0.0068127426149492912 0.00018694329575341703 -0.015562245454639197 -0.0020010185772148165 0.00030748798290749666 -0.007840130478808922 0.00010168111553279913 -0.002419030068142872 0.0041844242575918974 0.0017258542629210638 0.00058597255351161147 0.0041734736852366804 -0.002866904589462023 -0.001688666330981199 -0.0082343009937464982 -0.0087397743847120457 -0.00098924248714860508 -0.012180275434628129 -0.0015344511911079481 0.011247525213716122 6.5733474912121892e-05 -0.00096283445378676769 -0.0029715034400824045 0.0062018784601241351 0.0052686963055172181 -0.00069263436525943698 -0.0087489251937303281 -0.0015587778319517166 -0.0013134897688202069 -0.00057739368791894798
leaf_weight=454 22 6951 20 46 709 35 6916 70 242 1018 1440 172 301 107 63 37 171 25 154 39 20 21 332 30 101 76 45 133 1393 911
leaf_count=454 22 6951 20 46 709 35 6916 70 242 1018 1440 172 301 107 63 37 171 25 154 39 20 21 332 30 101 76 45 133 1393 911
internal_value=3.62137e-05 0.000361033 0.000127711 -0.00611048 0.00114215 -7.58005e-05 -0.000192523 0.00181238 0.00204342 0.00154523 -0.000255371 -0.000616766 -0.00106697 -0.000781781 -0.00379588 1.00034e-05 -0.00222254 -0.00124628 0.00101101 0.00215387 0.00745709 -0.00705927 -0.00108018 8.40591e-05 0.00105215 0.00270903 -0.000843586 -0.00337651 -0.000661494 0.00017713
internal_weight=22054 9113 7017 66 2096 744 12941 1352 1282 1040 12487 5287 3847 3483 364 7200 284 247 497 343 59 46 2986 201 284 177 2654 178 2476 1083
internal_count=22054 9113 7017 66 2096 744 12941 1352 1282 1040 12487 5287 3847 3483 364 7200 284 247 497 343 59 46 2986 201 284 177 2654 178 2476 1083
is_linear=0
shrinkage=0.05


Tree=96
num_leaves=31
num_cat=0
split_feature=3 34 6 9 8 24 23 2 24 27 23 5 21 21 6 25 8 18 22 5 25 35 33 16 6 10 28 20 3 25
split_gain=0.591523 0.599568 0.935994 0.925648 0.629604 0.785356 0.871831 0.879366 0.658273 0.809536 0.685743 0.56734 0.660508 0.859658 0.495014 0.491115 0.477541 0.693003 0.644585 0.596473 0.494653 0.473054 0.464599 0.505119 0.499597 0.920263 0.830484 1.05279 1.05163 0.731245
threshold=99.125000000000014 -0.70710678118654757 461.37500000000006 392.93959045410162 118.12500000000001 0.25166666666666676 0.29164466375002851 989.42163085937511 -0.85166666666666657 0.16000000000000011 0.47106104501488716 237.67493438720706 -0.22499999999999995 0.071666666666666684 284.62500000000006 0.71500000000000019 229.62500000000003 -0.16083333333333322 0.11267361111111114 250.28643035888675 0.59833333333333349 1.0000000180025095e-35 -0.78656609248549303 0.44833333333333336 0.62500000000000011 0.46166666666666673 13.500000000000002 0.39833333333333337 3.6250000000000004 1.1216666666666668
decision_type=2 2 2 2 2 2 2 2 2 2 2 2 2 2 2 2 2 2 2 2 2 2 2 2 2 2 2 2 2 2
left_child=15 4 -3 -4 -2 6 -6 -8 10 -10 14 -12 -13 -14 -9 16 -1 18 20 -19 -18 -7 23 -17 -24 -26 27 29 -29 -27
right_child=1 2 3 -5 5 21 7 8 9 -11 11 12 13 -15 -16 22 17 19 -20 -21 -22 -23 24 -25 25 26 -28 28 -30 -31
leaf_value=-0.00044296851967997008 0.0023576511546181509 0.00017759612673432933 -0.013638170529156925 -0.0013288353852528548 0.0037477501066420188 -0.0015272337762040221 -0.0092099414653300012 0.00075541108695639152 0.00049946739020336232 -0.0035692199960126424 -0.0012637887613085152 0.010665517261562249 -0.0059929644760604098 0.0060846851399058814 0.0058641021495008539 0.0024219265010522336 -0.0070127739392696542 0.0048031546074249181 -0.010637642499059439 -0.003602347175220553 -0.00051927169313272219 -0.0090316312884291018 0.00040149832095661932 0.00032293296058980551 -2.9563195563237263e-05 -0.0047453140000518618 0.0013252366352883847 -0.0083186668460257362 -0.0011881405791078397 -0.014197500231343189
leaf_weight=5192 664 6951 24 42 213 70 24 74 442 169 194 24 26 34 132 388 47 46 35 39 78 30 2627 1097 2512 76 162 57 557 28
leaf_count=5192 664 6951 24 42 213 70 24 74 442 169 194 24 26 34 132 388 47 46 35 39 78 30 2627 1097 2512 76 162 57 557 28
internal_value=3.4403e-05 0.000342981 0.000121326 -0.00580496 0.00108504 0.000494947 0.000815781 0.000257685 0.000465194 -0.000625914 0.00184261 0.000222517 0.00365517 0.000851037 0.00402894 -0.000182897 -0.00054476 -0.00270191 -0.00464013 0.000946513 -0.00296083 -0.00377855 7.92903e-05 0.000871357 -0.000116127 -0.000517013 -0.00190846 -0.00263807 -0.00185009 -0.00729013
internal_weight=22054 9113 7017 66 2096 1432 1332 1119 1095 611 484 278 84 60 206 12941 5437 245 160 85 125 100 7504 1485 6019 3392 880 718 614 104
internal_count=22054 9113 7017 66 2096 1432 1332 1119 1095 611 484 278 84 60 206 12941 5437 245 160 85 125 100 7504 1485 6019 3392 880 718 614 104
is_linear=0
shrinkage=0.05


Tree=97
num_leaves=31
num_cat=0
split_feature=0 4 6 10 23 17 34 34 24 24 24 5 20 12 18 28 19 5 6 12 6 14 34 5 34 6 26 4 5 2
split_gain=0.530225 0.668982 0.956915 0.752844 0.716637 0.666203 0.473609 0.41757 0.429489 0.471337 0.529936 0.398549 0.386133 0.535789 0.475185 0.495496 0.481064 0.458867 0.67414 0.598556 0.367167 0.378115 0.365291 0.358294 0.347741 0.339794 0.339035 0.37257 0.416873 0.342133
threshold=9.0362496376037615 24.396818161010746 311.12500000000006 0.38833333333333336 0.32850582372966664 0.32166666666666671 -0.70710678118654757 -0.60355339059327384 0.34000000000000002 -0.22166666666666662 -0.083333333333333329 287.22897338867193 0.46833333333333338 0.058333333333333341 0.25635416666666677 11.500000000000002 0.32290584936658551 308.73309326171881 280.87500000000006 0.87833333333333352 100.62500000000001 0.78875000000000028 -0.5 262.76373291015631 0.37940952255126048 140.87500000000003 -0.42499999999999993 17.714307785034183 231.50811004638675 1020.0164794921876
decision_type=2 2 2 2 2 2 2 2 2 2 2 2 2 2 2 2 2 2 2 2 2 2 2 2 2 2 2 2 2 2
left_child=1 2 6 4 -4 -6 11 8 9 -8 -11 -1 13 14 15 -3 23 -15 19 -19 24 -22 -9 -17 -14 -13 27 -2 -29 -28
right_child=26 12 3 -5 5 -7 7 22 -10 10 -12 25 20 17 -16 16 -18 18 -20 -21 21 -23 -24 -25 -26 -27 29 28 -30 -31
leaf_value=0.002081050911823569 -0.001100666710236338 0.0069606535398634151 0.0058065752576415743 -0.01148904959484935 -0.0050602518738773854 0.0046244018245488409 0.0010903330054134132 0.0025847429993653033 0.00088868005635132181 -0.013292111539207821 -0.003712771247540202 0.0021973857527662968 0.0019834184317163738 0.0037496221796239448 -0.0065927973285747265 -2.5546099854315198e-05 0.0058992210432188587 -0.0075107331969775266 0.0057662402309717675 0.0027412707160692665 0.0003281950035638977 -0.0060610219621314455 6.2417203076914465e-05 -0.0075287785237798319 0.00012201921938775331 -0.0048745166169615779 -5.4988446990449194e-05 0.0092937012766337694 0.00087707946908527194 -0.00075084810510934823
leaf_weight=505 37 26 24 25 115 21 25 149 55 22 42 29 460 398 26 41 20 35 31 24 57 39 3918 26 552 41 13213 31 28 2039
leaf_count=505 37 26 24 25 115 21 25 149 55 22 42 29 460 398 26 41 20 35 31 24 57 39 3918 26 552 41 13213 31 28 2039
internal_value=3.26828e-05 0.000403577 0.000108543 -0.00341992 -0.00215912 -0.00356483 0.000244933 6.11375e-05 -0.00258491 -0.00473151 -0.00700567 0.00159096 0.00124889 0.00224046 -0.000498179 0.000904122 -0.000905876 0.00302053 -0.000203686 -0.00334043 0.000687775 -0.00226742 0.000154826 -0.00293725 0.00096811 -0.00194473 -0.000129372 0.00283269 0.00529937 -0.000148016
internal_weight=22054 6706 4971 185 160 136 4786 4211 144 89 64 575 1735 627 139 113 87 488 90 59 1108 96 4067 67 1012 70 15348 96 59 15252
internal_count=22054 6706 4971 185 160 136 4786 4211 144 89 64 575 1735 627 139 113 87 488 90 59 1108 96 4067 67 1012 70 15348 96 59 15252
is_linear=0
shrinkage=0.05


Tree=98
num_leaves=31
num_cat=0
split_feature=3 34 4 23 22 0 0 1 13 26 27 33 6 10 4 4 5 4 19 29 4 25 8 2 6 25 25 0 13 2
split_gain=0.522811 0.551937 0.508451 0.608952 0.654649 0.486164 0.451774 0.71643 0.45063 0.433222 0.419991 0.404149 0.978795 0.961214 0.995218 0.693189 0.664112 0.715605 0.694653 0.651357 0.555749 0.512127 0.528425 0.460825 0.449408 0.436996 0.622889 0.482808 1.20481 1.10047
threshold=99.125000000000014 0.60355339059327384 21.468222618103031 0.5502106404822108 0.053281250000000009 0.323749989271164 21.223750114440922 60.85876655578614 -0.098333333333333342 -0.096666666666666623 -0.55499999999999983 0.25881904510252091 0.62500000000000011 0.59166666666666679 33.268840789794929 12.907044410705568 279.73411560058599 7.2471520900726327 0.30197858221978047 4.5000000000000009 15.704609394073488 0.59833333333333349 175.62500000000003 1020.374969482422 193.62500000000003 1.0750000000000002 1.1383333333333334 15.967500209808351 -0.16166666666666665 1003.1394653320314
decision_type=2 2 2 2 2 2 2 2 2 2 2 2 2 2 2 2 2 2 2 2 2 2 2 2 2 2 2 2 2 2
left_child=5 2 3 6 8 -1 7 -2 -5 -4 -9 21 -13 16 15 -15 23 -18 19 -19 -20 22 -7 25 -17 27 -27 28 -14 -29
right_child=1 -3 9 4 -6 11 -8 10 -10 -11 -12 12 13 14 -16 24 17 18 20 -21 -22 -23 -24 -25 -26 26 -28 29 -30 -31
leaf_value=0.0014339920345581066 -0.0054949734623561492 -0.00028945612613222137 0.0032796559106152987 -0.0080532145328246624 0.00041440744977603889 -0.0009707153000494816 0.002770657280143972 0.006953373833190806 -0.0022739335890643512 0.0009364025778259721 0.00031664817330081353 0.00055581471522774103 0.0041671167709864676 0.0018943612607579458 -0.011978184085549607 -0.0031769699495285751 -0.0063913262156288959 -0.00070110077697378194 0.012835726448313586 0.0034989243075584197 0.0027487559153491423 0.00013046091023595895 -0.006326496167400596 -0.0027589202453859197 -0.01096607203828171 -0.0082612949154443217 -0.0014559004606356971 -0.0097209058513210433 -0.00052043667791204799 -0.00098406009427858877
leaf_weight=454 53 2632 217 52 146 475 191 24 96 2167 3535 1426 162 68 31 250 31 271 22 140 36 6674 51 332 20 45 133 37 891 1392
leaf_count=454 53 2632 217 52 146 475 191 24 96 2167 3535 1426 162 68 31 250 31 271 22 140 36 6674 51 332 20 45 133 37 891 1392
internal_value=3.10487e-05 0.000321152 0.000569126 0.000231299 -0.00196109 -0.000173241 0.000400787 0.00027547 -0.00430449 0.00114969 0.000361403 -0.000231676 -0.000563627 -0.000977075 -0.00340399 -0.0026176 -0.000720623 0.000966122 0.00145244 0.000729565 0.00657485 1.20771e-05 -0.00149 -0.0010025 -0.00375394 -0.000783276 -0.00317637 -0.000611652 0.000200725 -0.00121028
internal_weight=22054 9113 6481 4097 294 12941 3803 3612 148 2384 3559 12487 5287 3861 369 338 3492 500 469 411 58 7200 526 2992 270 2660 178 2482 1053 1429
internal_count=22054 9113 6481 4097 294 12941 3803 3612 148 2384 3559 12487 5287 3861 369 338 3492 500 469 411 58 7200 526 2992 270 2660 178 2482 1053 1429
is_linear=0
shrinkage=0.05


Tree=99
num_leaves=31
num_cat=0
split_feature=1 0 3 34 6 9 2 22 4 8 2 20 26 4 13 0 1 21 4 36 5 33 6 10 4 5 4 19 4 29
split_gain=0.515227 0.482972 0.499513 0.487675 0.83078 0.838673 0.487192 1.06357 0.474807 0.767054 0.772821 0.579338 0.566581 0.561229 0.529137 0.522524 0.684643 0.661822 0.603195 0.57661 0.414086 0.402236 0.761938 0.956258 0.836357 0.682617 0.560897 0.689164 0.663706 0.565583
threshold=53.608547210693366 2.8799999952316289 99.125000000000014 -0.70710678118654757 461.37500000000006 355.80238342285162 987.04183959960949 0.76754340277777799 11.301109313964846 231.62500000000003 1005.1424560546876 -0.87499999999999989 -0.093333333333333296 9.4185757637023944 -0.12499999999999999 15.129999637603762 59.975780487060554 0.045000000000000005 15.260919094085695 1.0000000180025095e-35 275.00447082519537 0.25881904510252091 0.62500000000000011 0.59166666666666679 33.268840789794929 279.73411560058599 7.2471520900726327 0.30197858221978047 15.704609394073488 4.5000000000000009
decision_type=2 2 2 2 2 2 2 2 2 2 2 2 2 2 2 2 2 2 2 2 2 2 2 2 2 2 2 2 2 2
left_child=-1 -2 21 6 -5 -6 7 -4 11 12 14 -8 -10 20 -11 19 -17 -18 -19 -12 -13 -3 -23 25 -25 -24 -27 29 -29 -28
right_child=1 2 3 4 5 -7 8 -9 9 10 15 13 -14 -15 -16 16 17 18 -20 -21 -22 22 23 24 -26 26 27 28 -30 -31
leaf_value=-0.0021660990967409979 0.0010570377657092337 4.1521819927217224e-05 -0.012862482870696114 0.0001394905110372486 -0.01404606757685542 -0.0017817215872523579 0.0094819897944883758 0.00066952524741865558 0.0044561042612606778 -0.0016286874120123686 0.00063956916666938922 0.0015095090720757482 0.0010660301214435268 0.0054875511079121178 -0.01299243402179508 -0.0078569036602441755 -0.0039214563185244822 -0.0058987924535931265 0.0021013763568338913 0.0090899477195408619 -0.005897352387685152 0.00048216918182255415 -0.0009560286443360442 -0.002712839278097191 -0.011379275048497103 -0.0059453624956033848 -0.0006022570094118189 0.0139715135935694 0.0026113181088779432 0.0033239781160539551
leaf_weight=264 1142 6857 20 6604 20 46 30 53 141 20 80 186 979 90 21 35 96 27 185 27 21 1335 2982 273 31 27 266 20 36 140
leaf_count=264 1142 6857 20 6604 20 46 30 53 141 20 80 186 979 90 21 35 96 27 185 27 21 1335 2982 273 31 27 266 20 36 140
internal_value=2.94962e-05 5.60973e-05 7.37273e-07 0.000289481 8.37054e-05 -0.00549819 0.000971988 -0.00303787 0.00112303 0.000770434 -0.000877362 0.00286013 0.00149282 0.00219126 -0.00744914 -0.0002786 -0.00123022 -0.000477184 0.00108249 0.00277191 0.000758088 -0.000208721 -0.000544516 -0.000907595 -0.00359659 -0.000672085 0.00105945 0.00146882 0.00666853 0.000751617
internal_weight=22054 21790 20648 8681 6670 66 2011 73 1938 1611 491 327 1120 297 41 450 343 308 212 107 207 11967 5110 3775 304 3471 489 462 56 406
internal_count=22054 21790 20648 8681 6670 66 2011 73 1938 1611 491 327 1120 297 41 450 343 308 212 107 207 11967 5110 3775 304 3471 489 462 56 406
is_linear=0
shrinkage=0.05


Tree=100
num_leaves=31
num_cat=0
split_feature=1 0 2 27 26 5 5 26 6 22 0 4 15 4 4 0 2 23 23 7 6 27 6 33 6 25 3 4 1 24
split_gain=0.523705 0.444913 0.497676 0.672995 0.412239 0.493386 0.623726 0.443326 0.431918 0.608907 0.975564 0.926301 0.597231 0.469002 0.862973 0.478584 0.608449 0.465897 0.418925 0.413835 0.677435 0.52247 0.40194 0.412427 0.51721 0.587851 0.633755 0.513895 0.493364 0.432012
threshold=53.608547210693366 3.123749971389771 1013.2425537109376 0.78833333333333344 -0.13833333333333334 156.83252716064456 174.08394622802737 -0.0033333333333333331 208.37500000000003 0.41947916666666674 8.3237500190734881 22.2605094909668 0.24074729335819486 10.113295555114748 20.527701377868656 12.367499828338625 1002.7432861328126 0.35168312746854596 0.53888718659277324 140.12500000000003 439.87500000000006 -0.51166666666666649 782.25000000000011 0.37940952255126054 1.1250000000000002 1.2433333333333334 58.125000000000007 41.209045410156257 88.137779235839858 -1.0349999999999999
decision_type=2 2 2 2 2 2 2 2 2 2 2 2 2 2 2 2 2 2 2 2 2 2 2 2 2 2 2 2 2 2
left_child=-1 -2 4 22 5 -3 -7 8 -6 12 -11 17 13 18 -15 -16 -17 -12 -10 21 -21 -8 23 27 -25 29 -27 -4 -28 -26
right_child=1 2 3 -5 7 6 19 -9 9 10 11 -13 -14 14 15 16 -18 -19 -20 20 -22 -23 -24 24 25 26 28 -29 -30 -31
leaf_value=-0.0022231265215378556 0.00094934482489887704 -0.0018145958484449198 -1.9135740193691495e-05 -0.0090333505448969929 2.8708644648888178e-05 0.0096119746468029919 -0.0069733121749013666 0.00037589861309566901 0.0005087226423552459 0.0014845931425854263 -0.013811908931647604 -0.0025915338655660321 0.0041072503835535967 -0.0028017998608670753 0.0080180476968442754 -0.0075949254445731645 0.00091515358398891683 -0.0050782248879281374 0.0077240204385016116 0.00568050701863782 0.0011339338122293382 0.00069984323160455749 -0.0041656719911825901 0.00021640404951421156 -0.0027958743098391216 -0.0074306514667536044 0.00090588588408832809 0.00781689698286798 -0.0040618027366132051 -0.00055008203124508239
leaf_weight=261 1241 106 5698 22 3015 25 25 6463 103 74 37 109 65 424 21 23 242 26 25 119 263 197 66 1083 243 69 89 21 114 1803
leaf_count=261 1241 106 5698 22 3015 25 25 6463 103 74 37 109 65 424 21 23 242 26 25 119 263 197 66 1083 243 69 89 21 114 1803
internal_value=3.30948e-06 2.9952e-05 -2.55155e-05 -0.000298709 0.000195886 0.00134108 0.00187288 0.000116681 -0.000285654 -0.00111055 -0.00331582 -0.00538111 -0.000509779 -0.000867901 -0.00137014 0.000752318 0.000176543 -0.0102075 0.00191796 0.00155255 0.00255027 -0.000164251 -0.00027779 -0.000249654 -0.000685671 -0.00110713 -0.00329094 9.63794e-06 -0.00188385 -0.000816811
internal_weight=22072 21811 20570 9208 11362 735 629 10627 4164 1149 246 172 903 838 710 286 265 63 128 604 382 222 9186 9120 3401 2318 272 5719 203 2046
internal_count=22072 21811 20570 9208 11362 735 629 10627 4164 1149 246 172 903 838 710 286 265 63 128 604 382 222 9186 9120 3401 2318 272 5719 203 2046
is_linear=0
shrinkage=0.05


Tree=101
num_leaves=31
num_cat=0
split_feature=1 28 19 28 8 28 3 24 27 2 22 19 7 24 27 27 25 6 35 13 25 0 0 1 2 6 3 9 22 21
split_gain=0.472644 0.42089 0.745086 0.696625 0.660782 0.741259 0.529601 0.533617 0.472494 0.453123 1.50087 0.691295 0.975239 0.593358 0.531182 0.530121 0.564933 1.03289 0.860657 0.458921 0.47026 0.455205 0.612301 0.444531 0.542042 0.661681 0.440625 0.497399 0.436759 0.573544
threshold=53.608547210693366 12.500000000000002 0.073348325487494939 19.500000000000004 107.12500000000001 16.500000000000004 27.125000000000004 -1.1033333333333333 0.026666666666666634 1011.8343200683595 0.18066840277777782 0.16183603585141712 435.25000000000006 -0.73333333333333328 -0.59166666666666645 0.74166666666666681 0.71833333333333338 403.25000000000006 -1.0000000180025095e-35 -0.031666666666666655 1.071666666666667 13.586249828338625 18.873750686645511 76.466815948486342 1004.4494934082032 520.37500000000011 60.875000000000007 165.83868408203128 0.1049479166666667 0.045000000000000005
decision_type=2 2 2 2 2 2 2 2 2 2 2 2 2 2 2 2 2 2 2 2 2 2 2 2 2 2 2 2 2 2
left_child=-1 2 8 4 5 -3 -6 -8 -2 10 11 -9 -13 15 -12 16 28 -18 -19 20 23 -20 -23 24 -16 -26 -15 -28 -11 -30
right_child=1 3 -4 -5 6 -7 7 9 -10 13 14 12 -14 26 19 -17 17 18 21 -21 -22 22 -24 -25 25 -27 27 -29 29 -31
leaf_value=-0.0021119701836643549 1.8055318654024746e-05 0.0020182297960649781 -0.000538080971101774 -0.00027901377779468927 -0.001897261380676158 0.00052020188766026037 0.0059661138574301741 -0.001109947421718971 0.0011616929449857645 -0.0011003738584309255 0.0069237092548670876 0.0035899364195492744 0.012864719082790544 -0.0052397832125425344 -0.008969587114963519 -0.0089206736048926486 -0.0029271293893831669 0.008234293530516041 0.0069910541966395545 0.0003394600744507878 0.0049759207492960358 -0.0029351779868011362 0.0058971191660160778 -5.1066117420634063e-05 0.00083870840975298335 -0.0065767194635035211 0.00036370327398576338 0.0048535385904378723 -0.008333238399767828 -0.0019604140040805429
leaf_weight=261 4347 1225 6411 3658 333 2534 40 64 1140 202 24 248 32 25 46 23 139 52 23 460 21 80 26 94 65 56 212 87 62 82
leaf_count=261 4347 1225 6411 3658 333 2534 40 64 1140 202 24 248 32 25 46 23 139 52 23 460 21 80 26 94 65 56 212 87 62 82
internal_value=3.144e-06 2.84544e-05 -0.000172031 0.000269085 0.00058962 0.00100839 -4.10462e-05 0.000244723 0.000255662 0.000136925 0.00083475 0.00357831 0.00464991 -0.00062772 -0.000397345 -0.00145754 -0.00119981 0.000314429 0.0028038 -0.000634145 -0.00222229 0.000614768 -0.000768765 -0.00280146 -0.00434959 -0.00259323 0.00113694 0.00167011 -0.00260026 -0.00470427
internal_weight=22072 21811 11898 9913 6255 3759 2496 2163 5487 2123 1110 344 280 1013 766 689 666 320 181 742 282 129 106 261 167 121 324 299 346 144
internal_count=22072 21811 11898 9913 6255 3759 2496 2163 5487 2123 1110 344 280 1013 766 689 666 320 181 742 282 129 106 261 167 121 324 299 346 144
is_linear=0
shrinkage=0.05


Tree=102
num_leaves=31
num_cat=0
split_feature=25 1 4 22 0 0 8 20 19 25 26 8 26 22 21 23 22 17 0 4 0 7 2 10 10 35 27 23 8 5
split_gain=0.427379 0.495465 0.520174 0.453209 0.662557 1.3752 0.429563 0.421127 0.405225 0.405144 0.398166 0.947564 0.601151 0.461077 0.853415 0.388465 0.749071 0.381707 0.818498 0.561668 0.422396 0.38086 0.485408 0.454505 0.653401 0.501425 0.491626 0.399235 0.38868 0.377179
threshold=0.62833333333333352 60.85876655578614 9.6445407867431658 0.94666666666666677 10.073750019073488 8.9112496376037615 122.12500000000001 -1.0683333333333331 0.36765723981757265 1.5016666666666669 -0.14499999999999993 220.62500000000003 -0.053333333333333115 0.45832465277777779 0.4883333333333334 0.39644946123900399 0.23769097222222227 -0.36833333333333323 16.017500877380375 25.191341400146488 25.730000495910648 6.8750000000000009 1010.7695312500001 0.011666666666666669 -0.62166666666666648 1.0000000180025095e-35 -0.47833333333333322 0.55302764875373056 131.12500000000003 283.21772766113287
decision_type=2 2 2 2 2 2 2 2 2 2 2 2 2 2 2 2 2 2 2 2 2 2 2 2 2 2 2 2 2 2
left_child=-1 2 -2 4 5 -4 -6 -3 17 10 11 21 29 14 15 16 -13 20 19 -19 -8 -9 23 24 -23 26 -26 -24 -25 -12
right_child=1 7 3 -5 6 -7 8 9 -10 -11 12 13 -14 -15 -16 -17 -18 18 -20 -21 -22 22 27 28 25 -27 -28 -29 -30 -31
leaf_value=-0.00052677694552670745 -0.0046188624079369911 0.005481798819744507 0.00035084604914300144 -0.0077226184139197523 0.00038927127619623662 0.012421701417328483 -0.0012183798476945046 -0.0030914236854379961 -0.0069471734786042717 0.0013956494045633712 -0.0011070465059509942 0.0080046288290759552 0.00014871351058518643 -0.0062844570914638194 0.0065735178405053121 -0.0040161319121699594 -0.0029335268677419257 -0.0032005908584687862 -0.0079718052740058599 0.0070616118935868145 0.0057996854409187414 0.008565567705469828 0.00036609901196920291 0.0031463743092064733 -0.0075177432461108161 0.0047746828578125976 0.00070409266060839104 0.0066428940909515543 0.0086247058153368431 0.00092250162501230411
leaf_weight=3247 91 37 150 22 257 28 201 33 41 622 1570 24 14506 42 35 99 45 40 62 20 24 33 266 61 24 52 75 28 69 268
leaf_count=3247 91 37 150 22 257 28 201 33 41 622 1570 24 14506 42 35 99 45 40 62 20 24 33 266 61 24 52 75 28 69 268
internal_value=2.9868e-06 9.43623e-05 -0.00102705 -0.000640236 -0.000450914 0.00224963 -0.00119618 0.000153037 -0.00224634 0.000141993 9.67362e-05 0.00112907 4.07737e-05 -0.00151579 -0.00052917 -0.0020089 0.000871049 -0.00169091 -0.00394298 0.000220143 -0.000469786 0.00213998 0.00242392 0.00379096 0.002192 0.000799103 -0.00128908 0.000963889 0.0060541 -0.000811117
internal_weight=22072 18825 936 845 823 178 645 17889 388 17852 17230 886 16344 245 203 168 69 347 122 60 225 641 608 314 184 151 99 294 130 1838
internal_count=22072 18825 936 845 823 178 645 17889 388 17852 17230 886 16344 245 203 168 69 347 122 60 225 641 608 314 184 151 99 294 130 1838
is_linear=0
shrinkage=0.05


Tree=103
num_leaves=31
num_cat=0
split_feature=1 28 28 29 5 4 28 23 8 28 3 24 27 23 3 16 6 8 24 9 4 6 27 5 8 29 5 0 6 3
split_gain=0.410506 0.376861 0.684607 0.913554 1.02114 0.723543 0.630316 0.61504 0.588505 0.615164 0.580252 0.722352 0.709086 0.838909 0.788421 0.679426 0.701862 0.573201 0.493783 0.556954 0.978263 0.488144 0.483898 0.453793 0.695196 0.550194 0.449334 0.865063 0.86261 0.828575
threshold=53.608547210693366 12.500000000000002 6.5000000000000009 5.5000000000000009 14.325294494628908 36.283779144287116 19.500000000000004 0.18498618136617992 114.12500000000001 16.500000000000004 39.625000000000007 0.071666666666666684 0.16666666666666682 0.45792029968012127 76.625000000000014 -0.62166666666666648 578.75000000000011 227.37500000000003 0.28000000000000008 103.29650115966798 17.573939323425297 456.75000000000006 1.0000000180025095e-35 270.01817321777349 217.12500000000003 3.5000000000000004 203.13675689697268 23.111250877380375 155.12500000000003 91.875000000000014
decision_type=2 2 2 2 2 2 2 2 2 2 2 2 2 2 2 2 2 2 2 2 2 2 2 2 2 2 2 2 2 2
left_child=-1 2 22 4 -4 7 8 -5 9 -3 11 17 26 15 -15 16 -14 -6 19 20 -9 -16 -2 25 -25 -17 27 29 -28 -12
right_child=1 6 3 5 10 -7 -8 18 -10 -11 12 -13 13 14 21 23 -18 -19 -20 -21 -22 -23 -24 24 -26 -27 28 -29 -30 -31
leaf_value=-0.0019683441945946671 -4.1239215978839532e-05 0.0017869605050328061 0.0059978661256738838 -0.0064240239869706858 -0.0013962504360424453 0.0091996628235882297 -0.00026723864995469536 -0.0082083832472562793 -7.3688336174052913e-05 0.00047487896275850934 -0.0036374323023550615 -0.0064894421293434715 0.0080158929270692167 0.0069145838430683532 0.0031387717754114419 -0.0018588070605399607 -0.005071801610202307 -0.0099499942571856098 0.0041572144844806485 0.0011168661931610321 0.0016569725569247061 -0.0044651375039510676 0.0010121468007851405 -0.016813199026953607 -0.0045817963850612832 -0.0081932609627154065 -0.0014232342677149828 0.0057708994580686771 0.00081355776143485984 -0.00061905149296406943
leaf_weight=261 5016 1369 54 29 945 26 3658 47 2315 2571 302 81 20 35 32 86 21 20 106 531 54 62 1393 21 26 57 637 44 1333 920
leaf_count=261 5016 1369 54 29 945 26 3658 47 2315 2571 302 81 20 35 32 86 21 20 106 531 54 62 1393 21 26 57 637 44 1333 920
internal_value=2.83747e-06 2.64255e-05 -0.000163284 -0.000573112 -0.000838184 0.000996592 0.000254122 0.000718522 0.000559021 0.000930777 -0.000917707 -0.00195421 -0.000616211 -0.00272126 0.000508625 -0.00452497 0.00131244 -0.00157353 0.000999191 0.000469523 -0.00293384 -0.00187657 0.000187715 -0.00578462 -0.0100469 -0.00438373 -0.000382027 -0.00111699 9.02905e-05 -0.001365
internal_weight=22072 21811 11898 5489 4696 793 9913 767 6255 3940 4642 1046 3596 360 129 231 41 965 738 632 101 94 6409 190 47 143 3236 1266 1970 1222
internal_count=22072 21811 11898 5489 4696 793 9913 767 6255 3940 4642 1046 3596 360 129 231 41 965 738 632 101 94 6409 190 47 143 3236 1266 1970 1222
is_linear=0
shrinkage=0.05


Tree=104
num_leaves=31
num_cat=0
split_feature=8 22 4 4 27 5 26 29 0 21 34 26 26 0 6 28 10 22 13 9 3 8 16 8 22 13 34 6 4 3
split_gain=0.383851 1.80103 0.731046 0.73429 0.712908 1.08997 0.652545 0.619339 0.927083 0.671607 0.590111 0.584824 0.584179 0.541684 0.540458 0.524494 0.55015 0.522545 0.501735 0.577489 0.495718 0.468413 0.450929 0.654632 0.703187 0.515534 0.516002 0.486914 0.44838 0.525565
threshold=229.62500000000003 0.57703993055555569 11.203529357910158 15.704609394073488 -0.2049999999999999 124.44460296630861 0.23500000000000007 4.5000000000000009 12.523749828338625 0.42166666666666669 -0.78656609248549325 -0.14499999999999993 -0.053333333333333115 19.267500877380375 295.12500000000006 11.500000000000002 0.45833333333333343 0.39050347222222226 0.038333333333333337 336.60485839843756 50.625000000000007 160.62500000000003 -0.82166666666666655 265.12500000000006 0.22668402777777782 -0.031666666666666655 -0.9159756150367534 436.37500000000006 9.0616040229797381 42.625000000000007
decision_type=2 2 2 2 2 2 2 2 2 2 2 2 2 2 2 2 2 2 2 2 2 2 2 2 2 2 2 2 2 2
left_child=11 2 6 4 5 -4 22 9 -9 18 14 28 15 17 -11 16 -13 -10 -5 -20 -18 -22 -2 24 -24 26 -25 -28 -1 -30
right_child=1 -3 3 7 -6 -7 -8 8 13 10 -12 12 -14 -15 -16 -17 20 -19 19 -21 21 -23 23 25 -26 -27 27 -29 29 -31
leaf_value=-0.0027731453800307858 -0.0059774864731090413 -0.015715481545776129 0.0095496496884152297 0.00068876750128904778 -0.0049325414355502039 -0.0040609159678416818 0.0096719321717197715 0.010372288545061436 0.0034721628975712213 -0.012395348789383814 0.0030724699912954949 -0.00086846232723303762 9.3126696738493169e-05 -0.0040252997816733497 -0.0037770463410304409 0.00029936247576259367 -0.0070748602971434597 -0.0052733291138429197 0.00085962642754974046 -0.0088820270393625833 -0.0013115461443202947 -0.0093818875774741173 0.0019949965401674092 0.0056329608266439167 -0.0077479650747151151 0.011069577879139356 0.0039018603851613794 -0.0061786605967208749 -0.000297319485929192 0.0024192158252855037
leaf_weight=63 21 20 24 327 199 38 24 28 117 21 27 1150 17692 47 136 741 68 20 29 32 178 20 46 59 31 21 23 25 255 590
leaf_count=63 21 20 24 327 199 38 24 28 117 21 27 1150 17692 47 136 741 68 20 29 32 178 20 46 59 31 21 23 25 255 590
internal_value=2.69559e-06 -0.000825723 -0.000595765 -0.00117682 -0.00347394 0.00120769 0.00183306 -0.000412093 0.00189628 -0.00126764 -0.00375556 5.51777e-05 -1.58648e-06 0.000606453 -0.00492981 -0.000778437 -0.00134245 0.00219545 -8.7806e-05 -0.00425075 -0.00339167 -0.00212673 0.00100061 0.00171544 -0.00192749 0.00390689 0.00250113 -0.00134841 0.00129605 0.00159943
internal_weight=22072 1315 1295 1045 261 62 250 784 212 572 184 20757 19849 184 157 2157 1416 137 388 61 266 198 226 205 77 128 107 48 908 845
internal_count=22072 1315 1295 1045 261 62 250 784 212 572 184 20757 19849 184 157 2157 1416 137 388 61 266 198 226 205 77 128 107 48 908 845
is_linear=0
shrinkage=0.05


Tree=105
num_leaves=31
num_cat=0
split_feature=10 2 27 26 6 8 23 26 10 31 34 0 5 1 3 23 23 8 24 19 3 9 4 5 10 19 15 27 6 27
split_gain=0.381358 0.336444 0.508134 0.437254 0.391646 0.357227 0.581289 0.476081 0.727296 0.572144 0.633418 0.557878 0.607987 0.444241 0.635486 0.491591 0.613196 0.508682 0.930684 0.437255 0.430384 0.710433 0.682967 0.552777 0.573373 0.423742 0.405649 0.392095 0.598497 0.381558
threshold=1.4683333333333335 1013.2425537109376 0.74166666666666681 -0.13833333333333334 782.25000000000011 114.12500000000001 0.6026617937701243 -0.013333333333333355 0.115 1.0000000180025095e-35 -0.60355339059327384 8.2549996376037615 197.85041809082034 73.399303436279311 39.625000000000007 0.32609937203742861 0.55161811138409911 272.12500000000006 -0.94166666666666654 0.052300767874037632 99.875000000000014 240.71600341796878 17.463705062866214 149.97371673583987 -0.16166666666666665 0.11199121039574207 0.1423073742266048 -0.10333333333333333 333.37500000000006 0.066666666666666749
decision_type=2 2 2 2 2 2 2 2 2 2 2 2 2 2 2 2 2 2 2 2 2 2 2 2 2 2 2 2 2 2
left_child=1 3 4 -1 -3 26 7 11 13 27 -11 12 -7 -9 -15 -16 17 18 29 -13 21 22 -21 -23 -25 -22 -5 28 -10 -17
right_child=-2 2 -4 5 -6 6 -8 8 9 10 -12 19 -14 14 15 16 -18 -19 -20 20 25 23 -24 24 -26 -27 -28 -29 -30 -31
leaf_value=0.0013538460447473696 0.0046602322164372633 -0.00016544516390209482 -0.0063139611293616549 0.0001846794309222031 -0.0039728879447519672 -0.0031342008814681322 0.0067505632917995431 0.00027836694920837298 -0.00020022549399393888 -0.011905450245365502 -0.00012628602617908093 -0.0076581113600461262 0.0068055087578250103 -0.0030067713698372247 -0.0018206388747785242 0.0088011423378939867 -0.0030955509127428135 4.6285243447998477e-05 0.0042166898507095965 -0.01259754280664868 0.002855987542863475 -0.0046165533899535649 -0.0030368939686091024 -0.0019066638438897121 0.0029073289740059911 -0.0014291417909567472 0.0018968266988665878 -0.0011549236764208238 0.0098291184708830873 0.018123006927115576
leaf_weight=744 44 10006 34 8296 68 25 28 663 51 25 21 31 40 40 32 23 21 29 81 31 89 113 47 214 87 164 361 681 21 21
leaf_count=744 44 10006 34 8296 68 25 28 663 51 25 21 31 40 40 32 23 21 29 81 31 89 113 47 214 87 164 361 681 21 21
internal_value=9.96292e-06 6.99019e-07 -0.000211741 0.000179958 -0.000191146 0.000102221 -0.000414431 -0.000493105 -1.38492e-05 -0.00111463 -0.00652801 -0.001467 0.00298254 0.000952663 0.00276261 0.00387747 0.00491941 0.00601236 0.00739649 -0.00183971 -0.0015976 -0.00245938 -0.00683664 -0.00163468 -0.000515244 7.82752e-05 0.000256077 -0.000783935 0.002725 0.0132502
internal_weight=22131 22087 10108 11979 10074 11235 2578 2550 1709 799 46 841 65 910 247 207 175 154 125 776 745 492 78 414 301 253 8657 753 72 44
internal_count=22131 22087 10108 11979 10074 11235 2578 2550 1709 799 46 841 65 910 247 207 175 154 125 776 745 492 78 414 301 253 8657 753 72 44
is_linear=0
shrinkage=0.05


Tree=106
num_leaves=31
num_cat=0
split_feature=10 1 4 25 18 15 2 27 17 2 1 9 9 0 8 5 36 9 4 23 34 25 2 17 28 1 19 26 16 16
split_gain=0.344176 0.324883 0.453549 0.350113 0.544424 0.511358 0.449722 0.424659 0.392364 0.392333 0.538989 0.362143 0.397194 0.495391 0.799605 0.393497 0.355693 0.492985 0.356298 0.333947 0.298027 0.377481 0.597436 0.505486 0.440583 0.698602 0.504005 0.415895 0.406486 0.373569
threshold=1.4683333333333335 62.23808670043946 33.782026290893562 0.62833333333333352 -0.47510416666666649 0.11680943537720684 1006.0044250488282 0.22333333333333344 -0.69499999999999995 1013.4879760742189 68.607692718505874 821.42370605468761 706.14764404296886 23.373750686645511 144.62500000000003 230.17874145507815 -0.56174490092936669 506.61642456054693 19.02343845367432 0.6026617937701243 0.60355339059327384 1.2950000000000002 1021.1639404296876 -0.061666666666666661 9.5000000000000018 71.843406677246108 0.094371581223121184 -0.19333333333333325 -0.5149999999999999 -0.62166666666666648
decision_type=2 2 2 2 2 2 2 2 2 2 2 2 2 2 2 2 2 2 2 2 2 2 2 2 2 2 2 2 2 2
left_child=1 2 19 -3 5 16 -7 9 -6 -8 -11 12 13 20 15 -15 17 -5 -18 -1 21 22 29 -23 25 -24 -27 -25 -26 -10
right_child=-2 3 -4 4 8 6 7 -9 11 10 -12 -13 -14 14 -16 -17 18 -19 -20 -21 -22 23 24 27 28 26 -28 -29 -30 -31
leaf_value=-0.00092320409978211091 0.0044272206075468357 -0.00046952304727131242 0.0050180535907309283 -0.0064814960893464129 -0.0045789813815564333 0.010214394051235148 0.0094580737718691424 0.001179080474344513 0.0018053382705060933 -0.0019890926562116614 0.0084690556176197293 0.0062336049547108514 -0.0018869751795861534 0.0027552921018771789 0.0092147966745333414 -0.0054507764011976273 0.00048742930976004574 0.00016462771665482295 0.005843215210863003 0.0044938428841274358 -0.00020833041901781223 -0.0069203422138733525 -0.0085610101274095282 0.0067210171239761021 -0.0043434246856156947 -0.00049234650106953195 -0.0042785012678099362 0.00079596228660075397 0.00022437010879798624 0.00017112189753548115
leaf_weight=1502 44 2767 34 38 45 21 36 173 367 28 22 24 251 48 39 21 128 105 41 29 5457 21 39 30 53 308 123 2319 601 7417
leaf_count=1502 44 2767 34 38 45 21 36 173 367 28 22 24 251 48 39 21 128 105 41 29 5457 21 39 30 53 308 123 2319 601 7417
internal_value=9.46478e-06 6.6407e-07 -0.000693749 5.36198e-05 0.000135148 0.00162593 0.00317714 0.00260655 8.37269e-05 0.00547808 0.00261249 9.59843e-05 8.7367e-05 0.000116789 0.00349227 0.000257793 0.00023382 -0.00160148 0.00178676 -0.000820595 9.50056e-05 0.000241778 9.25727e-05 0.000802591 -0.000984994 -0.00215272 -0.00157285 0.000871633 -0.000145803 0.000248172
internal_weight=22131 22087 1565 20522 17755 592 280 259 17163 86 50 17118 17094 16843 108 69 312 143 169 1531 16735 11278 8908 2370 1124 470 431 2349 654 7784
internal_count=22131 22087 1565 20522 17755 592 280 259 17163 86 50 17118 17094 16843 108 69 312 143 169 1531 16735 11278 8908 2370 1124 470 431 2349 654 7784
is_linear=0
shrinkage=0.05


Tree=107
num_leaves=31
num_cat=0
split_feature=10 1 2 22 7 25 18 15 2 27 17 6 17 2 6 16 8 3 23 16 5 8 8 23 24 26 2 17 2 19
split_gain=0.310619 0.293207 0.409049 0.903617 0.416033 0.315977 0.491343 0.461623 0.39463 0.496417 0.354109 0.340607 0.405873 0.581546 0.405498 0.40159 0.394134 0.740696 0.54829 0.372911 0.467127 0.499802 0.480022 0.38483 0.506565 0.395417 0.370187 0.339389 0.368461 0.343742
threshold=1.4683333333333335 62.23808670043946 1002.7432861328126 0.50279513888888905 249.12500000000003 0.62833333333333352 -0.47510416666666649 0.11837440406319129 1013.4203491210939 0.23833333333333337 -0.69499999999999995 692.12500000000011 -0.39499999999999996 1010.6900939941407 415.25000000000006 -0.2616666666666666 245.62500000000003 40.875000000000007 0.49487562059096696 -0.78166666666666662 53.753158569335945 287.25000000000006 226.12500000000003 0.38133534339464253 -0.85166666666666657 0.096666666666666706 1012.6306762695314 -0.29833333333333328 1016.3409423828126 0.33749098066941913
decision_type=2 2 2 2 2 2 2 2 2 2 2 2 2 2 2 2 2 2 2 2 2 2 2 2 2 2 2 2 2 2
left_child=1 2 3 4 -1 11 7 -7 9 -9 -8 12 13 -3 15 -14 17 -15 -19 -16 -21 22 23 -22 25 -25 -24 28 -10 -29
right_child=-2 5 -4 -5 -6 6 10 8 27 -11 -12 -13 14 16 19 -17 -18 18 -20 20 21 -23 26 24 -26 -27 -28 29 -30 -31
leaf_value=0.0027489589083146445 0.004205859590663088 0.01011938319541514 -0.00083134532624019809 -0.0057955031096935273 0.012132413827237629 0.00024860512058700159 -0.0043500323438396054 0.010053077738525139 -0.0004575420708323901 0.0031275460024556634 9.1185055383364766e-05 -0.0027880330741497355 0.0034860529395764773 -0.00086617425043621792 0.0038336088433861739 -0.00033908522096385381 -0.0045485283892888291 0.013544034960214051 0.0019764611031860115 -0.0082392212498234585 -0.0057623349081421665 0.0044760930632557058 -0.0030925089829704831 -0.00052297044904046366 0.0059561102597329484 -0.0077966166152195499 -0.011829969230827622 -0.0025870414286600866 0.007353765992189034 0.0049226256879046568
leaf_weight=27 44 20 1497 20 21 318 45 36 26 92 17118 147 71 69 25 2044 26 20 21 32 43 28 27 124 26 22 22 64 36 20
leaf_count=27 44 20 1497 20 21 318 45 36 26 92 17118 147 71 69 25 2044 26 20 21 32 43 28 27 124 26 22 22 64 36 20
internal_value=8.99154e-06 6.30866e-07 -0.000659062 0.00313371 0.00685422 5.09388e-05 0.000128391 0.00154463 0.00304878 0.00507535 7.95405e-05 -0.000446047 -0.000314645 0.00215863 -0.000471233 -0.000210676 0.000987931 0.00229655 0.00761918 -0.00205025 -0.00250425 -0.00187576 -0.00254944 -0.00153161 -0.000473925 -0.001619 -0.00701545 0.00127206 0.00407806 -0.000799025
internal_weight=22131 22087 1565 68 48 20522 17755 592 274 128 17163 2767 2620 156 2464 2115 136 110 41 349 324 292 264 215 172 146 49 146 62 84
internal_count=22131 22087 1565 68 48 20522 17755 592 274 128 17163 2767 2620 156 2464 2115 136 110 41 349 324 292 264 215 172 146 49 146 62 84
is_linear=0
shrinkage=0.05


Tree=108
num_leaves=31
num_cat=0
split_feature=10 2 27 26 9 15 2 22 4 6 8 9 23 23 17 24 19 8 23 26 10 25 22 1 20 4 36 25 6 13
split_gain=0.283843 0.276635 0.461758 0.383749 0.349958 0.526179 0.411674 0.579363 0.376512 0.451509 0.462767 0.543684 0.449078 0.412112 0.374573 0.336616 0.595361 0.336203 0.518822 0.418621 0.649507 0.487955 0.452382 0.893294 0.663938 0.640727 0.652412 0.65121 0.558857 0.635756
threshold=1.3883333333333334 1013.2425537109376 0.74166666666666681 -0.13833333333333334 214.33298492431643 0.1742483827673755 1003.1394653320314 0.28164062500000003 9.0616040229797381 443.87500000000006 131.12500000000003 324.15811157226568 0.36489919563875178 0.3936370920037881 -0.048333333333333332 -0.69833333333333314 0.26290960103254341 114.12500000000001 0.6026617937701243 -0.013333333333333355 0.115 1.2916666666666667 0.1848958333333334 64.128887176513686 -0.91833333333333322 10.457205295562746 -0.56174490092936669 0.7383333333333334 280.87500000000006 -0.60166666666666657
decision_type=2 2 2 2 2 2 2 2 2 2 2 2 2 2 2 2 2 2 2 2 2 2 2 2 2 2 2 2 2 2
left_child=1 3 -3 4 5 -1 -7 -8 -6 10 -10 -12 15 -14 -15 -11 -17 -5 19 21 22 -19 23 -21 -24 -26 -27 -28 -29 -30
right_child=-2 2 -4 17 8 6 7 -9 9 12 11 -13 13 14 -16 16 -18 18 -20 20 -22 -23 24 -25 25 26 27 28 29 -31
leaf_value=0.0014391327128881436 0.0024970300915843008 -0.00017768127211509376 -0.0060144469703492876 0.00023509538386831571 -0.0027945481234779345 0.0013585941449631581 -0.0019134208559989929 -0.012741717443402327 0.001473173144071591 -0.0071441592832949645 0.0031336836524133108 0.010053860566204451 0.0073561230688496976 0.0030323747629383661 -0.0017470617814419364 -0.0049019458543123869 0.0056270730346441276 -0.0016348617015065283 0.0063534114628315116 -0.00057881893896747662 -0.0010808320437041923 0.0048587584526588526 -0.0068086255380573378 0.0037750353858598583 -0.0062729027533136757 -0.001900263701544236 -0.00080377717122297491 -0.0026246884435584599 -0.00081954527861223786 0.0080568460331091451
leaf_weight=132 114 10036 34 8625 39 26 30 21 94 24 64 51 33 111 65 29 25 811 28 205 799 30 36 277 34 131 89 22 26 90
leaf_count=132 114 10036 34 8625 39 26 30 21 94 24 64 51 33 111 65 29 25 811 28 205 799 30 36 277 34 131 89 22 26 90
internal_value=8.54196e-06 -4.34297e-06 -0.000197388 0.000158373 0.001258 -0.000476984 -0.00376176 -0.00637213 0.00193578 0.00230772 0.00407551 0.00620263 0.00102037 0.00222864 0.00126724 -0.00221717 -2.74001e-05 8.53459e-05 -0.000415658 -0.000489986 -4.0581e-05 -0.00140322 0.000872782 0.00192329 -0.000310269 0.000286519 0.000909481 0.00253096 0.00468163 0.00606731
internal_weight=22131 22017 10070 11947 744 209 77 51 535 496 209 115 287 209 176 78 54 11203 2578 2550 1709 841 910 482 428 392 358 227 138 116
internal_count=22131 22017 10070 11947 744 209 77 51 535 496 209 115 287 209 176 78 54 11203 2578 2550 1709 841 910 482 428 392 358 227 138 116
is_linear=0
shrinkage=0.05


Tree=109
num_leaves=31
num_cat=0
split_feature=0 15 2 13 34 27 5 20 22 2 3 8 19 20 33 23 16 1 23 19 34 5 9 2 6 1 4 6 2 19
split_gain=0.285145 0.352533 0.334193 0.757063 0.496535 0.458815 0.697102 0.61293 0.530699 0.580246 0.375523 0.575219 0.473695 0.436055 0.421923 0.508119 0.65322 0.500858 0.485133 0.357735 0.34675 0.413551 0.560929 0.339068 0.422347 0.561681 0.331454 0.518366 0.506872 0.491368
threshold=3.123749971389771 0.15161323838346707 1019.6901855468751 -0.2283333333333333 -0.70710678118654757 0.038333333333333337 37.295604705810554 -0.48499999999999993 0.63699652777777793 1023.3266906738282 22.125000000000004 175.62500000000003 0.28261047495565123 -1.0983333333333332 0.91597561503675362 0.6026617937701243 -0.33833333333333332 89.37012100219728 0.58015378403322515 0.2702049119512106 -0.60355339059327384 197.85041809082034 273.23641967773443 1027.055847167969 465.37500000000006 78.93768692016603 14.400688171386721 284.62500000000006 1011.2405090332032 0.15298594299012572
decision_type=2 2 2 2 2 2 2 2 2 2 2 2 2 2 2 2 2 2 2 2 2 2 2 2 2 2 2 2 2 2
left_child=1 -1 10 23 5 6 -5 19 -9 -10 11 -2 -13 -12 15 -15 -17 18 26 -8 21 -6 -23 24 25 -4 27 -16 -28 -30
right_child=2 -3 3 4 20 -7 7 8 9 -11 13 12 -14 14 17 16 -18 -19 -20 -21 -22 22 -24 -25 -26 -27 28 -29 29 -31
leaf_value=0.00057601916234589442 -0.00036320766781568062 0.0052866326520083157 -0.008250355288260975 0.011308376165106894 -0.009566024403708677 -0.00047248977353927222 0.0018595706092927493 0.0069550841901695644 0.0065264238510280848 0.00020285756219216513 0.006087871315521038 -0.0016880462415215067 -0.010978857237521721 2.522133977690352e-05 -0.0021092445649324144 0.011667488065237801 0.0011591435736045242 0.0019857024811174937 -0.0061577405619980957 -0.0049323110583614806 -0.00035869762846625766 0.001903974026827974 -0.0063262915553374075 0.0017749993488126036 -0.0018372703454075144 -0.00053319435338945937 -2.9030508423406205e-05 0.0033825763777987857 0.001979664065453936 0.0092074217489705647
leaf_weight=1270 2797 41 65 20 21 274 33 61 47 159 31 34 23 12302 227 21 50 646 29 47 2566 47 37 49 390 37 482 53 246 26
leaf_count=1270 2797 41 65 20 21 274 33 61 47 159 31 34 23 12302 227 21 50 646 29 47 2566 47 37 49 390 37 482 53 246 26
internal_value=8.11486e-06 0.000723338 -3.69215e-05 -0.000457291 -0.000174028 0.00107568 0.00223153 0.00170837 0.00285864 0.00164561 5.85394e-05 -0.000464541 -0.00543697 0.000164319 0.000151279 4.95634e-05 0.00426725 0.000887692 0.000220415 -0.00213066 -0.000473939 -0.00329021 -0.00172126 -0.00219143 -0.00258646 -0.00545099 0.000399299 -0.00106972 0.000944824 0.00267055
internal_weight=22131 1311 20820 3853 3312 641 367 347 267 206 16967 2854 57 14113 14082 12373 71 1709 1063 80 2671 105 84 541 492 102 1034 280 754 272
internal_count=22131 1311 20820 3853 3312 641 367 347 267 206 16967 2854 57 14113 14082 12373 71 1709 1063 80 2671 105 84 541 492 102 1034 280 754 272
is_linear=0
shrinkage=0.05


Tree=110
num_leaves=31
num_cat=0
split_feature=8 23 34 28 6 28 29 28 7 20 0 17 3 0 25 0 4 23 26 8 2 8 3 7 9 24 2 21 4 0
split_gain=0.320128 0.750854 0.540113 0.601009 1.17271 0.518402 0.504733 0.782138 0.497407 0.47738 0.727217 0.728451 0.661186 0.527996 0.464557 0.433792 0.508786 0.459707 0.420098 0.548825 0.454201 0.419381 0.51451 0.722555 0.557543 0.406049 0.397017 0.385183 0.37863 0.429345
threshold=106.12500000000001 0.6026617937701243 0.37940952255126048 12.500000000000002 4.6250000000000009 16.500000000000004 5.5000000000000009 5.5000000000000009 0.37500000000000006 0.69833333333333336 6.7237501144409189 0.89833333333333343 4.1250000000000009 9.0987496376037615 0.9816666666666668 18.167500495910648 23.740084648132328 0.49020939499259564 -0.13333333333333319 217.12500000000003 1010.4376220703126 169.12500000000003 43.125000000000007 259.25000000000006 523.67141723632824 0.16500000000000001 1012.6306762695314 0.64500000000000002 25.937077522277836 13.323750019073488
decision_type=2 2 2 2 2 2 2 2 2 2 2 2 2 2 2 2 2 2 2 2 2 2 2 2 2 2 2 2 2 2
left_child=2 8 3 4 -1 -5 7 26 -2 10 -9 13 -11 14 -12 16 25 -17 19 20 -10 -22 -23 -24 -25 -8 -6 -16 -15 -30
right_child=1 -3 -4 5 6 -7 15 9 18 12 11 -13 -14 28 27 17 -18 -19 -20 -21 21 22 23 24 -26 -27 -28 -29 29 -31
leaf_value=0.0016496156443916413 -0.0056012445232934424 0.0055043327164920894 -0.00016768969522222294 0.0016810949964445668 0.00258664709930195 0.00044349193207019415 -0.0020366287106216626 -0.0034546868045141018 0.0027749366953912615 -0.0072267671864803722 0.0058639951727607036 -0.0083048683587659267 0.0016698521751287857 -0.00088235183040934499 -0.0036284677539952098 0.00031684691978928946 0.0029213082017721954 0.0097471902080412433 -0.00051487648616381282 -0.0010209590653677454 -0.0011097898811269075 -0.0035720353427853798 -0.0004741983637174244 0.013853577262766304 0.004116009628349424 0.0033802583718233812 -0.00032811458196668021 0.0013120459999800735 -0.0012926106888570381 -0.0063468794118332339
leaf_weight=809 45 55 8286 1278 225 2504 177 370 320 23 44 33 227 922 50 24 135 28 5089 359 234 31 59 21 49 43 243 187 99 73
leaf_count=809 45 55 8286 1278 225 2504 177 370 320 23 44 33 227 922 50 24 135 28 5089 359 234 31 59 21 49 43 243 187 99 73
internal_value=-9.53405e-06 -0.000312019 0.000110501 0.000418093 -3.3878e-05 0.000861698 -0.000503029 -0.000769257 -0.000363557 -0.00119444 -0.0014821 -0.000963732 0.000851363 -0.000787545 0.00114571 0.00112966 0.000504914 0.00539472 -0.000325307 0.000573778 0.00137561 0.000239107 0.00221187 0.0036018 0.00703728 -0.000977874 0.00107321 0.000269744 -0.00128411 -0.00343774
internal_weight=22042 6262 15780 7494 3712 3782 2903 2496 6207 2028 1778 1408 250 1375 281 407 355 52 6162 1073 714 394 160 129 70 220 468 237 1094 172
internal_count=22042 6262 15780 7494 3712 3782 2903 2496 6207 2028 1778 1408 250 1375 281 407 355 52 6162 1073 714 394 160 129 70 220 468 237 1094 172
is_linear=0
shrinkage=0.05


Tree=111
num_leaves=31
num_cat=0
split_feature=0 8 4 21 1 21 12 25 3 8 19 33 8 10 32 16 13 4 11 16 22 13 22 1 16 20 10 20 2 21
split_gain=0.298889 0.258455 0.996335 0.538779 0.584451 0.51203 0.429035 0.411982 0.281846 0.356049 0.432505 0.282261 0.352412 0.414143 0.328591 0.58102 0.319684 0.307597 0.297099 0.254116 0.511181 0.274076 0.416372 0.591825 0.277716 0.498992 0.434601 0.313022 0.51189 0.439613
threshold=1.0000000180025095e-35 306.12500000000006 23.131214141845707 0.25166666666666676 70.303794860839858 0.045000000000000005 -0.11166666666666665 0.64833333333333343 22.125000000000004 173.37500000000003 0.28261047495565123 0.60355339059327384 0.87500000000000011 0.45833333333333343 3.5000000000000004 -0.4416666666666666 -0.71166666666666656 14.219045639038088 -0.031666666666666655 -1.0483333333333331 0.047951388888888911 -0.94833333333333314 0.14692708333333337 68.607692718505874 -0.92499999999999993 -1.0683333333333331 -0.56166666666666665 -0.78583333333333327 1011.8343200683595 -0.021666666666666664
decision_type=2 2 2 2 2 2 2 2 2 2 2 2 2 2 2 2 2 2 2 2 2 2 2 2 2 2 2 2 2 2
left_child=-1 8 3 4 7 -6 -5 -3 9 11 -11 14 -13 -14 17 16 -16 -2 -19 20 -10 22 23 -21 25 -23 -27 28 -26 -29
right_child=1 2 -4 6 5 -7 -8 -9 19 10 -12 12 13 -15 15 -17 -18 18 -20 21 -22 24 -24 -25 27 26 -28 29 -30 -31
leaf_value=0.0012236534133453064 0.00032568462773400689 -0.0025336598305819701 0.006121297900587225 -0.012116878142114729 -0.011039328823486965 -0.0015572374104522169 -0.0023760969261638824 0.0046447746638810577 -0.00048793983449669262 -0.0011263577640585772 -0.0095871816146308967 0.00063201052137087628 -0.0011353858999864528 -0.004626758282010434 0.0029794857877752058 -4.0709922679871817e-05 0.011512116050081594 -0.0017715934417939989 -0.00012817952516131767 0.00076059055697572022 0.0086105401842639998 0.0057590457272123207 -0.0028002155559287145 0.0076311878726119178 0.0017809609700569062 -0.0014939001141338732 -0.0089793945086144283 -0.0026819581440098487 -0.00010474648067637289 2.0089097262876054e-05
leaf_weight=481 1293 39 34 26 24 35 20 41 38 44 23 237 683 97 23 84 21 466 671 84 26 22 35 50 666 253 21 152 783 15570
leaf_count=481 1293 39 34 26 24 35 20 41 38 44 23 237 683 97 23 84 21 466 671 84 26 22 35 50 666 253 21 152 783 15570
internal_value=-9.05734e-06 -3.65576e-05 -0.00174548 -0.00319127 -0.00163902 -0.00541436 -0.00788176 0.00114529 -1.90216e-05 -0.000419588 -0.00403082 -0.000351909 -0.00105652 -0.00156957 -7.1774e-05 0.00239737 0.00705188 -0.000201836 -0.000801734 6.34001e-05 0.00320832 5.19874e-05 0.00205587 0.00332425 3.25991e-05 -0.0014859 -0.00206761 5.87754e-05 0.000761976 -6.03424e-06
internal_weight=22042 21561 219 185 139 59 46 80 21342 3642 67 3575 1017 780 2558 128 44 2430 1137 17700 64 17636 169 134 17467 296 274 17171 1449 15722
internal_count=22042 21561 219 185 139 59 46 80 21342 3642 67 3575 1017 780 2558 128 44 2430 1137 17700 64 17636 169 134 17467 296 274 17171 1449 15722
is_linear=0
shrinkage=0.05


Tree=112
num_leaves=31
num_cat=0
split_feature=25 8 4 21 19 10 26 5 3 26 8 24 24 13 5 17 5 13 30 5 15 20 24 35 22 13 8 10 22 27
split_gain=0.283232 0.231531 0.899192 0.486248 0.534532 0.521013 0.406574 0.263683 0.236903 0.723498 0.593602 0.666586 0.515356 0.693525 0.529124 0.541041 0.514333 0.455329 0.573611 0.48692 0.403078 0.371346 0.687497 0.76908 0.477983 0.454297 0.384642 0.38741 0.65598 0.470728
threshold=1.5016666666666669 306.12500000000006 23.131214141845707 0.25166666666666676 0.16924826984045091 -0.41166666666666657 -0.020000000000000028 275.00447082519537 89.875000000000014 -0.39166666666666655 201.12500000000003 -0.97499999999999998 -0.96499999999999997 -0.34166666666666662 259.50752258300787 0.22833333333333336 192.90642547607425 0.14166666666666669 1.0000000180025095e-35 240.41962432861331 0.21676386024405983 -0.85833333333333328 -0.91166666666666651 0.6078576107927941 0.21748263888888894 0.038333333333333337 298.25000000000006 -0.43166666666666659 0.41592013888888896 -0.24833333333333335
decision_type=2 2 2 2 2 2 2 2 2 2 2 2 2 2 2 2 2 2 2 2 2 2 2 2 2 2 2 2 2 2
left_child=1 8 3 4 -3 -6 -5 -7 10 -10 -1 20 -13 14 15 -14 -15 18 19 -18 -12 22 23 24 -11 -25 27 28 -23 -29
right_child=-2 2 -4 6 5 7 -8 -9 9 21 11 12 13 16 -16 -17 17 -19 -20 -21 -22 26 -24 25 -26 -27 -28 29 -30 -31
leaf_value=-0.00010417872033540888 0.00098843117441183622 -0.0068017261752781159 0.0058152329916244042 -0.003364898338734817 0.0035981290850163948 -0.00026230730668262199 -0.012847268707118928 -0.0077326490322039247 0.0060174521282673459 -2.6505265322200667e-05 -0.0031373316869139668 0.005392712164029945 0.00016542657103855163 -0.0054910291032865648 -0.0081729409608827987 -0.0069379929771744902 0.0069374881167378697 -0.0011269620016709054 0.0095794147183187323 -0.0013119398483365143 -0.0091417525021824982 -0.00091766158757309322 0.005180496235915758 0.0062523639843433719 -0.006716933811147666 -0.00052442411162903436 0.0044137064092792571 0.0019939767175608061 -0.0083095403374446666 9.2160952188021961e-06
leaf_weight=9322 690 36 34 26 55 27 20 21 52 336 125 32 91 30 46 38 27 89 30 53 36 256 97 79 29 36 50 308 34 9937
leaf_count=9322 690 36 34 26 55 27 20 21 52 336 125 32 91 30 46 38 27 89 30 53 36 256 97 79 29 36 50 308 34 9937
internal_value=-8.60448e-06 -4.08242e-05 -0.00165821 -0.00303171 -0.00155707 0.000276011 -0.00748767 -0.00353058 -2.40633e-05 0.000133382 -0.000202064 -0.00173051 -0.000715246 -0.00119904 -0.00356883 -0.00192705 0.000611927 0.00153197 0.00368329 0.00147224 -0.00447994 0.00010597 0.00134119 0.000565335 -0.000558074 0.00413093 3.86363e-05 1.78718e-05 -0.0017843 6.88848e-05
internal_weight=22042 21352 219 185 139 103 46 48 21133 11214 9919 597 436 404 175 129 229 199 110 80 161 11162 577 480 365 115 10585 10535 290 10245
internal_count=22042 21352 219 185 139 103 46 48 21133 11214 9919 597 436 404 175 129 229 199 110 80 161 11162 577 480 365 115 10585 10535 290 10245
is_linear=0
shrinkage=0.05


Tree=113
num_leaves=31
num_cat=0
split_feature=8 23 34 28 8 29 28 28 7 20 0 3 17 0 22 22 17 19 22 12 26 8 17 29 24 5 13 1 1 0
split_gain=0.276575 0.668456 0.492128 0.524373 1.0413 0.466868 0.722455 0.463341 0.450841 0.429575 0.649271 0.594638 0.583812 0.396039 0.391059 0.384341 0.383219 0.382761 0.389188 0.461215 0.369621 0.484856 0.367577 0.353573 0.349123 0.346823 0.343784 0.425767 0.520176 0.38803
threshold=106.12500000000001 0.6026617937701243 0.37940952255126048 12.500000000000002 3.6250000000000004 5.5000000000000009 5.5000000000000009 16.500000000000004 0.37500000000000006 0.69833333333333336 6.4175002574920663 4.1250000000000009 0.89833333333333343 13.511250019073488 0.40833333333333338 0.20408854166666671 0.61833333333333351 0.066546941038786833 0.14692708333333337 0.53166666666666684 -0.13333333333333319 217.12500000000003 0.65166666666666673 4.5000000000000009 1.0000000180025095e-35 225.40385437011722 0.2116666666666667 77.097404479980483 75.087837219238295 16.898751258850101
decision_type=2 2 2 2 2 2 2 2 2 2 2 2 2 2 2 2 2 2 2 2 2 2 2 2 2 2 2 2 2 2
left_child=2 8 3 4 23 6 -6 -5 15 10 -8 -11 13 16 -15 -2 -12 18 -7 -20 21 -10 25 -1 -13 -18 27 28 -23 -29
right_child=1 -3 -4 7 5 17 9 -9 20 11 12 24 -14 14 -16 -17 22 -19 19 -21 -22 26 -24 -25 -26 -27 -28 29 -30 -31
leaf_value=0.0022366720987946368 -0.010490725510753692 0.0051986091459085317 -0.00016214860135732817 0.0015860267629402597 0.0010440923417348511 -0.0044260011266291548 -0.0033930450740667808 0.0004159928194919808 0.001295457230568826 -0.0068552848194604332 0.0012252040059919779 0.0048539766141523916 -0.0069788409313425812 -0.0013905441882906707 -0.008314661434408099 -0.0011914368896977978 -0.0094427617732435465 0.0023043690556035653 0.0032811257063544222 -0.0035610246447552196 -0.00047935973085912718 -0.00050672806375142603 -0.00046081893575656164 -9.9251329450944311e-05 0.00041077389644106875 -0.00085058806099645463 -0.0049931923646236893 0.0077052769217906261 -0.0079764407491893508 -0.00024312920115121149
leaf_weight=572 20 55 8286 1278 471 51 333 2504 714 23 355 60 39 704 21 25 24 253 70 38 5089 225 281 226 168 23 46 28 26 34
leaf_count=572 20 55 8286 1278 471 51 333 2504 714 23 355 60 39 704 21 25 24 253 70 38 5089 225 281 226 168 23 46 28 26 34
internal_value=-8.17425e-06 -0.000289331 0.000103397 0.000397008 -2.51651e-05 -0.000463404 -0.000720223 0.000811367 -0.000337959 -0.00112938 -0.00140244 0.00080708 -0.000944339 -0.00077719 -0.0015911 -0.00532445 8.67752e-05 0.00109621 -0.000826202 0.000873702 -0.000301544 0.000541798 -0.00114537 0.00157512 0.00158004 -0.00523808 -0.000957122 -0.000363961 -0.00128048 0.00334647
internal_weight=22042 6262 15780 7494 3712 2914 2502 3782 6207 2031 1780 251 1447 1408 725 45 683 412 159 108 6162 1073 328 798 228 47 359 313 251 62
internal_count=22042 6262 15780 7494 3712 2914 2502 3782 6207 2031 1780 251 1447 1408 725 45 683 412 159 108 6162 1073 328 798 228 47 359 313 251 62
is_linear=0
shrinkage=0.05


Tree=114
num_leaves=31
num_cat=0
split_feature=10 8 23 34 28 8 28 29 28 20 0 17 25 0 25 4 10 0 0 4 23 10 9 2 23 25 10 16 14 4
split_gain=0.253771 0.235664 0.603281 0.409493 0.429019 0.939773 0.462674 0.421349 0.652015 0.387692 0.585967 0.526891 0.501087 0.378754 0.460886 0.377067 0.376013 0.460054 0.373538 0.453724 0.410121 0.360046 0.598824 0.521621 0.669115 0.944698 0.987906 0.898303 0.921804 0.55224
threshold=1.4683333333333335 106.12500000000001 0.6026617937701243 0.37940952255126048 12.500000000000002 3.6250000000000004 16.500000000000004 5.5000000000000009 5.5000000000000009 0.69833333333333336 6.4175002574920663 0.89833333333333343 1.5166666666666668 9.0987496376037615 0.9816666666666668 25.937077522277836 0.64166666666666672 13.323750019073488 18.167500495910648 23.740084648132328 0.49020939499259564 0.2116666666666667 1.0000000180025095e-35 1001.7395935058595 0.42256295699774349 1.2283333333333335 0.49833333333333335 0.35833333333333339 0.55041666666666689 8.0755910873413104
decision_type=2 2 2 2 2 2 2 2 2 2 2 2 2 2 2 2 2 2 2 2 2 2 2 2 2 2 2 2 2 2
left_child=1 3 21 4 5 -1 -6 8 -7 10 -10 13 -11 14 -12 -15 17 -17 19 -9 -20 -3 -23 24 25 27 -27 -24 -29 -25
right_child=-2 2 -4 -5 6 7 -8 18 9 12 11 -13 -14 15 -16 16 -18 -19 20 -21 -22 22 23 29 -26 26 -28 28 -30 -31
leaf_value=0.0014963638632394022 0.0037431830250554618 -8.2441756418370939e-05 0.0049386786661026159 -0.00015404117336045175 0.0015067254176975441 0.00099188773364038509 0.00033392455499650604 -0.00093030274107838316 -0.0032233927947741391 0.0016206959499440639 0.0055452721685552127 -0.0066298988916409706 -0.0050776314368704339 -0.00077198622226890847 2.093149326499674e-05 0.00069155841051334781 -0.0081137891308489165 -0.0050206739178360249 0.00020650345322792418 0.0027206055101619249 0.0091137423188359084 -0.0083173756539407697 0.00072653232702113533 0.0024688378102740551 0.0057110400149049086 0.012806949451370873 0.0010152275351664195 -0.01445292833633721 -0.0024297997524792502 -0.0014992838262467946
leaf_weight=798 45 4457 55 8286 1278 471 2459 222 333 219 44 39 32 924 266 70 33 71 24 138 28 27 94 94 61 23 78 25 44 1304
leaf_count=798 45 4457 55 8286 1278 471 2459 222 333 219 44 39 32 924 266 70 33 71 24 138 28 27 94 94 61 23 78 25 44 1304
internal_value=-7.76554e-06 -1.5439e-05 -0.000274864 8.78035e-05 0.000356823 -2.39069e-05 0.000735006 -0.000440234 -0.000684212 -0.00107291 -0.00133232 -0.000897122 0.000766726 -0.00073833 0.000805031 -0.00117407 -0.00330927 -0.00218481 0.0010414 0.000469212 0.00500271 -0.000321061 -0.000928791 -0.000813009 0.000991325 -9.92151e-05 0.00370047 -0.00245362 -0.00678601 -0.00123247
internal_weight=22042 21997 6262 15735 7449 3712 3737 2914 2502 2031 1780 1447 251 1408 310 1098 174 141 412 360 52 6207 1750 1723 325 264 101 163 69 1398
internal_count=22042 21997 6262 15735 7449 3712 3737 2914 2502 2031 1780 1447 251 1408 310 1098 174 141 412 360 52 6207 1750 1723 325 264 101 163 69 1398
is_linear=0
shrinkage=0.05


Tree=115
num_leaves=31
num_cat=0
split_feature=25 8 15 21 14 2 9 19 33 35 4 8 5 27 25 0 25 7 21 18 9 3 10 5 27 10 2 2 8 15
split_gain=0.30099 0.2681 0.53486 0.449096 0.398614 0.322118 0.320981 0.266692 0.339153 0.482686 0.60224 0.58071 0.536502 0.440715 0.50636 0.359119 0.34088 1.10685 0.542237 0.637023 0.439721 0.678181 0.321272 0.294443 0.276027 0.270037 0.26667 0.375124 0.265746 0.259406
threshold=0.62833333333333352 242.12500000000003 0.24642442957582725 0.26500000000000007 -0.43374999999999991 1013.1168823242189 421.69023132324224 0.054127335905001996 -0.60355339059327362 -0.8783796973249266 31.724196434021 11.125000000000002 351.73825073242193 0.026666666666666634 0.96166666666666678 7.4112501144409189 0.63833333333333353 543.75000000000011 0.26500000000000007 -0.49499999999999994 176.48368835449222 98.875000000000014 0.82166666666666677 14.325294494628908 -0.33499999999999991 1.4683333333333335 1007.7436828613282 1007.4965820312501 242.12500000000003 0.31024182356418534
decision_type=2 2 2 2 2 2 2 2 2 2 2 2 2 2 2 2 2 2 2 2 2 2 2 2 2 2 2 2 2 2
left_child=1 29 3 4 5 -3 -7 22 9 10 -9 25 13 14 24 -15 17 18 19 -10 26 -22 -2 -18 -13 -11 27 -20 -28 -1
right_child=7 2 -4 -5 -6 6 -8 8 16 11 -12 12 -14 15 -16 -17 23 -19 20 -21 21 -23 -24 -25 -26 -27 28 -29 -30 -31
leaf_value=-0.00026707365157143672 0.00032672507825911266 0.0004359957690439842 0.0043499625496694755 -0.0082514613097759357 0.00092535249344576651 -0.0086667519039474433 -0.0023325133862090296 -0.00057996024975913777 0.0015820586596857066 -0.00018034936601609472 -0.0072197090187627409 -0.0031769745597808527 -0.0058510160572560772 0.0029729402896852102 0.0051654231433208376 0.00051216935713441453 0.0022098449628923417 0.0098345177453559116 0.0015213143266555563 -0.0089230055349969108 0.0019502249854093799 0.01201170397689566 0.0022102892116635312 -0.00029331500257465928 0.0018783002354736283 0.0037767660009690607 -0.00010740483065280293 -0.0076657957583665852 0.0052951773223294703 -0.0044247755835960176
leaf_weight=2944 3509 32 29 33 74 40 40 665 27 2138 36 29 28 163 124 1640 119 34 20 31 103 20 242 9198 392 44 145 25 27 38
leaf_count=2944 3509 32 29 33 74 40 40 665 27 2138 36 29 28 163 124 1640 119 34 20 31 103 20 242 9198 392 44 145 25 27 38
internal_value=-5.61685e-06 -0.000451424 -0.00203102 -0.00287599 -0.00192227 -0.00380374 -0.00549963 7.11439e-05 -2.31063e-05 0.000300513 -0.000920946 0.000488368 0.00102921 0.00111125 0.0023572 0.000734635 -0.00019768 0.00117537 0.000435646 -0.00403272 0.0011979 0.00358624 0.000448245 -0.000261344 0.00153007 -0.000100554 -0.000155864 -0.00358264 0.000740675 -0.000320056
internal_weight=21989 3230 248 219 186 112 80 18759 15008 5259 701 4558 2376 2348 545 1803 9749 432 398 58 340 123 3751 9317 421 2182 217 45 172 2982
internal_count=21989 3230 248 219 186 112 80 18759 15008 5259 701 4558 2376 2348 545 1803 9749 432 398 58 340 123 3751 9317 421 2182 217 45 172 2982
is_linear=0
shrinkage=0.05


Tree=116
num_leaves=31
num_cat=0
split_feature=25 27 13 8 15 24 0 13 9 14 25 15 19 4 18 5 8 19 28 8 36 8 3 5 7 17 5 24 0 4
split_gain=0.271643 0.243914 0.580759 0.24196 0.482711 0.354081 0.889328 0.365132 0.328674 0.375145 0.240663 0.248893 0.246609 0.422406 0.491911 0.240396 0.229001 0.227344 0.314522 0.369301 0.587756 0.488151 0.51481 0.563999 0.52359 0.620782 0.483859 0.372372 0.441225 0.387297
threshold=0.62833333333333352 0.78833333333333344 0.23166666666666672 242.12500000000003 0.24642442957582725 -0.80166666666666664 17.667500495910648 -0.38833333333333325 249.21356201171878 -0.80541666666666656 0.54666666666666675 0.31024182356418534 0.3154329026022884 23.349072456359867 -0.17447916666666655 131.70607757568362 112.12500000000001 0.054127335905001996 11.500000000000002 6.8750000000000009 1.0000000180025095e-35 248.12500000000003 99.875000000000014 261.98667907714849 278.62500000000006 -0.19833333333333328 235.52608489990237 -0.78833333333333322 21.223750114440922 32.242292404174812
decision_type=2 2 2 2 2 2 2 2 2 2 2 2 2 2 2 2 2 2 2 2 2 2 2 2 2 2 2 2 2 2
left_child=3 17 -3 10 5 7 -7 8 -5 -10 16 12 -12 -14 -15 -11 -1 -2 -19 -20 21 27 23 -23 25 -24 -27 29 -29 -21
right_child=1 2 -4 4 -6 6 -8 -9 9 15 11 -13 13 14 -16 -17 -18 18 19 20 -22 22 24 -25 -26 26 -28 28 -30 -31
leaf_value=-0.0011677302098380298 0.00042583307824225813 -0.0078731142692812419 0.0019707056509073954 -2.6659417769634255e-05 0.0041324642278125576 0.0011731251375749709 -0.012972506277263166 0.0020011852805813155 -0.00077560058812980125 -0.011497705654862028 -0.00036814040302254078 -0.0043167694547289123 0.00042651077883609979 0.011407509646087419 0.00031797755509614949 -0.0042617544838735328 -0.0078406556971458482 -0.00028226988176184391 -0.00020153916943677357 -0.00021237772023632428 0.0011215540263321464 -0.0013540399911375169 0.0075566053678846438 -0.010529969752215866 -0.0059332700389613576 -0.0052616818848764532 0.001769813735939799 0.00062504829235534708 0.0073222144246101383 -0.0041136360516397128
leaf_weight=36 3751 31 29 51 29 20 25 48 29 24 2514 37 335 20 20 22 20 6192 3641 1260 2017 34 27 33 37 40 63 1512 25 67
leaf_count=36 3751 31 29 51 29 20 25 48 29 24 2514 37 335 20 20 22 20 6192 3641 1260 2017 34 27 33 37 40 63 1512 25 67
internal_value=-5.33601e-06 6.75868e-05 -0.00311527 -0.000428852 -0.00192947 -0.00273219 -0.00668556 -0.00170976 -0.00312346 -0.00522928 -0.000304053 -0.000241912 -0.000189725 0.00100638 0.00586274 -0.00803703 -0.00355092 7.77997e-05 -9.53465e-06 0.000183336 0.000457301 2.48292e-05 -0.00217093 -0.00587353 -0.000685459 0.000808149 -0.000960864 0.000204231 0.000733981 -0.000409352
internal_weight=21989 18759 60 3230 248 219 45 174 126 75 2982 2926 2889 375 40 46 56 18699 14948 8756 5115 3098 234 67 167 130 103 2864 1537 1327
internal_count=21989 18759 60 3230 248 219 45 174 126 75 2982 2926 2889 375 40 46 56 18699 14948 8756 5115 3098 234 67 167 130 103 2864 1537 1327
is_linear=0
shrinkage=0.05


Tree=117
num_leaves=31
num_cat=0
split_feature=25 23 20 16 2 4 13 29 27 2 0 8 0 5 5 26 29 28 18 23 26 2 29 23 1 10 18 3 27 8
split_gain=0.245158 0.246661 1.08446 0.75096 0.898484 0.85035 0.816851 0.766604 0.70094 0.638006 0.694878 0.61772 0.527452 0.490598 0.46603 0.564652 0.552121 0.4654 0.857557 0.660645 0.414784 0.409224 0.397575 0.368554 0.362839 0.644557 0.429366 0.350563 0.348942 0.365068
threshold=0.62833333333333352 0.42038856265435648 -0.91833333333333322 -0.58499999999999985 1008.1315002441407 13.907838821411135 -0.12499999999999999 4.5000000000000009 -0.076666666666666605 1004.4494934082032 12.461249828338625 312.75000000000006 15.223749637603762 354.91667175292974 255.12194824218753 -0.23166666666666663 2.5000000000000004 10.500000000000002 0.33718750000000003 0.30061464523038667 -0.10333333333333328 1003.5015563964845 1.5000000000000002 0.2872945834821472 76.050609588623061 -0.071666666666666656 0.035624999999999997 99.125000000000014 0.78833333333333344 180.12500000000003
decision_type=2 2 2 2 2 2 2 2 2 2 2 2 2 2 2 2 2 2 2 2 2 2 2 2 2 2 2 2 2 2
left_child=-1 2 -2 4 7 8 9 21 -6 17 -11 28 -7 -8 15 -12 20 -5 -19 -20 -16 -4 -14 -17 25 -25 -26 -18 29 -3
right_child=1 11 3 6 5 12 13 -9 -10 10 14 -13 22 -15 16 23 27 18 19 -21 -22 -23 -24 24 26 -27 -28 -29 -30 -31
leaf_value=-0.00040740981201440826 -0.0091382391002932297 0.00020076113646835537 0.016003147829324008 -0.00059504454229893382 0.0010361276054754853 -0.0057568859916342346 -1.9540289337921055e-06 9.4266815318001648e-06 0.011146541678657135 0.0025619262002615772 -0.0081182664078052937 -0.0048602487920012712 0.0052123740209605203 -0.0078408174542710183 -0.00078526992371983143 0.0064097411154458925 -0.0059009747952222828 -0.012916970330600939 0.0039853260364560855 -0.0072323863673955206 -0.0087128176792193156 0.0069896620789008657 -0.0012868925913452831 -0.0023392413598517185 0.0022562006225295291 0.0043517624034585664 -0.0058047368199968677 0.0012398204486056455 -0.0055783134344965226 0.0012035731087803557
leaf_weight=3230 33 6610 20 43 40 46 9974 27 30 107 23 58 33 20 22 21 25 36 21 35 66 34 82 73 24 71 53 55 25 1052
leaf_count=3230 33 6610 20 43 40 46 9974 27 30 107 23 58 33 20 22 21 25 36 21 35 66 34 82 73 24 71 53 55 25 1052
internal_value=-5.06921e-06 6.42074e-05 -8.7831e-05 -6.06328e-05 0.00235729 0.000768432 -0.000131342 0.00688847 0.00536916 -0.00181478 -0.00104618 0.000280418 -0.00123189 -1.76412e-05 -0.00193779 -0.000631726 -0.00399795 -0.00488918 -0.00689622 -0.00302574 -0.00673093 0.010328 0.000578114 7.98051e-05 -0.000521682 0.000959795 -0.00329224 -0.000991678 0.000319205 0.000338448
internal_weight=21989 18759 11014 10981 312 231 10669 81 70 675 540 7745 161 9994 433 265 168 135 92 56 88 54 115 242 221 144 77 80 7687 7662
internal_count=21989 18759 11014 10981 312 231 10669 81 70 675 540 7745 161 9994 433 265 168 135 92 56 88 54 115 242 221 144 77 80 7687 7662
is_linear=0
shrinkage=0.05


Tree=118
num_leaves=31
num_cat=0
split_feature=0 15 9 28 4 17 34 2 27 15 29 15 20 7 0 8 10 1 17 28 14 13 21 17 23 22 34 19 9 11
split_gain=0.221994 0.330098 0.234498 0.254951 0.34767 0.31816 0.248116 0.232941 0.282895 0.314142 0.260266 0.364254 0.33472 0.866236 0.819214 0.712469 0.929979 0.482521 0.71016 0.476211 0.415265 0.408639 0.404312 0.394667 0.373974 0.489418 0.407096 0.354435 0.345817 0.341878
threshold=3.123749971389771 0.15161323838346707 165.83868408203128 13.500000000000002 11.203529357910158 0.60166666666666679 0.37940952255126048 1013.2425537109376 0.74166666666666681 0.38145614092465735 2.5000000000000004 0.4270910930160039 -0.72499999999999998 478.62500000000006 17.917500495910648 298.25000000000006 -0.77833333333333321 62.23808670043946 0.115 12.500000000000002 -0.45124999999999993 -0.17833333333333332 0.22500000000000001 -0.024999999999999998 0.21395095007892959 0.45449652777777788 -0.9159756150367534 0.2877488435470496 10.206316947937013 0.48166666666666674
decision_type=2 2 2 2 2 2 2 2 2 2 2 2 2 2 2 2 2 2 2 2 2 2 2 2 2 2 2 2 2 2
left_child=1 2 6 4 -4 -6 -1 10 9 -9 12 -12 13 14 19 16 -16 -18 21 -2 22 27 -14 -21 25 29 28 -19 -27 -22
right_child=7 -3 3 -5 5 -7 -8 8 -10 -11 11 -13 20 -15 15 -17 17 18 -20 23 24 -23 -24 -25 -26 26 -28 -29 -30 -31
leaf_value=0.001465523250132 -0.0076314866496250038 0.0049400024186429942 0.0032239938189741225 0.0029600022705271842 0.00029430104822730991 -0.0063531686543245565 -2.6236357797142047e-05 -0.00023188721990337704 -0.0055423750095069417 0.0052718598932887505 -6.961770098693234e-05 -0.0066648913015212342 -0.0084481383234055515 -0.0012759464094415308 0.014070344997386342 -0.0035794735116024428 -0.0010539073150874557 0.0071772897802293307 0.0029000362749211491 0.0058700665099812414 0.011703792996704579 0.0037472653636624192 0.00047106452596684298 -0.0010618841313747931 0.00014830810290960059 0.0017136933803114864 0.0020618071028179513 0.016189768250721197 -0.006913030483365919 0.0026713783465145916
leaf_weight=554 20 43 20 25 27 54 561 9212 25 26 6795 21 27 191 26 26 38 20 125 28 20 22 24 77 3666 21 223 24 26 22
leaf_count=554 20 43 20 25 27 54 561 9212 25 26 6795 21 27 191 26 26 38 20 125 28 20 22 24 77 3666 21 223 24 26 22
internal_value=-4.81574e-06 0.000633144 0.000483913 -0.00156067 -0.00267965 -0.00413735 0.000714961 -4.43782e-05 -0.000230771 -0.000216397 0.000106519 -8.99376e-05 0.00039598 0.00150087 0.00280721 0.00430519 0.00510912 0.00409169 0.00511542 -0.000560264 0.000232261 0.00931121 -0.00425087 0.000786636 0.000289737 0.00195153 0.00117049 0.0120932 -0.00305854 0.00697253
internal_weight=21989 1284 1241 126 101 81 1115 20705 9263 9238 11442 6816 4626 597 406 281 255 229 191 125 4029 66 51 105 3978 312 270 44 47 42
internal_count=21989 1284 1241 126 101 81 1115 20705 9263 9238 11442 6816 4626 597 406 281 255 229 191 125 4029 66 51 105 3978 312 270 44 47 42
is_linear=0
shrinkage=0.05


Tree=119
num_leaves=31
num_cat=0
split_feature=25 8 5 15 3 29 4 15 33 9 17 2 3 26 5 25 3 3 8 20 5 5 28 24 27 25 8 0 17 2
split_gain=0.214266 0.223481 0.473821 1.1083 0.390442 0.280743 0.245143 0.285109 0.22297 0.470808 0.679936 0.707579 0.533689 0.598556 0.418508 0.401572 0.378024 0.347818 0.434759 0.337401 0.30411 0.294456 0.291388 0.298995 0.653976 0.56296 0.358602 1.00236 0.583999 0.576717
threshold=0.62833333333333352 242.12500000000003 43.116937637329109 0.24642442957582725 96.875000000000014 1.5000000000000002 13.819257259368898 0.10885557629211715 0.91597561503675362 1.7863818407058718 0.56833333333333347 1020.8865051269532 22.125000000000004 -0.096666666666666623 212.11222839355472 0.64166666666666672 52.875000000000007 98.375000000000014 93.125000000000014 0.41833333333333339 326.32484436035162 279.73411560058599 11.500000000000002 -0.66499999999999992 0.23833333333333337 1.0083333333333335 240.62500000000003 18.811250686645511 0.3116666666666667 1016.0298767089845
decision_type=2 2 2 2 2 2 2 2 2 2 2 2 2 2 2 2 2 2 2 2 2 2 2 2 2 2 2 2 2 2
left_child=1 -1 -3 4 -4 -6 -7 -8 22 -10 11 12 -11 14 -14 16 -15 18 -12 -17 -13 -19 23 26 -25 -26 -2 28 29 -28
right_child=8 2 3 -5 5 6 7 -9 9 10 17 20 13 15 -16 19 -18 21 -20 -21 -22 -23 -24 24 25 -27 27 -29 -30 -31
leaf_value=-0.00026077433196894443 -7.5661155192909921e-05 -0.0074013319360374504 -0.0066925960139518504 0.0099445028285983783 0.001536423098647021 -0.0076908548414212421 0.0019974194177793283 -0.0042809900618158278 0.0013860654176267632 -0.0011448818313937433 -0.0024714070342680707 -0.0040993304652730796 0.0018502737342801301 -0.0019376661903648216 0.0087184818590337297 0.00021940515450796197 0.0054159493859419058 -0.0013744184766076378 -0.0094006599285281628 0.0052291597679464362 0.0021336896180097638 0.004822129951431775 0.00017625556285399816 -0.00049607741206620585 -0.012164919636085292 -0.0019578595991645541 0.0080293543857534403 -0.0037281778138195582 -0.0013886142682167702 0.0020720385513160119
leaf_weight=2982 3322 33 38 21 63 20 33 40 935 226 175 106 42 22 47 506 85 73 26 36 24 26 9450 3327 22 35 77 63 48 86
leaf_count=2982 3322 33 38 21 63 20 33 40 935 226 175 106 42 22 47 506 85 73 26 36 24 26 9450 3327 22 35 77 63 48 86
internal_value=-4.57496e-06 -0.000380713 -0.00182288 -0.000966657 -0.00214776 -0.00104069 -0.00278647 -0.0014428 6.01901e-05 0.000518039 -6.41739e-05 0.000514088 0.00098105 0.00163208 0.0054773 0.00110477 0.00390399 -0.0021729 -0.00336773 0.000552156 -0.00294862 0.000252958 -4.71134e-06 -0.000249717 -0.000587058 -0.00589743 6.77365e-05 0.0018063 0.00345878 0.00488623
internal_weight=21989 3230 248 215 194 156 93 73 18759 2329 1394 1094 964 738 89 649 107 300 201 542 130 99 16430 6980 3384 57 3596 274 211 163
internal_count=21989 3230 248 215 194 156 93 73 18759 2329 1394 1094 964 738 89 649 107 300 201 542 130 99 16430 6980 3384 57 3596 274 211 163
is_linear=0
shrinkage=0.05


Tree=120
num_leaves=31
num_cat=0
split_feature=27 26 7 27 9 13 3 9 8 23 4 1 0 1 32 22 25 24 5 18 8 18 24 4 20 5 19 8 5 2
split_gain=0.231149 0.377321 0.644124 0.30655 0.425461 0.344702 0.303282 0.294025 0.235203 0.454591 0.382285 0.605968 0.380485 0.523533 0.829639 0.793886 0.514995 0.46094 0.361967 0.464402 0.347363 0.343628 0.323597 0.754016 0.395079 0.638121 0.417012 0.428292 0.310557 0.674935
threshold=-0.78833333333333322 -0.39166666666666655 435.25000000000006 -0.22833333333333325 438.15585327148443 0.18166666666666667 78.125000000000014 368.17216491699224 114.12500000000001 0.6026617937701243 37.809156417846687 65.571605682373061 21.786250114440922 68.780181884765639 3.5000000000000004 0.1530729166666667 0.64500000000000002 -1.1099999999999997 14.325294494628908 -0.32760416666666653 190.62500000000003 0.035624999999999997 -0.96499999999999997 17.3764762878418 -0.97833333333333317 206.22296142578128 0.28261047495565123 163.12500000000003 147.08274841308597 997.49838256835949
decision_type=2 2 2 2 2 2 2 2 2 2 2 2 2 2 2 2 2 2 2 2 2 2 2 2 2 2 2 2 2 2
left_child=6 2 3 5 -5 7 -1 -2 -3 10 12 -12 17 15 16 22 -15 -10 19 -19 -17 -11 24 -24 25 26 27 -14 29 -20
right_child=1 8 -4 4 -6 -7 -8 -9 9 21 11 -13 13 14 -16 20 -18 18 28 -21 -22 -23 23 -25 -26 -27 -28 -29 -30 -31
leaf_value=-0.0071689626287060014 -0.0038512796172182322 7.386573268757413e-05 -0.0047780649857595567 0.012521843204186076 0.0024570390072074675 0.0065396102113199645 0.0003304018339674388 0.0038418197761411256 0.003913022735842357 0.0095996840577572597 0.0091634791917525795 0.00062926922400947667 -0.00042653723129270862 0.001774616497145458 -0.0040386988397906809 -0.0022375396158895457 0.0076569934353756253 -0.0014162576883047057 0.0035580063381442624 0.0055037541905659498 -0.011556381286354736 0.00072566773548411831 -0.0017099497581107752 0.0083879952637576759 -0.0031514351237607353 -0.0029972448174408837 0.0088016665574590057 0.0058595592482015499 -0.00046707925743451079 -0.0018394517008249005
leaf_weight=26 27 16280 25 21 21 29 28 23 57 20 26 104 84 77 34 20 72 44 62 54 20 24 36 38 83 71 24 40 3691 880
leaf_count=26 27 16280 25 21 21 29 28 23 57 20 26 104 84 77 34 20 72 44 62 54 20 24 36 38 83 71 24 40 3691 880
internal_value=-1.31207e-05 -5.09626e-06 0.00252829 0.00403787 0.00748944 0.00220286 -0.0032804 -0.000312454 -2.20312e-05 -0.000302772 -0.000343144 0.00233611 -0.0004078 0.000780234 0.00300892 -0.000200176 0.00461711 -0.000556429 -0.000610278 0.00239681 -0.00689696 0.00475931 0.000512248 0.00347548 -0.000213842 0.000899493 0.00276887 0.00160124 -0.000673885 -0.0014842
internal_weight=22041 21987 146 121 42 79 54 50 21841 5561 5517 130 5387 599 183 416 149 4788 4731 98 40 44 376 74 302 219 148 124 4633 942
internal_count=22041 21987 146 121 42 79 54 50 21841 5561 5517 130 5387 599 183 416 149 4788 4731 98 40 44 376 74 302 219 148 124 4633 942
is_linear=0
shrinkage=0.05


Tree=121
num_leaves=31
num_cat=0
split_feature=9 27 26 7 35 27 9 13 9 8 23 31 20 5 26 14 11 7 6 5 3 15 18 24 10 19 24 21 24 24
split_gain=0.2158 0.209576 0.338505 0.581322 0.312899 0.276661 0.383979 0.311094 0.265358 0.216134 0.409466 0.365552 0.680239 0.579698 0.65039 0.523059 0.384307 0.632405 0.398026 0.390715 0.37232 0.335111 0.325728 0.403323 0.323472 0.407703 0.330768 0.403358 0.759185 0.972158
threshold=856.31491088867199 -0.78833333333333322 -0.39166666666666655 435.25000000000006 1.0000000180025095e-35 -0.22833333333333325 438.15585327148443 0.18166666666666667 368.17216491699224 114.12500000000001 0.6026617937701243 1.0000000180025095e-35 0.095000000000000029 284.31153869628912 0.25166666666666676 0.45041666666666663 -0.41166666666666657 388.37500000000006 415.25000000000006 205.70072937011722 18.625000000000004 0.087918309731262426 0.17177083333333337 -0.97166666666666657 0.75833333333333341 0.20723029106690269 0.50833333333333341 0.64166666666666672 -0.91833333333333322 -0.8849999999999999
decision_type=2 2 2 2 2 2 2 2 2 2 2 2 2 2 2 2 2 2 2 2 2 2 2 2 2 2 2 2 2 2
left_child=1 4 3 5 -1 7 -7 8 -3 22 11 20 13 14 16 -14 17 -13 19 -18 21 -11 23 -4 26 -26 27 -22 -29 -30
right_child=-2 2 9 -5 -6 6 -8 -9 -10 10 -12 12 15 -15 -16 -17 18 -19 -20 -21 24 -23 -24 -25 25 -27 -28 28 29 -31
leaf_value=-0.0061525675665700073 -0.0034335449889666687 -0.003658715749366416 -0.00010277662865273952 -0.0045391617457498801 0.0016547639588160173 0.011895751181457725 0.0023341871886735873 0.0062126298467146948 0.0036497287826774564 -0.00035119543953043917 0.004521345913367854 0.0093598593740413585 -0.013879330244380981 -0.0090299261489417398 -0.0082495895436122315 -0.002707004878902808 0.0058214086047694864 -0.0012941833185113165 -0.0048418599155706336 -0.0028030749109651271 -0.000220164493348038 -0.0037364261687928648 -1.5553929983214602e-06 0.0013853666162860624 -0.00078245994111854746 -0.0074794025573117484 -0.004722161135195118 0.0066253910206764801 -0.0080353528141014052 0.0010557827546124356
leaf_weight=33 46 27 838 25 21 21 21 29 23 153 44 30 20 20 21 22 29 26 37 24 4186 140 14404 997 73 33 38 57 31 572
leaf_count=33 46 27 838 25 21 21 21 29 23 153 44 30 20 20 21 22 29 26 37 24 4186 140 14404 997 73 33 38 57 31 572
internal_value=-1.24647e-05 -5.30987e-06 2.34693e-06 0.00240188 -0.00311638 0.00383598 0.00711497 0.00209272 -0.000296831 -1.3727e-05 -0.000282912 -0.000321263 -0.00227701 -0.000985533 -2.21325e-05 -0.00802716 0.00116127 0.00441334 -0.000862242 0.00191598 -0.000236488 -0.00196871 7.83718e-05 0.000705768 -0.000134776 -0.00286736 -7.54692e-05 -3.90321e-05 0.00110979 0.000588411
internal_weight=22041 21995 21941 146 54 121 42 79 50 21795 5556 5512 229 187 167 42 146 56 90 53 5283 293 16239 1835 4990 106 4884 4846 660 603
internal_count=22041 21995 21941 146 54 121 42 79 50 21795 5556 5512 229 187 167 42 146 56 90 53 5283 293 16239 1835 4990 106 4884 4846 660 603
is_linear=0
shrinkage=0.05


Tree=122
num_leaves=31
num_cat=0
split_feature=0 3 13 19 5 23 2 26 8 5 5 8 2 28 36 6 21 24 33 6 10 4 24 20 13 19 8 3 4 24
split_gain=0.210941 0.228355 0.314515 0.478703 0.379382 0.32458 0.360131 0.282765 0.507949 0.53705 0.36112 0.356784 0.372631 0.336112 0.266705 0.455236 0.342847 0.257702 0.239262 0.506908 0.876294 0.855222 0.447132 0.447517 0.385163 0.365232 0.323584 0.644255 0.740934 0.480084
threshold=0.77375003695487987 99.125000000000014 -0.7749999999999998 0.20510222152466143 127.54174423217775 0.4187224780014821 1012.4205627441407 0.33166666666666678 156.62500000000003 193.67327880859378 224.10957336425784 185.62500000000003 1008.5364074707032 14.500000000000002 -0.22252093395631442 515.12500000000011 0.26500000000000007 -1.1099999999999997 0.25881904510252091 0.62500000000000011 0.59166666666666679 32.242292404174812 0.50333333333333352 0.65833333333333344 0.97833333333333339 0.11199121039574207 242.12500000000003 84.125000000000014 19.9812126159668 -0.82833333333333325
decision_type=2 2 2 2 2 2 2 2 2 2 2 2 2 2 2 2 2 2 2 2 2 2 2 2 2 2 2 2 2 2
left_child=-1 7 3 14 -5 -6 -7 18 10 -10 -9 -11 -13 -12 16 -16 -3 -4 26 -20 -21 22 25 -24 -25 -22 -2 -28 29 -29
right_child=1 2 17 4 5 6 -8 8 9 11 13 12 -14 -15 15 -17 -18 -19 19 20 21 -23 23 24 -26 -27 27 28 -30 -31
leaf_value=0.0008644541109534403 0.00010311093056576117 -0.0073732024990022186 0.0029850240280872888 -0.0014242998064132519 0.00061059379717335108 0.012395370149841677 0.0045781936633455403 0.0045603191002439236 -0.0097930409883459427 -0.0065298559242915931 -0.0051668135973159226 -0.0047937718020485982 0.0025528155769118008 0.0020800866555873653 -0.00065779541724954142 0.0082898566377393543 0.00030096322203293269 7.95889998641325e-05 0.00040480879436169441 -0.00045955069512514405 -0.0023132145986003 -0.010373781424843603 0.0048854638581887185 -0.0066880423282273116 0.002179731649812311 -0.007035567391365064 -0.0053769040674569064 0.00039140470512211319 0.0057460647874644829 -0.0078824327430791329
leaf_weight=666 6840 22 77 21 20 26 34 39 30 33 32 28 45 32 44 21 43 8634 1410 3388 180 36 38 25 24 53 81 50 42 27
leaf_count=666 6840 22 77 21 20 26 34 39 30 33 32 28 45 32 44 21 43 8634 1410 3388 180 36 38 25 24 53 81 50 42 27
internal_value=-1.18414e-05 -3.9145e-05 0.00015356 0.00197452 0.00455683 0.00612688 0.00796564 -0.000177741 -0.00188095 -0.00388695 0.00076774 -0.00221542 -0.000265054 -0.00154336 -3.17311e-05 0.00223298 -0.00229645 0.000105271 -0.000144359 -0.000403209 -0.00070751 -0.0030673 -0.00224532 0.000813335 -0.00234464 -0.0033874 4.51461e-05 -0.00193725 0.000404027 -0.00250981
internal_weight=22041 21375 8942 231 101 80 60 12433 239 136 103 106 73 64 130 65 65 8711 12194 5154 3744 356 320 87 49 233 7040 200 119 77
internal_count=22041 21375 8942 231 101 80 60 12433 239 136 103 106 73 64 130 65 65 8711 12194 5154 3744 356 320 87 49 233 7040 200 119 77
is_linear=0
shrinkage=0.05


Tree=123
num_leaves=31
num_cat=0
split_feature=4 24 8 2 23 22 4 18 6 23 4 24 0 2 29 23 1 19 23 15 23 10 2 10 16 6 0 3 8 21
split_gain=0.20642 0.397645 0.260794 1.4102 1.03576 0.697852 0.746637 0.625161 0.718445 0.612003 0.424956 0.418342 0.680267 0.601611 0.419348 0.566914 0.439021 0.414736 0.414484 0.377358 0.310789 0.40775 0.579409 0.295684 0.277146 0.260587 0.254707 0.331761 0.577368 0.311291
threshold=18.948444366455082 -1.1033333333333333 226.12500000000003 1000.7339172363282 0.2872945834821472 0.27269097222222233 9.2996311187744158 0.20291666666666675 377.12500000000006 0.42038856265435648 5.4006497859954843 -1.0116666666666665 14.923749446868898 1012.3382568359376 1.0000000180025095e-35 0.47425235031100194 65.571605682373061 0.29052116320551141 0.48581673547633814 0.06318696536949929 0.4914517635173456 -0.58166666666666655 1010.9732055664064 -0.084999999999999978 -0.92499999999999993 481.87500000000006 5.9175002574920663 27.625000000000004 185.62500000000003 -0.25499999999999995
decision_type=2 2 2 2 2 2 2 2 2 2 2 2 2 2 2 2 2 2 2 2 2 2 2 2 2 2 2 2 2 2
left_child=2 -2 -1 -4 -5 6 10 9 -9 -7 -6 18 25 20 16 19 -15 -12 -8 -16 21 -14 23 -23 -20 -13 -3 28 -28 -29
right_child=1 26 3 4 5 7 11 8 -10 -11 17 12 13 14 15 -17 -18 -19 24 -21 -22 22 -24 -25 -26 -27 27 29 -30 -31
leaf_value=-8.0814213682766593e-05 0.0029187026581852342 0.00076749787649370022 -0.014121042001061141 0.0078596579554655096 -0.0024954365696369983 -0.010685706869116985 0.0011202711794201447 -0.006795245294924826 0.0059189279340207575 -0.0018404266050889751 0.0026259413415440514 0.0093386296113576028 0.0079324358608573679 -0.0039104135210315388 -0.00024691105936653913 0.00081371338310418659 0.0046435458119958644 0.010032129096119509 -0.0025054122776845874 -0.0078635572214964134 -0.0019407681154757087 0.0073544976583906213 -0.005607294686099825 -0.00066663960227742792 -0.0095318457533721812 0.0013639390910975635 -0.00066935907524857366 0.0021762282972458162 -0.0085293235916954774 8.4799786141954037e-05
leaf_weight=12269 130 1342 20 34 30 48 23 20 25 33 89 21 27 30 20 36 30 24 23 87 57 27 24 20 36 20 882 183 24 6407
leaf_count=12269 130 1342 20 34 30 48 23 20 25 33 89 21 27 30 20 36 30 24 23 87 57 27 24 20 36 20 882 183 24 6407
internal_value=-1.12494e-05 0.000173494 -0.000137982 -0.00101037 -0.00067591 -0.00106286 -0.000377504 -0.00445698 0.000268184 -0.00708207 0.00279452 -0.00132054 -0.000652066 -0.00135074 -0.00314177 -0.0046138 0.000366566 0.00419894 -0.00457323 -0.00643989 0.000994939 0.00270244 0.000713571 0.00394125 -0.00679273 0.00544854 0.000133114 1.95416e-05 -0.00087757 0.000142877
internal_weight=22041 8968 13073 804 784 750 624 126 45 81 143 481 399 358 203 143 60 113 82 107 155 98 71 47 59 41 8838 7496 906 6590
internal_count=22041 8968 13073 804 784 750 624 126 45 81 143 481 399 358 203 143 60 113 82 107 155 98 71 47 59 41 8838 7496 906 6590
is_linear=0
shrinkage=0.05


Tree=124
num_leaves=31
num_cat=0
split_feature=1 19 9 0 3 13 5 23 27 0 1 2 26 34 18 19 33 23 11 23 20 9 25 1 27 25 25 0 28 5
split_gain=0.210217 0.198114 0.233734 0.195203 0.202511 0.346397 0.395357 0.48017 0.319636 0.263728 0.256395 0.244192 0.338367 0.305217 0.22922 0.230179 0.345751 0.526448 0.48357 0.455122 0.369721 0.364499 0.705802 0.831782 0.635573 0.653789 0.743216 0.648261 0.536427 0.601082
threshold=53.608547210693366 0.29614056816164641 628.32302856445324 1.0000000180025095e-35 99.125000000000014 -0.7749999999999998 269.00869750976568 0.43802846033134957 -0.78833333333333322 13.886250019073488 74.028404235839858 1012.2464599609376 -0.049999999999999975 -0.9159756150367534 -0.7683333333333332 0.094371581223121184 -0.60355339059327362 0.5289044717548288 0.23166666666666672 0.17073438194587451 0.34833333333333338 165.83868408203128 1.2883333333333333 85.407398223876967 0.38333333333333353 0.86833333333333351 0.9750000000000002 17.423750877380375 12.500000000000002 269.00869750976568
decision_type=2 2 2 2 2 2 2 2 2 2 2 2 2 2 2 2 2 2 2 2 2 2 2 2 2 2 2 2 2 2
left_child=1 -1 -3 -2 8 6 9 -8 10 -6 -5 12 -11 -13 -7 -16 -17 19 -19 -18 -20 -21 23 24 25 27 -27 -23 29 -29
right_child=3 2 -4 4 5 14 7 -9 -10 11 -12 13 -14 -15 15 16 17 18 20 21 -22 22 -24 -25 -26 26 -28 28 -30 -31
leaf_value=-0.00082705602054633726 0.0010086367851457141 -0.0082996747589537088 -0.00074705223931232473 -0.00073365445714443931 -0.0025957932514996318 0.0052122595725284729 0.0012635700207846684 0.012088740058243275 -0.00013193041763964505 0.009256988954122948 -0.0082065078662708398 0.0021323268832444836 0.0016460162249859423 -0.0047525177921422506 0.00037332715487233535 0.00031008908441376357 -0.0067987656664896621 -0.0056654677541065285 0.0048053510390066861 -0.00067513430961571607 -0.0025035916041776692 0.0046557262906605492 0.0066480879201256532 -0.007558313402842032 -0.0051701896494099255 -0.0054140894947164332 0.0012973475745159456 0.00039845422211596193 0.0065588878674639603 -0.0087140209380198608
leaf_weight=218 475 21 20 24 38 22 21 20 12303 23 22 60 40 22 4122 2204 27 93 24 1559 62 173 47 32 42 66 110 102 27 22
leaf_count=218 475 21 20 24 38 22 21 20 12303 23 22 60 40 22 4122 2204 27 93 24 1559 62 173 47 32 42 66 110 102 27 22
internal_value=-1.06869e-05 -0.00142677 -0.00461547 6.15107e-06 -1.61975e-05 0.000164788 0.00210627 0.00654414 -0.000147485 0.001112 -0.00430763 0.00208369 0.00442463 0.000285173 0.000114995 0.000102123 -0.000141429 -0.000558506 -0.00316638 -0.000346992 -0.000463887 -0.000267085 0.000757309 0.000274963 0.000737444 0.00123369 -0.00121944 0.00256625 0.000172343 -0.00121828
internal_weight=22041 259 41 21782 21307 8958 224 41 12349 183 46 145 63 82 8734 8712 4590 2386 179 2207 86 2180 621 574 542 500 176 324 151 124
internal_count=22041 259 41 21782 21307 8958 224 41 12349 183 46 145 63 82 8734 8712 4590 2386 179 2207 86 2180 621 574 542 500 176 324 151 124
is_linear=0
shrinkage=0.05


Tree=125
num_leaves=31
num_cat=0
split_feature=4 24 16 7 8 13 4 13 20 20 7 15 10 2 3 8 0 0 24 6 0 9 8 23 10 15 13 36 24 8
split_gain=0.253067 0.430583 0.316941 0.310212 0.261105 0.568049 0.483213 0.716121 0.386845 0.588996 0.481347 0.369507 0.307194 0.256868 0.238725 0.28754 0.25251 0.378319 0.291826 0.23681 0.257547 0.404298 0.330514 0.800552 0.507629 0.426224 0.492871 0.441184 0.324873 0.367755
threshold=18.948444366455082 -1.1033333333333333 -0.92499999999999993 142.12500000000003 257.62500000000006 0.41166666666666668 11.203529357910158 0.071666666666666684 -0.7749999999999998 -0.66166666666666651 111.12500000000001 0.14470915914614182 -0.82833333333333325 1007.9312744140626 95.125000000000014 269.87500000000006 17.586251258850101 21.573750495910648 -0.81499999999999984 782.25000000000011 21.573750495910648 829.71063232421886 163.12500000000003 0.47106104501488716 0.038333333333333337 0.049962949235413424 -0.6449999999999998 1.0000000180025095e-35 -1.0316666666666665 98.125000000000014
decision_type=2 2 2 2 2 2 2 2 2 2 2 2 2 2 2 2 2 2 2 2 2 2 2 2 2 2 2 2 2 2
left_child=4 3 13 -2 19 6 7 8 -6 -10 -11 -12 -8 -3 15 -14 -16 18 -18 20 21 -1 28 24 -24 -25 27 -27 29 -22
right_child=1 2 -4 -5 5 -7 12 -9 9 10 11 -13 14 -15 16 -17 17 -19 -20 -21 22 -23 23 25 -26 26 -28 -29 -30 -31
leaf_value=-0.00014695178411143484 0.0012230947793308057 -0.0058538230805425034 0.00021725739747184504 0.006318024536991056 -0.0043748896654793304 -0.0093231380473644959 0.0020793766324483866 0.0098418285227602435 0.007740849811982896 0.0045504314307091313 0.00012679269627457665 -0.0082375761774449562 -0.00092802409082651152 -0.0010021188486565706 4.0856915861801359e-05 -0.0084434153232723474 -0.0033518736635139868 0.00032796194539584509 -0.010145198345184327 -0.0025903947275823006 0.00087485867881936579 0.0058684471711915528 -0.0054700934263001684 -0.00057177933836903636 0.0042082132841460415 0.01276881957737108 0.0010481429921990065 0.0051809408508662908 0.0010606833241124582 -0.0031214150292928227
leaf_weight=11623 82 32 8595 47 38 21 37 21 28 29 31 23 20 185 86 35 43 39 25 94 106 28 42 34 20 30 38 53 396 126
leaf_count=11623 82 32 8595 47 38 21 37 21 28 29 31 23 20 185 86 35 43 39 25 94 106 28 42 34 20 30 38 53 396 126
internal_value=6.62533e-06 0.000211593 0.000169611 0.00307939 -0.000133633 -0.00128315 -0.000912075 0.00119768 -2.06254e-05 0.00147002 -0.000645436 -0.00343581 -0.00217052 -0.00171758 -0.00280458 -0.00571055 -0.00197646 -0.00359785 -0.00584942 -9.01724e-05 -7.13647e-05 -0.000132495 0.000771516 0.00245375 -0.00234806 0.00437447 0.00576433 0.00792355 0.000190235 -0.00129553
internal_weight=22007 8941 8812 129 13066 476 455 170 149 111 83 54 285 217 248 55 193 107 68 12590 12496 11651 845 217 62 155 121 83 628 232
internal_count=22007 8941 8812 129 13066 476 455 170 149 111 83 54 285 217 248 55 193 107 68 12590 12496 11651 845 217 62 155 121 83 628 232
is_linear=0
shrinkage=0.05


Tree=126
num_leaves=31
num_cat=0
split_feature=1 19 9 4 24 20 8 7 0 11 8 0 4 3 27 10 17 22 33 5 4 2 24 29 14 7 19 5 2 2
split_gain=0.246533 0.23782 0.257636 0.230551 0.382552 0.282967 0.326161 0.279966 0.242191 0.309903 0.489263 0.484723 0.553642 0.453156 0.487485 0.442221 0.388854 0.358153 0.450868 0.363308 0.614412 0.483678 0.871212 0.877365 0.730718 0.673666 0.625918 0.632337 0.546758 0.641527
threshold=53.608547210693366 0.29614056816164641 628.32302856445324 18.948444366455082 -1.1033333333333333 -1.0016666666666665 120.12500000000001 142.12500000000003 5.1987500190734872 0.50166666666666682 164.62500000000003 12.673749446868898 28.212112426757816 43.125000000000007 0.040000000000000153 0.56166666666666687 0.68166666666666675 0.35546875000000006 -0.60355339059327362 233.80800628662112 33.782026290893562 1005.2876892089845 -0.88166666666666649 4.5000000000000009 0.067916666666666667 18.875000000000004 0.37754540293379674 194.57073211669925 1007.4965820312501 1008.5364074707032
decision_type=2 2 2 2 2 2 2 2 2 2 2 2 2 2 2 2 2 2 2 2 2 2 2 2 2 2 2 2 2 2
left_child=1 -1 -3 -2 7 6 -6 -5 -7 11 -11 12 -10 14 -14 -12 -17 19 -19 20 21 22 23 -13 -24 -26 28 -28 -23 -30
right_child=3 2 -4 4 5 8 -8 -9 9 10 15 17 13 -15 -16 16 -18 18 -20 -21 -22 26 24 -25 25 -27 27 -29 29 -31
leaf_value=-0.00084107766590743995 -0.00010918077880762117 -0.0086908528094433932 -0.0010388254243563016 0.0011619400554592153 0.0018791789988895427 0.00092872460662041982 -0.0040285861003940228 0.0060021234049580678 0.00050777213143540941 -0.00012642024861378283 -0.00075262415403914117 -0.0024788117333729236 0.0027540765200237917 0.0035592424944433272 -0.0048492008643979964 -0.0027823390040014472 -0.012404415596808707 0.0029454717286862431 -0.0021793122399481561 -0.00048337489806177892 0.0052199098533271138 0.0038057794954627754 0.0069709029514342553 -0.014324457570910455 0.0012528807634700333 -0.0063894557434001145 0.0015217444269607465 0.012541134100731301 -0.0042176178422890457 0.00068927797781488903
leaf_weight=222 12963 22 22 82 33 1044 80 47 902 3434 54 54 49 329 37 21 21 50 303 961 74 125 35 22 92 42 30 23 73 761
leaf_count=222 12963 22 22 82 33 1044 80 47 902 3434 54 54 49 329 37 21 21 50 303 961 74 125 35 22 92 42 30 23 73 761
internal_value=6.29407e-06 -0.00150666 -0.00486484 2.4805e-05 0.00022267 0.000182358 -0.00230331 0.00292542 0.000215264 0.000115844 -0.000224842 0.000419383 0.00120314 0.00271451 -0.000517101 -0.00374545 -0.00759338 2.91353e-05 -0.00145342 0.00025747 0.00079237 0.000531719 -0.00146165 -0.00590781 0.000537808 -0.00114248 0.0010143 0.00630374 0.000721978 0.000259778
internal_weight=22007 266 44 21741 8778 8649 113 129 8536 7492 3530 3962 1317 415 86 96 42 2645 353 2292 1331 1257 245 76 169 134 1012 53 959 834
internal_count=22007 266 44 21741 8778 8649 113 129 8536 7492 3530 3962 1317 415 86 96 42 2645 353 2292 1331 1257 245 76 169 134 1012 53 959 834
is_linear=0
shrinkage=0.05


Tree=127
num_leaves=31
num_cat=0
split_feature=1 19 9 4 24 20 8 7 0 8 4 25 18 8 3 23 17 7 24 24 4 28 10 23 2 5 0 1 26 4
split_gain=0.222496 0.214633 0.232516 0.208072 0.345253 0.255378 0.294694 0.25267 0.219866 0.618594 0.533051 0.434101 0.378164 0.365103 0.528559 0.843571 1.01125 0.670804 0.517256 0.970518 0.667559 0.664362 0.662908 0.640616 0.613517 0.594144 0.520494 0.833643 0.498416 0.460591
threshold=53.608547210693366 0.29614056816164641 628.32302856445324 18.948444366455082 -1.1033333333333333 -1.0016666666666665 121.12500000000001 142.12500000000003 22.586250305175785 163.12500000000003 14.479177474975588 0.67500000000000016 -0.54885416666666653 158.12500000000003 98.875000000000014 0.25269400321152519 0.46833333333333338 140.12500000000003 -0.46833333333333327 -0.7649999999999999 14.400688171386721 10.500000000000002 -0.69166666666666654 0.35797420377970296 1012.1928710937501 69.11478424072267 15.692499637603762 66.760818481445327 0.21666666666666656 10.992170333862306
decision_type=2 2 2 2 2 2 2 2 2 2 2 2 2 2 2 2 2 2 2 2 2 2 2 2 2 2 2 2 2 2
left_child=1 -1 -3 8 7 6 -6 -5 13 11 -11 -10 -12 -2 15 -15 18 -18 19 20 -17 23 25 -21 -23 -22 27 -24 -28 -16
right_child=3 2 -4 4 5 -7 -8 -9 9 10 12 -13 -14 14 29 16 17 -19 -20 21 22 24 26 -25 -26 -27 28 -29 -30 -31
leaf_value=-0.00079902377107934734 -3.9402888929551889e-05 -0.0082563102848573836 -0.00098688413643024183 0.0011038430436889118 0.0017040148748064358 0.00020450055283585171 -0.0038632504530383654 0.005702017181295347 -0.0015657067500179376 0.0067267302340789613 0.0037256993832701923 0.0018043505327727345 -0.0050845187645228137 0.0083449319656938321 0.0014778679651752816 -0.0042061596348773973 -0.01620195500086993 -0.0036814098155287947 -0.0080341771654396637 0.012039909576664546 0.0089830531953619085 -0.0055891977002223339 -0.0034024300776293566 0.0012457408341880957 0.0035698523052127627 0.00036897747456256691 -0.0027194132112772279 0.0098667468194616956 -0.010875843871723523 -0.00088414930926257462
leaf_weight=222 10798 22 22 82 34 8536 79 47 215 73 29 172 21 20 330 242 20 23 30 28 26 33 29 27 41 87 126 20 22 551
leaf_count=222 10798 22 22 82 34 8536 79 47 215 73 29 172 21 20 330 242 20 23 30 28 26 33 29 27 41 87 126 20 22 551
internal_value=5.97937e-06 -0.00143133 -0.0046216 2.35648e-05 0.000211536 0.00017324 -0.00218814 0.00277915 -0.000103722 0.00091381 0.00400262 -6.79035e-05 2.54078e-05 -0.000145394 -0.000836928 -0.00179024 -0.00205908 -0.00950492 -0.00160877 -0.00132571 -0.00223819 0.00257886 -0.000701902 0.00674095 -0.000514589 0.00235098 -0.00245305 0.00201356 -0.00393186 6.0177e-07
internal_weight=22007 266 44 21741 8778 8649 113 129 12963 510 123 387 50 12453 1655 774 754 43 711 681 552 129 310 55 74 113 197 49 148 881
internal_count=22007 266 44 21741 8778 8649 113 129 12963 510 123 387 50 12453 1655 774 754 43 711 681 552 129 310 55 74 113 197 49 148 881
is_linear=0
shrinkage=0.05


Tree=128
num_leaves=31
num_cat=0
split_feature=2 15 22 20 13 24 14 11 2 9 4 0 27 6 22 19 8 36 22 34 25 7 14 0 21 21 13 27 15 3
split_gain=0.203382 0.286758 0.410757 0.881737 0.682513 0.636329 0.836772 0.496488 0.476216 0.741256 0.703902 0.639442 0.74771 0.719612 0.565362 0.590607 0.533628 0.507398 0.593586 0.517403 0.581645 0.503253 0.688177 0.616757 0.648105 0.482564 0.450265 0.441109 0.425077 0.421191
threshold=1013.2425537109376 0.1121795836450353 0.1848958333333334 -0.91833333333333322 -0.71166666666666656 -0.92166666666666652 -0.5512499999999998 -0.58166666666666655 1002.7432861328126 240.71600341796878 37.809156417846687 8.1862497329711932 -0.59166666666666645 424.12500000000006 0.26580729166666678 0.34163956441090243 108.12500000000001 -0.22252093395631442 0.49331597222222229 -0.98296291314453399 1.0583333333333336 97.125000000000014 0.21916666666666665 14.411249637603762 0.71833333333333338 0.63500000000000012 -0.66833333333333322 0.25166666666666665 0.1742483827673755 66.625000000000014
decision_type=2 2 2 2 2 2 2 2 2 2 2 2 2 2 2 2 2 2 2 2 2 2 2 2 2 2 2 2 2 2
left_child=1 -1 5 7 -5 -3 -7 -4 17 21 11 13 -13 16 15 -14 -11 19 27 -6 -21 23 -23 24 28 -22 -8 -19 -10 -28
right_child=-2 2 3 4 8 6 26 -9 9 10 -12 12 14 -15 -16 -17 -18 18 -20 20 25 22 -24 -25 -26 -27 29 -29 -30 -31
leaf_value=2.2439652208038549e-05 -0.00015910210975947792 0.00076710235934457187 0.00034249621066486557 -0.0041560036189949674 0.0071028347299606706 0.012056784192100168 -0.0026166329611442053 -0.0092371362285982635 -0.0028941912372829393 0.0048692625407370385 0.0082536687288666151 0.0066884832277365434 -0.00028211922488278812 0.01148249001801014 -0.0020321236175769972 0.0063042742821077516 -0.0029485077690333131 0.01193610266527685 0.0019363572117355135 -0.0030478561396520693 0.0071865331893219047 -0.0018426172188757098 -0.010471412645918984 0.0025127597598839204 4.0160618680581621e-05 0.00027796136758600674 0.0090923504903912544 0.0038139441712493347 -0.011501276520833088 0.0024295815806818603
leaf_weight=9491 10117 609 21 78 27 28 32 38 32 58 32 37 117 25 290 48 35 32 135 103 33 68 35 96 89 108 31 35 26 101
leaf_count=9491 10117 609 21 78 27 28 32 38 32 58 32 37 117 25 290 48 35 32 135 103 33 68 35 96 89 108 31 35 26 101
internal_value=5.6804e-06 0.000145891 0.000634293 0.000171086 0.000401049 0.00155839 0.00406827 -0.00582744 0.000644342 1.97458e-05 0.00102516 0.000645962 -0.000146839 0.00395154 -0.000702678 0.00163392 0.00192709 0.00194899 0.0038458 0.000535139 -0.000191614 -0.0018458 -0.00477473 -0.000604313 -0.00263995 0.00189486 0.00270438 0.00769318 -0.00675254 0.00399432
internal_weight=22007 11890 2399 1598 1539 801 192 59 1461 988 642 610 492 118 455 165 93 473 202 271 244 346 103 243 147 141 164 67 58 132
internal_count=22007 11890 2399 1598 1539 801 192 59 1461 988 642 610 492 118 455 165 93 473 202 271 244 346 103 243 147 141 164 67 58 132
is_linear=0
shrinkage=0.05


Tree=129
num_leaves=31
num_cat=0
split_feature=1 26 10 2 26 26 26 2 17 0 8 4 7 22 29 10 12 8 4 6 12 22 6 17 8 23 26 10 27 8
split_gain=0.202335 0.209758 0.195011 0.19446 0.363967 0.31781 0.46183 0.418267 0.466706 0.604376 0.462141 0.389616 0.38823 0.352397 0.295232 0.471272 0.304442 0.303478 0.400436 0.320999 0.295698 0.278877 0.321782 0.278674 0.276877 0.30688 0.381365 0.334682 0.276394 0.273924
threshold=53.608547210693366 0.16000000000000011 1.4683333333333335 1013.2425537109376 0.30166666666666681 -0.13833333333333334 -0.12166666666666669 1010.1580505371095 0.4316666666666667 14.048749446868898 257.62500000000006 14.00253200531006 297.62500000000006 0.28748263888888897 5.5000000000000009 0.038333333333333337 -0.12499999999999999 116.12500000000001 32.242292404174812 187.12500000000003 0.41833333333333339 0.086493055555555573 498.37500000000006 0.26833333333333337 140.12500000000003 0.45048622578189762 -0.20499999999999999 -0.58166666666666655 -0.68166666666666642 182.62500000000003
decision_type=2 2 2 2 2 2 2 2 2 2 2 2 2 2 2 2 2 2 2 2 2 2 2 2 2 2 2 2 2 2
left_child=1 -1 3 5 28 7 13 10 9 -9 14 -11 -13 -7 17 16 -16 18 19 -2 24 -6 -23 -12 -19 27 -27 -26 -5 -15
right_child=2 -3 -4 4 21 6 -8 8 -10 11 23 12 -14 29 15 -17 -18 20 -20 -21 -22 22 -24 -25 25 26 -28 -29 -30 -31
leaf_value=-0.00091302390975362714 0.003799990875510654 -0.0057246463792398582 0.0032393853908325452 -0.0046130758671685777 0.0011154647902859485 -0.00055718280297393607 0.000116760552002765 0.0083490921091288334 -0.0064833234120610988 -0.0047655667995827071 0.0004548292863985588 0.0048674449426864552 -0.0017812645670750903 -0.0031285391905559942 0.0059848971154895575 0.0093461688439775686 -0.0023418431453730748 0.0074968574459061913 -0.0068428891501389451 -0.0020780981117342083 -0.00094465570125196663 -0.0018616809849074838 -0.007809521850022311 -0.0071081792226149925 0.0081782879129085433 -0.0026340558183716336 0.0056094862974714488 0.0026108278412227837 -9.7128373762333186e-05 -0.010911812831764109
leaf_weight=241 48 25 47 34 34 54 10923 20 31 45 29 37 54 26 21 36 23 34 20 45 49 59 37 21 35 47 20 118 9774 20
leaf_count=241 48 25 47 34 34 54 10923 20 31 45 29 37 54 26 21 36 23 34 20 45 49 59 37 21 35 47 20 118 9774 20
internal_value=5.39638e-06 -0.00136524 2.21661e-05 1.5196e-05 -0.00014762 0.000152833 8.57942e-05 0.00116098 -0.000879917 0.00023358 0.00185996 -0.000959877 0.000922057 -0.00329666 0.00232182 0.00510353 0.00163228 0.00178687 -0.000424537 0.000955754 0.00261159 -0.00277589 -0.00415408 -0.00272163 0.00329764 0.00264867 -0.000173297 0.00388443 -0.000112783 -0.00651257
internal_weight=22007 266 21741 21694 9938 11756 11023 733 187 156 546 136 91 100 496 80 44 416 113 93 303 130 96 50 254 220 67 153 9808 46
internal_count=22007 266 21741 21694 9938 11756 11023 733 187 156 546 136 91 100 496 80 44 416 113 93 303 130 96 50 254 220 67 153 9808 46
is_linear=0
shrinkage=0.05


Tree=130
num_leaves=31
num_cat=0
split_feature=9 31 13 10 24 22 8 10 28 34 2 26 20 19 18 17 23 28 27 8 29 13 27 33 6 24 23 20 23 2
split_gain=0.198346 0.191978 0.459809 0.825792 0.927995 0.643075 0.63253 0.337645 0.466202 0.301469 0.20304 1.03129 0.479177 0.443471 0.425722 2.3588 0.870992 0.69385 0.410872 0.416376 0.402145 0.362942 0.470553 0.34522 0.26481 0.241459 0.225949 0.856281 0.429435 0.299246
threshold=844.37426757812511 1.0000000180025095e-35 0.10500000000000002 0.3116666666666667 -0.94833333333333314 0.022760416666666668 229.62500000000003 -0.30166666666666664 12.500000000000002 -0.60355339059327384 1003.5015563964845 -0.17999999999999994 -0.57499999999999984 0.2675855693851113 0.073333333333333348 0.3083333333333334 0.41720178490287962 13.500000000000002 -0.090000000000000024 154.12500000000003 4.5000000000000009 0.12833333333333338 -0.12999999999999989 0.98296291314453421 166.12500000000003 -0.33833333333333332 0.42442500568652725 -0.91833333333333322 0.39767211105001554 1033.9712524414065
decision_type=2 2 2 2 2 2 2 2 2 2 2 2 2 2 2 2 2 2 2 2 2 2 2 2 2 2 2 2 2 2
left_child=1 10 3 4 5 -3 9 8 -6 -4 11 12 -1 24 16 21 17 20 -18 -20 -13 22 -16 -17 -14 -25 27 28 -12 -28
right_child=-2 2 6 -5 7 -7 -8 -9 -10 -11 26 14 13 -15 15 23 18 -19 19 -21 -22 -23 -24 25 -26 -27 29 -29 -30 -31
leaf_value=0.010227206144331685 -0.0023325870865095488 -0.0007329213237556231 0.0045131589306402027 -0.011183087008360487 0.0025644591680484947 0.0089115671822801237 -0.0085081228853336396 -0.0094867445730293792 -0.0066525691681924987 -2.4065209094327726e-05 -0.01021066852263175 0.015855788588523864 0.0097588879591785378 -0.0035473107267171146 -0.0065063695242214533 0.0001785529424919684 -0.005951183661818505 0.0021898304135538637 0.0029429977760886644 -0.0037199404655080858 0.0060595401837913836 -0.0040048918485726141 -0.015788027398626916 0.00022746751370329049 0.0030238324777369769 0.0042825207098697625 0.00011560221699911157 -0.00018389803209614784 -0.00087102058809250592 0.0047480156419000457
leaf_weight=31 92 56 40 26 23 25 21 30 34 432 32 20 20 20 36 2662 26 55 81 33 22 44 22 62 54 90 8847 9044 20 35
leaf_count=31 92 56 40 26 23 25 21 30 34 432 32 20 20 20 36 2662 26 55 81 33 22 44 22 62 54 90 8847 9044 20 35
internal_value=-1.58386e-05 -6.12521e-06 -0.000828766 -0.00289083 -0.00160751 0.00224377 -1.73233e-05 -0.00519319 -0.00293342 0.000360445 2.04628e-05 0.000382361 0.0048365 0.00305871 0.000205778 4.01429e-05 0.00224371 0.00588522 -0.000279329 0.00101425 0.0107244 -0.00742923 -0.010027 0.000310888 0.00484412 0.00262849 -4.55235e-05 -0.000220683 -0.0066185 0.000133856
internal_weight=22035 21943 687 194 168 81 493 87 57 472 21256 3278 125 94 3153 2916 237 97 140 114 42 102 58 2814 74 152 17978 9096 52 8882
internal_count=22035 21943 687 194 168 81 493 87 57 472 21256 3278 125 94 3153 2916 237 97 140 114 42 102 58 2814 74 152 17978 9096 52 8882
is_linear=0
shrinkage=0.05


Tree=131
num_leaves=31
num_cat=0
split_feature=1 19 21 3 16 21 9 5 5 2 17 15 10 16 16 10 22 6 34 9 16 2 5 25 17 11 18 1 1 1
split_gain=0.201022 0.280183 0.181916 0.17194 0.517184 0.33034 0.387862 0.514578 0.426436 0.315307 0.453181 0.699114 0.530173 0.286391 0.591082 0.464636 0.442037 0.290167 0.282928 0.570902 0.820623 0.662991 0.893159 0.769845 1.22527 0.586273 0.4766 0.423234 0.527045 0.398727
threshold=53.608547210693366 0.34617723438115094 1.5016666666666669 98.125000000000014 -0.7683333333333332 -0.021666666666666664 88.208263397216811 258.56620788574224 276.13940429687506 1006.6433105468751 -0.18166666666666662 0.15161323838346707 -0.58166666666666655 -0.60166666666666657 -0.55166666666666664 -0.66833333333333322 0.23769097222222227 582.87500000000011 -0.5 165.83868408203128 0.17166666666666672 1016.838592529297 258.56620788574224 0.86833333333333351 0.14166666666666669 0.36166666666666675 0.84739583333333346 71.527667999267592 88.050273895263686 82.884208679199233
decision_type=2 2 2 2 2 2 2 2 2 2 2 2 2 2 2 2 2 2 2 2 2 2 2 2 2 2 2 2 2 2
left_child=1 -1 3 -2 9 6 -6 -8 -9 -5 11 -11 -13 15 16 -7 -15 -17 19 20 21 22 23 29 -25 -22 -27 -21 -29 -16
right_child=2 -3 -4 4 5 13 7 8 -10 10 -12 12 -14 14 18 17 -18 -19 -20 27 25 -23 -24 24 -26 26 -28 28 -30 -31
leaf_value=-0.00081117623857772142 -0.00013577527550405702 -0.0060096807874225342 0.0018181111234776425 0.0083881923973205541 -0.0077917626306701175 -0.0024970874601208115 -0.0034838645568683367 0.0086552408151328569 -0.0012303525426735481 0.00041932948048010337 -0.0049982884632689614 0.011660762383572517 0.002413500389159327 -0.001668605147084842 0.00087236308487263162 0.0026279932619489507 -0.0094738418308015059 0.0089401868693530558 -3.5420682355726687e-05 0.00055236105056345199 0.0041061022738245476 0.0012675878220624896 -0.0097286939864889496 -0.015726853421200875 -0.0022143362194202063 -0.00012639263137693976 0.0020906112410526614 0.0038537112192555327 -0.0026428484712128662 -0.0051639170454688028
leaf_weight=244 12011 29 137 21 26 34 79 20 24 112 21 31 31 60 160 67 26 25 6559 303 119 133 42 23 62 954 325 289 35 33
leaf_count=244 12011 29 137 21 26 34 79 20 24 112 21 31 31 60 160 67 26 25 6559 303 119 133 42 23 62 954 325 289 35 33
internal_value=-1.50467e-05 -0.0013634 1.86813e-06 -9.63824e-06 0.000147948 9.2351e-05 -0.00224319 -0.00107032 0.0032631 0.00256692 0.00194002 0.0027774 0.00703713 0.000129976 9.72784e-05 0.00249745 -0.00402833 0.00434326 0.000136539 0.000591699 0.000149996 -0.00169946 -0.00293263 -0.00190589 -0.00587066 0.000749282 0.000436959 0.00189568 0.00315192 -0.000159747
internal_weight=22035 273 21762 21625 9614 9398 149 123 44 216 195 174 62 9249 9123 126 86 92 9037 2478 1851 453 320 278 85 1398 1279 627 324 193
internal_count=22035 273 21762 21625 9614 9398 149 123 44 216 195 174 62 9249 9123 126 86 92 9037 2478 1851 453 320 278 85 1398 1279 627 324 193
is_linear=0
shrinkage=0.05


Tree=132
num_leaves=31
num_cat=0
split_feature=10 27 31 13 10 24 22 8 6 28 34 28 28 20 8 27 23 15 8 3 6 27 20 15 23 2 8 22 0 27
split_gain=0.17797 0.182585 0.175606 0.416745 0.746767 0.849399 0.634355 0.57809 0.30013 0.371915 0.269948 0.18616 0.179117 0.469537 0.365646 0.419797 0.473209 0.516151 0.358496 0.322255 0.503992 0.319627 1.14556 0.488548 0.477706 0.594153 0.309767 0.307043 0.73022 0.60232
threshold=-0.94833333333333314 0.023333333333333327 1.0000000180025095e-35 0.10500000000000002 0.3116666666666667 -0.94833333333333314 0.022760416666666668 229.62500000000003 465.37500000000006 12.500000000000002 -0.60355339059327384 8.5000000000000018 11.500000000000002 -0.88166666666666649 6.8750000000000009 0.038333333333333337 0.29164466375002851 0.12009833919629838 235.12500000000003 80.125000000000014 318.12500000000006 0.23833333333333337 -0.71833333333333316 0.1423073742266048 0.51965670542592812 1009.2394409179689 233.12500000000003 0.35546875000000006 10.173749446868898 -0.47833333333333322
decision_type=2 2 2 2 2 2 2 2 2 2 2 2 2 2 2 2 2 2 2 2 2 2 2 2 2 2 2 2 2 2
left_child=1 -1 12 4 5 6 11 10 -7 -10 -5 -4 13 -2 -14 16 17 -16 27 -20 -21 -15 -23 -24 25 -25 -27 28 -18 -29
right_child=2 -3 3 7 -6 8 -8 -9 9 -11 -12 -13 14 21 15 -17 18 -19 19 20 -22 22 23 24 -26 26 -28 29 -30 -31
leaf_value=-0.0017628714437994018 -0.0030467129998012553 0.0018795305246021598 0.0028283514123441738 0.0042745529834064657 -0.010641212093357284 -0.0088832831701203697 0.0090079979408377153 -0.0081333985707412165 0.0016257740894126565 -0.0065445385376612349 -1.8920783185615588e-05 -0.0031094573311169042 -0.00016846472437703893 -3.9861637936855092e-05 0.0015128938277308322 0.00011645421431735037 0.0090361734029526502 0.0054025982813282799 -0.0053369824741728231 -0.0076020928671244872 0.00036525483936498065 0.0052490894834316057 -0.010508400487985153 -0.00052829408935286995 0.0038006441019799403 -0.010624283493629524 -0.0032490856247022748 -0.0079987634579689864 0.0011073266978988705 0.00019154698719298709
leaf_weight=246 135 40 22 40 26 31 24 21 26 30 432 33 4447 10294 474 3831 30 104 39 22 203 43 24 59 23 35 24 24 906 347
leaf_count=246 135 40 22 40 26 31 24 21 26 30 432 33 4447 10294 474 3831 30 104 39 22 203 43 24 59 23 35 24 24 906 347
internal_value=-1.42943e-05 -0.00125344 2.00052e-06 -0.000785852 -0.00276206 -0.00152798 0.00222536 -1.6213e-05 -0.00493618 -0.00275118 0.000344933 -0.000734334 2.76214e-05 -0.000116735 0.000174886 0.000430217 0.000989558 0.00221277 0.000539515 -0.00114107 -0.000413775 -7.90715e-05 -0.00201958 -0.00391384 -0.00279137 -0.00407625 -0.0076242 0.000878975 0.00136146 -0.000338284
internal_weight=22035 286 21749 685 192 166 79 493 87 56 472 55 21064 10637 10427 5980 2149 578 1571 264 225 10502 208 165 141 118 59 1307 936 371
internal_count=22035 286 21749 685 192 166 79 493 87 56 472 55 21064 10637 10427 5980 2149 578 1571 264 225 10502 208 165 141 118 59 1307 936 371
is_linear=0
shrinkage=0.05


Tree=133
num_leaves=31
num_cat=0
split_feature=1 2 22 18 5 4 27 8 4 21 29 16 4 8 29 15 27 0 3 7 27 4 26 23 21 0 7 5 4 23
split_gain=0.188475 0.362749 0.650092 0.325887 0.490567 0.628379 0.386915 0.38612 0.466739 0.385925 0.310255 0.308645 0.292105 0.430033 0.286187 0.562991 0.418554 0.363298 0.560571 0.337476 0.334795 0.313932 0.356347 0.308938 0.296398 0.273634 0.255088 0.251815 0.23566 0.221492
threshold=62.23808670043946 1002.7432861328126 0.49331597222222229 -0.47510416666666649 250.28643035888675 24.520942687988285 -0.23666666666666658 192.12500000000003 14.219045639038088 -0.18166666666666662 4.5000000000000009 -0.88833333333333331 26.545240402221683 173.37500000000003 4.5000000000000009 0.20526292513757638 0.076666666666666702 16.448750495910648 41.125000000000007 89.125000000000014 0.16666666666666682 11.753876209259035 0.04000000000000007 0.40010202911771703 0.071666666666666684 25.730000495910648 333.37500000000006 279.73411560058599 15.60905981063843 0.52787560527647626
decision_type=2 2 2 2 2 2 2 2 2 2 2 2 2 2 2 2 2 2 2 2 2 2 2 2 2 2 2 2 2 2
left_child=1 2 -1 4 6 7 -2 10 -9 -5 -6 28 29 -14 15 16 25 18 -16 -18 -20 -17 -23 27 -25 -3 -10 -19 -11 -8
right_child=3 14 -4 9 5 -7 12 8 26 11 -12 -13 13 -15 17 21 19 23 20 -21 -22 22 -24 24 -26 -27 -28 -29 -30 -31
leaf_value=0.0073307142458169869 0.0055793289756101948 -0.0020642892573619546 -0.0028163490730717228 -0.0059884367372702672 0.00217898988062743 0.010806759925220502 0.0015335915961177714 0.011544781671836972 -0.0018824083730578423 -0.0078158976661507045 -0.0022314945627402278 6.0944301507151803e-06 -0.00035898780591775328 -0.0087955950577135976 0.01014395561956224 -0.010159005725844987 0.0038615945138831122 -0.0072657829217080555 -0.00057999411647740218 -0.00019044120086016323 0.0066181671693422168 0.00070088013325761444 -0.0060486164196239169 -0.00055701463841825261 0.0034421126906289084 0.0023468000661140604 0.0051262820473041495 7.9990631784312432e-05 -0.0015355183358424565 -0.00064675455885840121
leaf_weight=38 31 470 27 27 123 22 201 20 20 20 59 19501 44 23 21 21 61 28 70 326 21 33 48 294 55 38 37 20 59 277
leaf_count=38 31 470 27 27 123 22 201 20 20 20 59 19501 44 23 21 21 61 28 70 326 21 33 48 294 55 38 37 20 59 277
internal_value=-1.35796e-05 -0.000541353 0.00311578 2.6937e-05 0.000981321 0.00269404 0.000145774 0.00200493 0.00497299 -1.47781e-05 0.000749217 -6.54066e-06 -0.00016329 -0.00325514 -0.000699197 -0.00119168 -0.000790574 0.000265455 0.0027804 0.000448252 0.00108112 -0.00471121 -0.00329882 -0.000444051 7.32203e-05 -0.00173433 0.00266709 -0.00420504 -0.00312549 0.000270086
internal_weight=22035 1571 65 20464 857 281 576 259 77 19607 182 19580 545 67 1506 997 895 509 112 387 91 102 81 397 349 508 57 48 79 478
internal_count=22035 1571 65 20464 857 281 576 259 77 19607 182 19580 545 67 1506 997 895 509 112 387 91 102 81 397 349 508 57 48 79 478
is_linear=0
shrinkage=0.05


Tree=134
num_leaves=31
num_cat=0
split_feature=1 19 21 33 7 16 27 2 29 23 24 36 23 5 24 19 16 13 5 16 33 9 7 27 5 31 16 21 27 23
split_gain=0.171869 0.246846 0.165046 0.165845 0.499948 0.506255 0.378099 0.343652 0.507047 0.394114 0.35618 0.445411 0.539512 0.426999 0.355525 0.374376 0.352956 0.393556 0.307916 0.339629 0.307262 0.449003 0.625655 0.367678 0.919348 0.659698 0.681131 1.00377 0.581575 0.453184
threshold=53.608547210693366 0.34617723438115094 1.5016666666666669 0.91597561503675362 1.0000000180025095e-35 0.61833333333333351 -0.32166666666666671 1007.6497192382814 3.5000000000000004 0.58015378403322515 -0.88833333333333331 -0.22252093395631442 0.37544994915287011 313.83767700195318 -0.92499999999999993 0.18446336458069909 0.35833333333333339 0.41833333333333339 275.00447082519537 0.32833333333333342 1.0000000180025095e-35 165.83868408203128 114.62500000000001 0.080000000000000043 233.80800628662112 1.0000000180025095e-35 -0.62166666666666648 0.25166666666666676 0.6150000000000001 0.5374625740624791
decision_type=2 2 2 2 2 2 2 2 2 2 2 2 2 2 2 2 2 2 2 2 2 2 2 2 2 2 2 2 2 2
left_child=1 -1 3 20 -5 6 -6 8 -8 10 14 13 16 -12 15 -9 17 -13 19 -10 21 -2 -23 -22 25 26 27 -25 -28 -26
right_child=2 -3 -4 4 5 -7 7 9 18 -11 11 12 -14 -15 -16 -17 -18 -19 -20 -21 23 22 -24 24 29 -27 28 -29 -30 -31
leaf_value=-0.00074132237490123429 -9.0751528324396139e-05 -0.0056207706553636702 0.0017327180728367291 0.0012915496166001437 0.0053906438702886758 -0.0032828330592802111 -0.0006188009835124493 -8.0432904358131943e-07 0.0042986994712291135 -0.0044972923800482281 -0.0033248798561418946 0.0020296350434604532 -0.0018747665497272359 0.0036808551531673098 0.0044062771229489177 0.0067961867100426142 -0.0023180621210485697 0.0091202914787572812 0.0072915169203446976 -0.00041697845694475946 -0.00017515638972193968 0.0018435526008504163 0.0002082029489010195 0.00091634881958000455 -0.0037592451384827856 -0.0082204076582970825 -6.0648579282436783e-05 0.011758820990410944 -0.008807818517088891 0.002983032836130372
leaf_weight=244 7588 29 137 938 33 119 172 574 84 56 232 106 170 24 56 21 35 24 36 70 7329 785 2294 74 324 23 381 30 20 27
leaf_count=244 7588 29 137 938 33 119 172 574 84 56 232 106 170 24 56 21 35 24 36 70 7329 785 2294 74 324 23 381 30 20 27
internal_value=-1.29006e-05 -0.00125965 2.73961e-06 -8.22025e-06 0.00035454 -0.000130512 9.10632e-05 -1.42899e-05 0.00134796 -0.00039421 -0.000209208 -0.00109788 0.000102047 -0.00266809 0.000597557 0.000239089 0.00213876 0.00333868 0.0031284 0.00215521 -6.10728e-05 0.000115889 0.00062514 -0.000291049 -0.00125735 6.10636e-05 0.00043824 0.00404399 -0.000496916 -0.00324061
internal_weight=22035 273 21762 21625 2750 1812 1693 1660 362 1298 1242 591 335 256 651 595 165 130 190 154 18875 10667 3079 8208 879 528 505 104 401 351
internal_count=22035 273 21762 21625 2750 1812 1693 1660 362 1298 1242 591 335 256 651 595 165 130 190 154 18875 10667 3079 8208 879 528 505 104 401 351
is_linear=0
shrinkage=0.05


Tree=135
num_leaves=31
num_cat=0
split_feature=23 34 3 27 29 18 2 18 19 8 0 22 23 20 13 5 25 8 2 11 11 23 22 0 15 34 9 2 5 34
split_gain=0.181562 0.380304 0.184267 0.312171 0.610836 0.790647 0.580807 0.549858 0.409097 0.4042 0.393968 0.390016 0.416393 0.365125 0.600193 0.344562 0.53307 0.315646 0.30897 0.29393 0.304517 0.347711 0.271782 0.271118 0.301849 0.266778 0.524023 0.289266 0.265532 0.27504
threshold=0.17932220552192576 -0.78656609248549325 98.875000000000014 -0.22833333333333325 3.5000000000000004 0.32364583333333341 1021.7785644531251 0.56609375000000017 0.14612423357128415 328.62500000000006 16.723750114440922 0.12177083333333336 0.47106104501488716 -0.93833333333333313 -0.49499999999999994 256.00477600097662 0.6083333333333335 361.50000000000006 988.17776489257824 -0.5183333333333332 -0.60166666666666657 0.47278226356663233 0.27010416666666676 3.123749971389771 0.15161323838346707 -0.70710678118654757 314.21139526367193 1011.1733703613282 104.77539443969728 0.1294095225512602
decision_type=2 2 2 2 2 2 2 2 2 2 2 2 2 2 2 2 2 2 2 2 2 2 2 2 2 2 2 2 2 2
left_child=1 -1 18 4 7 6 -6 10 -7 13 25 12 -12 14 15 16 -5 -11 -2 20 21 -15 -13 24 -20 26 27 -4 29 -21
right_child=2 -3 3 9 5 8 -8 -9 -10 17 11 22 -14 19 -16 -17 -18 -19 23 28 -22 -23 -24 -25 -26 -27 -28 -29 -30 -31
leaf_value=-0.0074828456457577313 0.0019388839641275514 -0.00069461542569783841 -0.0055095863218108812 0.0087369454725246352 0.0034802403727352813 0.0053997440667202072 -0.0059006458015314171 -0.0053083798103034504 0.014498838266063969 -0.0049050177153035562 0.0072508928366005424 -0.0080642940010875463 -0.0022677250499664632 0.0032415614253841342 0.00021208950470124897 0.011088334272305172 -0.00064280369622407097 0.0017646472547009279 0.00053131708086063384 0.0015925612971015213 -0.0064241085885441869 -0.0027568587980894314 -0.00031151054165093231 -0.00019368041770972394 0.0049853079381864526 0.0063027067689034036 0.0070290741577212299 0.0015020191595938644 3.0206480243189097e-05 0.00014143238956974887
leaf_weight=22 183 332 24 28 77 30 21 40 21 68 20 26 27 35 145 21 33 24 776 601 32 78 20 11441 40 39 28 38 7021 715
leaf_count=22 183 332 24 28 77 30 21 40 21 68 20 26 27 35 145 21 33 24 776 601 32 78 20 11441 40 39 28 38 7021 715
internal_value=6.7241e-06 -0.00111648 2.5088e-05 0.000194591 0.00154149 0.00409754 0.00147005 8.7857e-05 0.00914643 0.000131692 0.00106015 -0.00142057 0.00178275 0.000166519 0.00214551 0.00556435 0.00366265 -0.00316511 -0.000100431 0.000113556 -0.00211829 -0.000898941 -0.00469352 -0.000130879 0.00074965 0.00284858 0.00135179 -0.00121215 0.000152373 0.000804144
internal_weight=22006 354 21652 9212 411 149 98 262 51 8801 222 93 47 8709 227 82 61 92 12440 8482 145 113 46 12257 816 129 90 62 8337 1316
internal_count=22006 354 21652 9212 411 149 98 262 51 8801 222 93 47 8709 227 82 61 92 12440 8482 145 113 46 12257 816 129 90 62 8337 1316
is_linear=0
shrinkage=0.05


Tree=136
num_leaves=31
num_cat=0
split_feature=26 2 12 20 18 7 13 19 23 7 7 28 6 23 23 17 1 19 23 16 11 4 4 28 29 12 11 10 1 3
split_gain=0.171559 0.327293 0.361948 0.413961 0.413033 0.294269 0.263683 0.324915 0.490343 0.273143 0.227599 0.178724 0.4187 0.429481 0.45193 0.720777 0.499647 0.452317 0.474177 0.502511 0.483666 0.435342 0.549334 0.426672 0.44828 0.420388 0.443357 0.414195 0.401768 0.386571
threshold=0.33166666666666678 1021.0381774902345 -0.60166666666666657 -0.80833333333333324 -0.56645833333333317 64.125000000000014 -0.75166666666666659 0.28522294662454833 0.46433089147548584 297.62500000000006 297.62500000000006 11.500000000000002 3.1250000000000004 0.38464066337324526 0.37544994915287011 0.56500000000000006 72.713436126708999 0.11199121039574207 0.3444103180796701 -0.22166666666666662 -0.098333333333333342 14.219045639038088 31.322642326354984 3.5000000000000004 4.5000000000000009 -0.044999999999999991 0.17166666666666672 -0.021666666666666664 71.183681488037124 98.875000000000014
decision_type=2 2 2 2 2 2 2 2 2 2 2 2 2 2 2 2 2 2 2 2 2 2 2 2 2 2 2 2 2 2
left_child=11 2 3 4 -2 -4 -7 8 9 -8 -9 12 23 14 16 -16 21 -18 19 -19 -21 27 28 -1 -25 -24 -27 -14 -23 -15
right_child=1 -3 5 -5 -6 6 7 10 -10 -11 -12 -13 13 29 15 -17 17 18 -20 20 -22 22 25 24 -26 26 -28 -29 -30 -31
leaf_value=-6.6528713571177174e-05 0.0046787981470317944 -0.0060252584517002106 0.004172579457517713 0.008201036415994168 -0.004697727380941312 -0.0069917556568980218 -0.0031649952108072569 -0.0010875339756106458 0.0029395867697894575 -0.0094170082844793803 0.0048926414617408926 0.00016766930333953926 0.0082646555370754667 -0.00044870637628403816 -0.0017058571912425609 -0.0094531509219546277 -0.00040560338286006742 -0.0057819857951524915 0.00074921665509464219 0.0054783842437678863 -0.0022722532924267071 -0.002257602167682666 -0.0024085606448352339 0.001525450131419282 -0.00050138343518251242 0.011790448977124125 0.002648821794961502 -0.00044344880999150604 0.0030265822399245658 0.00063542903936152269
leaf_weight=3627 23 31 20 22 24 25 58 41 25 25 26 10784 36 2296 143 38 1064 103 128 21 485 165 20 994 376 21 36 22 46 1281
leaf_count=3627 23 31 20 22 24 25 58 41 25 25 26 10784 36 2296 143 38 1064 103 128 21 485 165 20 994 376 21 36 22 46 1281
internal_value=6.3879e-06 -0.00114288 -0.000619163 0.00254043 -0.000109215 -0.00161013 -0.0021884 -0.0015022 -0.00319912 -0.00504813 0.00123313 2.33465e-05 -0.000119414 -0.000404459 -0.000933026 -0.00333236 -0.000730753 -0.00106508 -0.00201715 -0.00259859 -0.00195059 0.00100947 0.000213556 0.000217426 0.00096918 0.00382839 0.00601679 0.00496158 -0.0011056 -6.04544e-05
internal_weight=22006 320 289 69 47 220 200 175 108 83 67 21686 10902 5905 2328 181 2147 1801 737 609 506 346 288 4997 1370 77 57 58 211 3577
internal_count=22006 320 289 69 47 220 200 175 108 83 67 21686 10902 5905 2328 181 2147 1801 737 609 506 346 288 4997 1370 77 57 58 211 3577
is_linear=0
shrinkage=0.05


Tree=137
num_leaves=31
num_cat=0
split_feature=9 12 22 10 26 2 5 13 36 27 10 5 23 7 12 0 19 21 2 21 24 8 8 10 34 10 10 15 26 4
split_gain=0.171597 0.164881 0.389705 0.210595 0.184981 0.283974 0.328321 0.534456 0.463389 0.537114 0.342236 0.330378 0.393417 0.28069 0.26993 0.173686 0.388992 0.446501 0.543935 0.377168 0.28974 0.430198 0.371291 0.282897 0.256819 0.248178 0.465702 0.233413 0.316157 0.199732
threshold=856.31491088867199 -1.0149999999999999 0.047951388888888911 -0.94833333333333314 0.33166666666666678 1021.0381774902345 224.10957336425784 -0.79833333333333323 -0.56174490092936669 0.6150000000000001 0.28166666666666673 189.2073669433594 0.47425235031100194 351.12500000000006 -0.30166666666666664 21.786250114440922 0.33000098200870559 -0.021666666666666664 1018.539520263672 -0.064999999999999988 -0.90166666666666651 166.62500000000003 90.125000000000014 -0.34166666666666662 -0.9159756150367534 -0.73166666666666658 -0.5183333333333332 0.2002440640148844 -0.12499999999999999 18.948444366455082
decision_type=2 2 2 2 2 2 2 2 2 2 2 2 2 2 2 2 2 2 2 2 2 2 2 2 2 2 2 2 2 2
left_child=1 2 -1 -3 15 6 7 -6 14 10 13 12 -9 -10 -8 29 17 19 20 27 21 22 -19 -24 -23 -18 -27 28 -17 -5
right_child=-2 3 -4 4 5 -7 8 11 9 -11 -12 -13 -14 -15 -16 16 25 18 -20 -21 -22 24 23 -25 -26 26 -28 -29 -30 -31
leaf_value=0.00024288761094559902 -0.0030118802562355998 -0.0015754729062630729 0.0081237067988175638 -0.00012545394862340721 -0.0063097114162519582 -0.0057239955050810698 -0.010940416385419668 -0.0031999319982585605 0.0024335726618002623 0.0060631532945080837 -0.0065168614179128784 0.0055121132574391133 0.0054114520017589842 -0.0045308160150180693 -0.0028240201495853918 0.0073373213631566618 -0.0017551634084278099 0.00041348842356595791 0.0069865819066762926 0.0066608818210360981 -0.0044010872306450661 0.0055187220106253758 -0.001954901475330879 -0.0069123942237130781 -0.00076555993231334574 0.009814865741392842 0.0022519635212156163 -0.0039640017866116508 0.00084194818631646282 0.00019268425036198005
leaf_weight=62 47 209 21 11965 20 31 20 36 39 24 32 51 21 23 21 20 30 104 20 31 69 37 87 43 29 23 177 23 296 8395
leaf_count=62 47 209 21 11965 20 31 20 36 39 24 32 51 21 23 21 20 30 104 20 31 69 37 87 43 29 23 177 23 296 8395
internal_value=6.0685e-06 1.2528e-05 0.00223683 4.08873e-06 1.93252e-05 -0.00117772 -0.000686654 0.00119818 -0.002204 -0.000612909 -0.00231744 0.00258853 -2.73168e-05 -0.000149991 -0.00678324 3.71555e-05 0.000684231 0.000138366 -0.00104437 0.00138183 -0.00147965 -0.000807717 -0.00181328 -0.00359469 0.00275745 0.00248559 0.0031217 0.000899089 0.00125305 5.72337e-06
internal_weight=22006 21959 83 21876 21667 318 287 128 159 118 94 108 57 62 41 21349 989 759 389 370 369 300 234 130 66 230 200 339 316 20360
internal_count=22006 21959 83 21876 21667 318 287 128 159 118 94 108 57 62 41 21349 989 759 389 370 369 300 234 130 66 230 200 339 316 20360
is_linear=0
shrinkage=0.05


Tree=138
num_leaves=31
num_cat=0
split_feature=23 34 0 15 9 11 15 23 20 16 0 24 0 29 28 34 13 4 2 12 4 5 36 23 3 5 15 26 26 6
split_gain=0.162336 0.338233 0.161852 0.279988 0.377516 0.35844 0.302164 0.250414 0.534154 0.740371 0.96456 0.595446 0.816343 0.7199 0.84381 0.797592 0.563252 0.501539 0.488872 0.627754 0.559189 0.477528 0.493292 0.361666 0.349526 0.342575 0.468515 0.458715 0.333071 0.330505
threshold=0.17932220552192576 -0.78656609248549325 7.773750066757203 0.25448204266476998 449.78210449218756 0.57833333333333348 0.21048774685359184 0.42038856265435648 -0.91833333333333322 -0.58499999999999985 11.036249637603762 -0.84166666666666656 15.317499637603762 2.5000000000000004 10.500000000000002 -0.98296291314453399 -0.2283333333333333 12.711283683776857 1005.1424560546876 0.22166666666666668 31.00936317443848 234.430778503418 -0.22252093395631442 0.39767211105001554 82.125000000000014 205.07090759277347 0.2002440640148844 -0.01333333333333339 0.0066666666666667243 625.37500000000011
decision_type=2 2 2 2 2 2 2 2 2 2 2 2 2 2 2 2 2 2 2 2 2 2 2 2 2 2 2 2 2 2
left_child=1 -1 3 6 5 -5 -2 8 23 10 -10 -12 24 14 -14 -15 18 -17 20 21 25 -20 -23 -4 -13 27 -27 -11 -24 -16
right_child=2 -3 7 4 -6 -7 -8 -9 9 16 11 12 13 15 29 17 -18 -19 19 -21 -22 22 28 -25 -26 26 -28 -29 -30 -31
leaf_value=-0.0070602139616808435 0.00028269340569915801 -0.0006584593708377878 -0.0091763521261912367 0.0025801568161970116 -0.0084447980947082949 -0.0058555290964432058 0.004269576449223678 0.00012315057357967818 0.012591711273416878 -0.00047308394255546424 -0.0027961558902564027 -0.0055048689537215978 0.016507122777402402 0.0093464465529125712 0.0075889535464479449 0.0060166951751819365 -0.00020988137910444063 -0.0016969083706650661 -0.00066661126707126767 0.001571297852121549 -0.011937363691894073 4.8487886087968948e-05 -0.0038762275689805392 -0.00081183876027353114 0.001778881362406537 -0.0039163100838777607 0.0056950564008383525 -0.009139190775002479 -0.0098889317940033614 -0.00023184824226932092
leaf_weight=22 4796 332 28 34 21 20 48 9242 20 26 71 40 20 28 35 27 6442 96 185 155 21 40 51 24 28 32 21 37 42 22
leaf_count=22 4796 332 28 34 21 20 48 9242 20 26 71 40 20 28 35 27 6442 96 185 155 21 40 51 24 28 32 21 37 42 22
internal_value=5.76508e-06 -0.00105631 2.31295e-05 0.000275261 -0.00275635 -0.000544171 0.0003222 -5.09898e-05 -0.000265835 -0.000230535 0.00189877 0.00131605 0.00230242 0.00373642 0.00767085 0.00173012 -0.000347387 -3.67832e-06 -0.00179953 -0.00103775 -0.00442964 -0.00230945 -0.00459461 -0.00531581 -0.00250568 -0.00307048 -0.000108033 -0.0055627 -0.00659164 0.0045704
internal_weight=22006 354 21652 4919 75 54 4844 16733 7491 7439 387 367 296 228 77 151 7052 123 610 473 137 318 133 52 68 116 53 63 93 57
internal_count=22006 354 21652 4919 75 54 4844 16733 7491 7439 387 367 296 228 77 151 7052 123 610 473 137 318 133 52 68 116 53 63 93 57
is_linear=0
shrinkage=0.05


Tree=139
num_leaves=31
num_cat=0
split_feature=0 27 2 21 27 13 4 23 33 26 20 23 35 9 34 13 3 3 4 22 15 34 12 9 5 0 26 13 3 9
split_gain=0.1549 0.161938 0.159545 0.282421 0.479253 0.423102 0.39998 0.445816 0.442995 0.612416 0.490537 0.371856 0.399186 0.392801 0.334805 0.570211 0.338843 0.535339 0.420179 0.32729 0.324791 0.468031 0.421536 0.313494 0.312339 0.314047 0.31187 0.304312 0.303771 0.360527
threshold=1.0000000180025095e-35 0.038333333333333337 1013.2425537109376 0.42166666666666669 -0.59166666666666645 -0.34166666666666662 20.859775543212894 0.31014610146081129 0.25881904510252091 -0.10333333333333328 -0.75166666666666659 0.54020133651449054 0.6078576107927941 559.25961303710949 -0.78656609248549325 0.33166666666666672 98.875000000000014 62.625000000000007 8.7086863517761248 0.20772569444444447 0.27491998164490844 -0.98296291314453399 -0.0083333333333333315 434.68826293945318 138.730827331543 16.267500877380375 0.13000000000000012 0.011666666666666669 79.625000000000014 624.16513061523449
decision_type=2 2 2 2 2 2 2 2 2 2 2 2 2 2 2 2 2 2 2 2 2 2 2 2 2 2 2 2 2 2
left_child=1 -1 3 4 5 -2 7 -6 9 19 -10 12 -12 -14 15 16 17 24 -18 -8 -5 -22 23 -23 -9 -26 28 -21 -19 -30
right_child=2 -3 -4 20 6 -7 8 14 10 -11 11 -13 13 -15 -16 -17 18 26 -20 27 21 22 -24 -25 25 -27 -28 -29 29 -31
leaf_value=0.00028003771748529889 0.0010556197259575129 0.0022696427412754292 -0.00016350609892994776 1.8848941071048569e-05 -0.0055511459954349059 0.011103884703479708 0.0090026895692774458 -0.0015713819658516774 -0.0038372805246259449 0.0014940183876338534 0.00073383312701021412 -0.0036107353245218598 0.010542660426687112 0.0011974939378927483 0.00065146027427161299 -0.0069571436036910336 0.0078570717395367948 -0.0055665118194630613 0.00051358734784812175 -0.00068905627378262587 -0.0078273524176971677 0.0037619315557541294 -0.0028759203813309843 -0.0033844322986191231 -0.0032838837335265668 0.002759991104352183 -0.0077251549878650724 0.0074754346339475546 0.0015999573017952259 -0.0059172862188213255
leaf_weight=331 22 148 9779 8622 35 20 46 140 65 398 317 42 22 23 1185 35 22 46 170 25 29 57 121 21 26 124 34 21 58 22
leaf_count=331 22 148 9779 8622 35 20 46 140 65 398 317 42 22 23 1185 35 22 46 170 25 29 57 121 21 26 124 34 21 58 22
internal_value=5.47682e-06 0.00089478 -1.43112e-05 0.000109878 0.000538287 0.00584051 0.000460313 3.96007e-05 0.00129253 0.00234388 0.000194098 0.000842711 0.00135941 0.00576624 0.00014469 -0.000742345 -0.000403532 -0.00115385 0.00135503 0.00602045 -3.04076e-05 -0.00189308 -0.00102829 0.00183791 0.000127119 0.00171239 -0.00347561 0.00303821 -0.00232891 -0.000467285
internal_weight=22006 479 21527 11748 2898 42 2856 1897 959 490 469 404 362 45 1862 677 642 450 192 92 8850 228 199 78 290 150 160 46 126 80
internal_count=22006 479 21527 11748 2898 42 2856 1897 959 490 469 404 362 45 1862 677 642 450 192 92 8850 228 199 78 290 150 160 46 126 80
is_linear=0
shrinkage=0.05


Tree=140
num_leaves=31
num_cat=0
split_feature=8 5 21 15 2 21 7 5 20 2 20 27 11 0 5 2 9 23 14 0 9 4 28 23 26 21 29 35 6 5
split_gain=0.173438 0.28432 0.344968 0.280064 0.367254 0.335605 0.469706 0.431947 0.326858 0.366027 0.321129 0.279161 0.526168 0.391208 0.391046 0.595419 0.549456 0.645824 0.632973 0.51096 0.425356 0.826336 0.536146 0.663197 0.487117 0.442858 0.660427 0.647255 0.594028 0.49828
threshold=121.12500000000001 14.325294494628908 0.018333333333333337 0.14470915914614182 1025.8725585937502 0.39166666666666672 107.62500000000001 307.35366821289068 -0.8949999999999998 1014.1182556152345 0.20166666666666672 0.080000000000000043 0.68166666666666675 23.373750686645511 135.02393341064456 1026.1246337890627 392.93959045410162 0.5351343055567489 -0.75874999999999981 16.517500877380375 28.547716140747074 27.004800796508793 12.500000000000002 0.38929618291285634 -0.043333333333333411 0.56500000000000006 4.5000000000000009 0.87837969732492682 322.12500000000006 191.66973876953128
decision_type=2 2 2 2 2 2 2 2 2 2 2 2 2 2 2 2 2 2 2 2 2 2 2 2 2 2 2 2 2 2
left_child=3 2 -2 -1 5 8 -7 -8 -5 -10 -6 13 -13 14 15 16 17 -3 19 -18 21 22 23 -16 -23 -22 27 29 -29 -27
right_child=1 11 -4 4 10 6 7 -9 9 -11 -12 12 -14 -15 20 -17 18 -19 -20 -21 25 24 -24 -25 -26 26 -28 28 -30 -31
leaf_value=2.5161212916129628e-05 -0.001181678783047037 0.00066420202141707473 0.0049210687722957679 9.052237720295256e-05 0.0020272932141696485 0.0010776593890885031 -0.0010582181045763373 -0.0077352588450343446 0.0059415621056370903 0.00065623331994918942 0.0093177898442777605 -0.00064258711990174079 -0.0054017898324915832 0.0026225140383484588 -0.0092418389253907662 0.006913068689093714 0.0071175053793316083 -0.0080274284959001383 -0.004376433041996748 -0.0013815504552310036 -4.9828547269618191e-05 0.0074589594395766999 -0.00040431808137024445 0.00022785116990025226 -0.00092635855747408465 0.0047642667897236654 0.0047266571673905619 -0.0009774831351189112 0.0062395623623519962 -0.0012616703789395266
leaf_weight=15859 39 302 57 105 44 309 147 29 81 55 23 1811 60 133 64 22 21 23 229 112 1798 29 60 26 43 39 127 44 81 285
leaf_count=15859 39 302 57 105 44 309 147 29 81 55 23 1811 60 133 64 22 21 23 229 112 1798 29 60 26 43 39 127 44 81 285
internal_value=-8.86526e-06 -0.000254961 0.00244183 7.10138e-05 0.000988008 0.00066113 -9.66677e-05 -0.00215841 0.00218616 0.00380411 0.00453 -0.000303726 -0.000795207 -3.62554e-05 -0.00014325 -0.00118395 -0.00144325 4.9102e-05 -0.00278306 -3.95943e-05 0.00014098 -0.00195197 -0.00406542 -0.00650615 0.00245106 0.000336697 0.00154325 0.000642819 0.00369916 -0.000536326
internal_weight=22057 5405 96 16652 793 726 485 176 241 136 67 5309 1871 3438 3305 709 687 325 362 133 2596 222 150 90 72 2374 576 449 125 324
internal_count=22057 5405 96 16652 793 726 485 176 241 136 67 5309 1871 3438 3305 709 687 325 362 133 2596 222 150 90 72 2374 576 449 125 324
is_linear=0
shrinkage=0.05


Tree=141
num_leaves=31
num_cat=0
split_feature=25 27 24 16 3 2 2 11 8 0 15 8 13 8 1 23 8 5 23 22 27 0 34 8 21 0 19 1 13 7
split_gain=0.160123 0.288094 0.477556 0.224945 0.431759 0.197798 0.232021 0.363229 0.231052 0.32901 0.244086 0.20567 0.199424 0.208238 0.18597 0.149699 0.25707 0.148046 0.146343 0.401861 0.398275 0.534588 0.308234 0.343155 0.507031 0.519763 0.32688 0.369797 0.269559 0.262737
threshold=0.59833333333333349 0.24500000000000002 -0.94166666666666654 -1.0483333333333331 34.125000000000007 1010.8997192382814 1011.9487304687501 -0.75499999999999989 151.12500000000003 17.586251258850101 0.055000000000207598 135.12500000000003 -0.66833333333333322 109.12500000000001 52.867345809936531 0.17932220552192576 211.37500000000003 197.01667785644534 0.21995204542170019 0.45449652777777788 -0.32166666666666671 14.198750019073488 0.1294095225512602 84.125000000000014 0.94166666666666676 10.011250019073488 0.1140795485644517 80.823665618896499 0.74166666666666681 23.625000000000004
decision_type=2 2 2 2 2 2 2 2 2 2 2 2 2 2 2 2 2 2 2 2 2 2 2 2 2 2 2 2 2 2
left_child=1 5 -3 4 -2 -1 7 -7 11 -10 -11 -8 -9 -14 17 16 -16 -5 19 -17 -21 22 23 -22 25 26 27 -25 -26 -27
right_child=3 2 -4 14 -6 6 8 12 9 10 -12 -13 13 -15 15 18 -18 -19 -20 20 21 -23 -24 24 28 29 -28 -29 -30 -31
leaf_value=-0.0018077302574175007 -0.0015918133273953574 -0.0012291020239468995 -0.0093194951021966215 -0.00062096223839871849 0.0064322199500901137 0.0079903238272804409 -0.00015141006913851497 -0.0037067070364719258 0.0023511000750586391 -0.00073354179461101272 -0.006642048423633572 0.0050226708971968037 0.00030460247966402677 0.0059002379466698554 -0.00066712058746636494 0.0039101369757554493 -0.0065055382018908859 -0.0038036287769096415 -3.1725489134499608e-06 0.0068414267719439847 0.0013278923103501568 -0.0064004146897544472 -0.0003732432763346883 -0.0038541260247664717 -0.0007503595454618335 -0.0069082755233264631 0.0063509257881673269 0.0031458229085762506 -0.0075087040009546198 -0.0003017320943078684
leaf_weight=184 30 76 24 113 38 21 484 20 25 29 44 20 60 23 329 80 20 54 18314 23 886 30 888 29 25 27 37 54 36 34
leaf_count=184 30 76 24 113 38 21 484 20 25 29 44 20 60 23 329 80 20 54 18314 23 886 30 888 29 25 27 37 54 36 34
internal_value=-8.422e-06 -0.000623398 -0.0031708 2.10894e-05 0.00289221 -0.000343464 2.76445e-05 0.00199713 -0.000378031 -0.00259944 -0.00429483 5.39106e-05 0.000775218 0.0018552 1.17831e-05 2.51183e-05 -0.0010017 -0.00165009 4.26309e-05 0.000432973 0.000298525 0.000224973 0.000323565 0.000872116 -0.000796552 0.000532081 0.00244241 0.000700058 -0.00473889 -0.00322594
internal_weight=22057 1010 100 21047 68 910 726 124 602 98 73 504 103 83 20979 20812 349 167 20463 2149 2069 2046 2016 1128 242 181 120 83 61 61
internal_count=22057 1010 100 21047 68 910 726 124 602 98 73 504 103 83 20979 20812 349 167 20463 2149 2069 2046 2016 1128 242 181 120 83 61 61
is_linear=0
shrinkage=0.05


Tree=142
num_leaves=31
num_cat=0
split_feature=8 15 2 21 7 2 4 15 27 1 11 3 9 4 19 4 4 0 35 22 0 0 0 24 22 11 19 13 22 0
split_gain=0.154223 0.254847 0.328484 0.305816 0.425737 0.287729 0.287362 0.262307 0.25285 0.440793 0.490518 0.354258 0.719468 0.446207 0.435666 0.359908 0.756826 0.620167 0.559413 0.435004 0.513191 0.419001 0.417238 0.416028 0.352584 0.446171 0.462105 0.39684 0.379006 0.393553
threshold=121.12500000000001 0.14470915914614182 1025.8725585937502 0.39166666666666672 101.12500000000001 1013.3402099609376 25.937077522277836 0.24074729335819486 0.080000000000000043 88.244049072265639 0.68166666666666675 44.125000000000007 458.84269714355474 15.082792758941652 0.47615023258002137 15.342922210693361 11.944887161254885 23.111250877380375 0.6078576107927941 0.49881944444444448 11.623749732971193 18.948750495910648 21.348750114440922 -0.97166666666666657 0.40053819444444455 -0.30166666666666664 0.28043018373978407 -0.245 0.21942708333333336 17.098750114440922
decision_type=2 2 2 2 2 2 2 2 2 2 2 2 2 2 2 2 2 2 2 2 2 2 2 2 2 2 2 2 2 2
left_child=1 -1 3 5 -5 -3 -4 -6 -2 10 11 12 -10 -14 15 16 18 19 21 24 -21 -13 -23 -18 25 26 28 -28 29 -17
right_child=8 2 6 4 7 -7 -8 -9 9 -11 -12 14 13 -15 -16 17 23 -19 -20 20 -22 22 -24 -25 -26 -27 27 -29 -30 -31
leaf_value=2.3583769533379372e-05 1.3054524959210007e-05 0.0036067168402630213 0.0021558189464292114 0.0011035574682187056 -0.00067438387664629047 0.00012249215805370893 0.0093116214778274295 -0.0046662915800698103 -0.0072111922858113589 -0.0074355963227086862 -0.0051843555197895819 0.00088761021360079509 0.0029484365709981047 -0.0020650719586733936 0.0051940425626329475 0.0054021086498063859 0.00085505908722744188 -0.0058092388824173592 0.0033981100145366889 -0.0007396482784921925 -0.0088028813008956316 -0.0089934368085648336 -0.0013969768203941047 -0.0049790937484850972 0.0035799187815633939 -0.00034875268340124561 0.0088414036805128174 0.00038915954286321291 -0.0036943294826362813 0.00010718861576219268
leaf_weight=15859 3492 136 47 294 131 105 20 60 55 24 57 91 58 189 37 56 38 41 93 111 24 28 51 156 106 507 41 21 35 94
leaf_count=15859 3492 136 47 294 131 105 20 60 55 24 57 91 58 189 37 56 38 41 93 111 24 28 51 156 106 507 41 21 35 94
internal_value=-8.0009e-06 6.73235e-05 0.000942062 0.000632919 -9.04657e-05 0.00208869 0.00429188 -0.00192839 -0.000240064 -0.000702108 -0.000616558 -0.000474438 -0.00203942 -0.000887811 -0.000165533 -0.000298355 -0.0014672 0.000217246 0.00028036 0.000465574 -0.00217311 -0.00142523 -0.00408939 -0.00383632 0.000879786 0.000500192 0.00224276 0.00597855 0.000990769 0.00208396
internal_weight=22057 16652 793 726 485 241 67 191 5405 1913 1889 1832 302 247 1530 1493 457 1036 263 995 135 170 79 194 860 754 247 62 185 150
internal_count=22057 16652 793 726 485 241 67 191 5405 1913 1889 1832 302 247 1530 1493 457 1036 263 995 135 170 79 194 860 754 247 62 185 150
is_linear=0
shrinkage=0.05


Tree=143
num_leaves=31
num_cat=0
split_feature=10 1 22 2 0 0 9 0 12 24 6 33 8 17 15 26 17 5 34 6 20 27 6 0 22 4 5 36 27 28
split_gain=0.145663 0.145706 0.293496 0.438436 0.339816 0.817237 0.36618 0.544015 0.378335 0.443359 0.317729 0.300691 0.29101 0.285147 0.246217 0.283291 0.244778 0.360599 0.228228 0.213609 0.210579 0.418891 0.48085 0.452264 0.328307 0.320952 0.614919 0.422344 0.395698 0.339339
threshold=1.4683333333333335 62.23808670043946 0.91682291666666682 1002.5975952148439 9.9424996376037615 9.0987496376037615 506.61642456054693 20.623750686645511 0.048333333333333346 -0.82833333333333325 443.87500000000006 0.37940952255126054 272.12500000000006 -0.074999999999999983 0.2002440640148844 0.15666666666666673 -0.3216666666666666 217.80693817138675 -0.60355339059327384 773.87500000000011 -0.64833333333333321 0.15333333333333332 189.62500000000003 7.2237501144409189 0.018541666666666679 27.74534893035889 313.83767700195318 -0.22252093395631442 0.39500000000000007 9.5000000000000018
decision_type=2 2 2 2 2 2 2 2 2 2 2 2 2 2 2 2 2 2 2 2 2 2 2 2 2 2 2 2 2 2
left_child=1 2 3 10 5 11 7 8 9 12 -1 -5 -6 14 19 -16 -9 -18 -15 -8 -3 -22 -23 -24 -25 26 29 28 -27 -26
right_child=-2 20 -4 4 6 -7 13 16 -10 -11 -12 -13 -14 18 15 -17 17 -19 -20 -21 21 22 23 24 25 27 -28 -29 -30 -31
leaf_value=0.0011434535311041949 0.0028663869399513878 0.00043186272867849009 -0.0039049862360116096 0.0011661719643267464 -0.0045159795793036205 0.0090940262967099741 4.4615507014358129e-05 -0.0027572315810671585 -1.6396244024565698e-05 -0.0093723291060000304 0.009085652357898653 -0.0046373886821259348 0.0021079581876983868 0.0067436746535046652 -0.0010648372163932832 -0.0077660127465302752 0.00011456541538330345 0.0077153560239821674 0.00075087996665388354 -0.0023232727809756235 2.9610754876976367e-05 -7.9460216177560582e-05 -0.0087040144833736132 0.0045964886015281078 -0.0054155594618571223 -0.00043304969291841868 -0.010450229980051517 0.0025432541138268538 -0.0087311899883206947 -0.0014419936139445115
leaf_weight=34 44 2723 60 110 97 30 710 44 51 42 20 28 20 24 46 24 71 20 47 110 16346 783 24 20 66 51 24 79 20 289
leaf_count=34 44 2723 60 110 97 30 710 44 51 42 20 28 20 24 46 24 71 20 47 110 16346 783 24 20 66 51 24 79 20 289
internal_value=-7.60086e-06 -1.33454e-05 -0.00047469 -0.000339993 -0.000502103 0.0016146 -0.000774389 -0.00217172 -0.00376364 -0.00496559 0.00408501 -1.13621e-05 -0.00338368 -0.000272747 -0.000516011 -0.00336238 0.000304615 0.00178507 0.00277661 -0.000273028 2.25231e-05 -4.04433e-05 -0.000884915 -0.00198556 -0.00169186 -0.0019296 -0.0027044 2.80516e-05 -0.00277055 -0.00218074
internal_weight=22057 22013 1588 1528 1474 168 1306 345 210 159 54 138 117 961 890 70 135 91 71 820 20425 17702 1356 573 549 529 379 150 71 355
internal_count=22057 22013 1588 1528 1474 168 1306 345 210 159 54 138 117 961 890 70 135 91 71 820 20425 17702 1356 573 549 529 379 150 71 355
is_linear=0
shrinkage=0.05


Tree=144
num_leaves=31
num_cat=0
split_feature=25 27 24 16 18 27 2 2 11 8 13 8 6 1 4 5 22 33 8 33 23 23 8 17 18 5 4 19 1 2
split_gain=0.144978 0.262019 0.421052 0.202535 0.323296 0.36468 0.178986 0.208824 0.329925 0.208908 0.180616 0.188089 0.157609 0.156471 0.186086 0.16637 0.177703 0.149191 0.386093 0.428561 0.333806 0.542516 0.885416 0.594543 0.974928 0.788688 0.727 0.565497 0.651637 0.6376
threshold=0.59833333333333349 0.24500000000000002 -0.94166666666666654 -1.0483333333333331 -0.82354166666666651 -0.020000000000000028 1010.8997192382814 1011.9487304687501 -0.75499999999999989 236.87500000000003 -0.66833333333333322 109.12500000000001 782.25000000000011 52.867345809936531 9.6445407867431658 197.01667785644534 0.028194444444444449 0.12940952255126045 3.6250000000000004 0.98296291314453421 0.3444103180796701 0.21601764394300332 192.12500000000003 0.5441666666666668 0.44750000000000006 283.21772766113287 13.009510993957521 0.30197858221978047 72.713436126708999 999.18835449218761
decision_type=2 2 2 2 2 2 2 2 2 2 2 2 2 2 2 2 2 2 2 2 2 2 2 2 2 2 2 2 2 2
left_child=1 6 -3 4 -2 -6 -1 8 -8 12 -10 -12 -9 14 -5 16 -16 -15 19 -19 21 22 -20 25 -25 27 -27 28 -23 -30
right_child=3 2 -4 13 5 -7 7 9 10 -11 11 -13 -14 17 15 -17 -18 18 20 -21 -22 23 -24 24 -26 26 -28 -29 29 -31
leaf_value=-0.001718319824652534 -0.0020771368700282082 -0.0011985669642423378 -0.0087952753955808771 -0.0055864406749606133 0.0011840455068740994 0.010242355656810106 0.0076078706276824781 7.3255253871016686e-05 -0.0035338504782703242 -0.003595497132704148 0.00028560695239017762 0.0056036425734181765 -0.0044473858042329084 0.00014801539024092536 0.0045975410589016979 -0.0031545173295016871 -0.00072209605331570936 0.00012237735769160494 0.00097701965762009031 0.0022767476932234625 -0.00013002975104079901 0.0032257815295121291 -0.0090824450017585739 -0.013618156989105047 -0.0023623836741175149 0.010250767423161146 0.00077452213232363787 -0.005760727251594466 0.0053774221654748549 -0.0019222557220119698
leaf_weight=184 23 76 24 24 25 20 21 536 20 46 60 23 20 11222 20 50 73 3746 447 246 3866 88 23 20 505 29 67 62 32 459
leaf_count=184 23 76 24 24 25 20 21 536 20 46 60 23 20 11222 20 50 73 3746 447 246 3866 88 23 20 505 29 67 62 32 459
internal_value=-7.22081e-06 -0.000592392 -0.00302178 2.08603e-05 0.00274521 0.00520996 -0.000325427 2.75933e-05 0.00189604 -0.000357269 0.000731487 0.00175928 -8.93577e-05 1.20298e-05 -0.00151235 -0.000828588 0.000421912 2.42617e-05 -0.000120552 0.000255137 -0.00038846 -0.000965303 0.000484748 -0.00150534 -0.00279118 -0.000589374 0.00363714 -0.00122236 -0.000736389 -0.00144651
internal_weight=22057 1010 100 21047 68 45 910 726 124 602 103 83 556 20979 167 143 93 20812 9590 3992 5598 1732 470 1262 525 737 96 641 579 491
internal_count=22057 1010 100 21047 68 45 910 726 124 602 103 83 556 20979 167 143 93 20812 9590 3992 5598 1732 470 1262 525 737 96 641 579 491
is_linear=0
shrinkage=0.05


Tree=145
num_leaves=31
num_cat=0
split_feature=27 29 8 21 9 9 0 23 5 28 22 15 4 4 2 2 18 3 16 1 22 3 20 23 17 4 5 3 17 17
split_gain=0.186042 0.560165 0.392241 0.149362 0.144122 0.162536 0.35221 0.521769 0.578893 0.469995 0.641419 0.606911 0.464114 0.442989 0.512846 0.86373 0.565612 0.498321 0.65599 0.646224 0.541653 0.45836 0.455663 0.407858 0.403033 0.550127 0.397621 0.46198 0.528476 0.564477
threshold=0.78833333333333344 2.5000000000000004 154.12500000000003 1.5016666666666669 844.37426757812511 165.83868408203128 15.492499828338625 0.29731999299081485 227.59552764892581 15.500000000000002 0.16953993055555558 0.095136352395025423 16.747058868408207 15.342922210693361 1024.3782348632815 1011.4307250976564 -0.31093749999999992 87.125000000000014 -0.23499999999999996 73.887947082519545 0.43711805555555561 40.125000000000007 0.57833333333333348 0.56215200140412047 -0.024999999999999998 16.810879707336429 39.357147216796882 73.125000000000014 -0.4449999999999999 -0.28166666666666662
decision_type=2 2 2 2 2 2 2 2 2 2 2 2 2 2 2 2 2 2 2 2 2 2 2 2 2 2 2 2 2 2
left_child=3 -2 -3 4 5 -1 9 8 -8 10 11 12 -7 14 15 16 -12 19 -19 -18 -20 -21 23 26 -13 -26 -15 -28 -29 -30
right_child=1 2 -4 -5 -6 6 7 -9 -10 -11 13 24 -14 22 -16 -17 17 18 20 21 -22 -23 -24 -25 25 -27 27 28 29 -31
leaf_value=-8.7293798918843549e-05 0.0025255235959775746 -0.0013234084946036871 -0.010876845313098536 0.0016814640530602152 -0.0019740170229614828 -0.0011351822717776924 -0.0062552849440359925 1.458037102378619e-05 0.00024942854524300802 0.00207082039228457 -0.0060420079002677304 0.0018512475702057902 0.0030461409448198683 0.0063277995302996716 0.0023421388646834586 -0.0045302236098875934 -0.0062002378367734231 0.010748065109162229 -0.0051438083833393955 -0.0032279542612808723 0.0036456715551993024 0.0053901276675686755 -0.0032277338971372378 -0.0029665821306407453 0.013547294037416578 0.0042965983260526428 -0.00013328215555274349 -0.0046325983464597697 0.01011605357662553 0.0017629186434639258
leaf_weight=14507 32 21 22 133 92 139 71 4148 66 472 34 54 127 32 83 186 44 23 24 27 65 36 81 75 25 45 756 31 21 548
leaf_count=14507 32 21 22 133 92 139 71 4148 66 472 34 54 127 32 83 186 44 23 24 27 65 36 81 75 25 45 756 31 21 548
internal_value=2.47695e-06 -0.00248354 -0.00621121 1.09732e-05 7.87324e-07 9.15206e-06 0.000203127 -8.56904e-05 -0.00312163 0.000625798 0.00034809 0.00220786 0.000861164 -2.9797e-06 -0.00126217 -0.00194362 -4.20006e-05 0.000889507 0.00322074 -0.00155066 0.00127547 0.00169666 0.000422729 0.00062484 0.00509675 0.00760042 0.000818901 0.000688897 0.00172484 0.00207121
internal_weight=22020 75 43 21945 21812 21720 7213 4285 137 2928 2456 390 266 2066 522 439 253 219 112 107 89 63 1544 1463 124 70 1388 1356 600 569
internal_count=22020 75 43 21945 21812 21720 7213 4285 137 2928 2456 390 266 2066 522 439 253 219 112 107 89 63 1544 1463 124 70 1388 1356 600 569
is_linear=0
shrinkage=0.05


Tree=146
num_leaves=31
num_cat=0
split_feature=27 29 8 8 2 23 32 2 5 20 17 21 1 2 5 4 20 28 17 5 18 21 12 2 20 15 4 25 27 6
split_gain=0.167903 0.505549 0.353997 0.135353 0.983252 0.804687 0.586835 0.388492 0.663252 0.413717 0.762635 0.520695 0.409519 0.395684 0.71959 0.42747 0.49341 0.47766 0.475891 0.397498 0.585613 0.433944 0.433521 0.387549 0.365511 0.489074 0.353205 0.330934 0.323881 0.351429
threshold=0.78833333333333344 2.5000000000000004 154.12500000000003 229.62500000000003 998.00286865234386 0.35929759251559801 3.5000000000000004 1003.5015563964845 207.48067474365237 0.23500000000000001 0.3116666666666667 0.57166666666666677 68.984821319580092 1005.7316894531251 211.48566436767581 10.113295555114748 -0.48499999999999993 9.5000000000000018 0.075000000000000011 302.22467041015631 -0.29385416666666658 0.071666666666666684 -0.2283333333333333 1013.7058105468751 -1.0000000180025095e-35 0.32845807852440395 26.859568595886234 0.58500000000000008 0.036666666666666653 429.12500000000006
decision_type=2 2 2 2 2 2 2 2 2 2 2 2 2 2 2 2 2 2 2 2 2 2 2 2 2 2 2 2 2 2
left_child=3 -2 -3 -1 5 -5 7 8 -6 10 11 13 -12 14 -9 18 17 -17 23 21 -21 22 26 -15 25 -14 27 -19 -18 -30
right_child=1 2 -4 4 6 -7 -8 9 -10 -11 12 -13 24 15 -16 16 28 19 -20 20 -22 -23 -24 -25 -26 -27 -28 -29 29 -31
leaf_value=4.1673897634401954e-05 0.0023992474656552077 -0.0012572380122340596 -0.010333002930697562 -0.013709764723666014 -0.002391567963752009 -0.00089218611246906227 0.0082840091409161678 0.0010389699786901474 0.0096618046760559087 0.0047548999207922158 0.00054104932075317363 0.0056363861199241845 -0.0095125081166472364 0.0077360572520816743 -0.011215633378647593 -0.0085383425001055013 0.0002754720643920779 -0.0072401163532682085 -0.0022635337254941104 0.0071699851932113664 -0.002501812757892085 0.00011108604333916696 -0.0084777167967210222 0.0015587666915023639 -0.0010808567359002637 -0.00066563566880566746 -0.0080383954772158799 -0.00092410056816493455 0.0016606687422608957 0.010037889877068145
leaf_weight=20638 32 21 22 25 21 24 20 25 25 36 38 37 61 43 23 22 113 23 41 34 29 234 30 62 34 21 23 211 31 21
leaf_count=20638 32 21 22 25 21 24 20 25 25 36 38 37 61 43 23 22 113 23 41 34 29 234 30 62 34 21 23 211 31 21
internal_value=2.3531e-06 -0.00235936 -0.00590065 1.04246e-05 -0.000483013 -0.00743177 -0.000212354 -0.000349614 0.00415918 -0.000523611 -0.000687994 -0.000184521 -0.00396384 -0.000407706 -0.00483303 -0.000176064 -0.000645837 -0.00130585 0.00230472 -0.00103339 0.00271789 -0.001487 -0.00278997 0.00408851 -0.00543957 -0.00724685 -0.00212603 -0.00154491 0.00177821 0.00504378
internal_weight=22020 75 43 21945 1307 49 1258 1238 46 1192 1156 1002 154 965 48 917 771 606 146 584 63 521 287 105 116 82 257 234 165 52
internal_count=22020 75 43 21945 1307 49 1258 1238 46 1192 1156 1002 154 965 48 917 771 606 146 584 63 521 287 105 116 82 257 234 165 52
is_linear=0
shrinkage=0.05


Tree=147
num_leaves=31
num_cat=0
split_feature=27 1 21 9 9 19 23 8 20 7 25 24 10 23 4 2 25 36 6 3 22 18 23 6 29 14 21 14 21 36
split_gain=0.151532 0.467275 0.134534 0.130289 0.148623 0.340988 0.340123 0.484502 0.477076 0.509407 0.561619 0.494701 0.494502 0.449477 0.442652 0.627259 0.419894 0.391761 0.354397 0.368547 0.325793 0.600295 0.386659 0.423496 0.439767 0.397929 0.473358 0.396956 0.335403 0.690397
threshold=0.78833333333333344 71.183681488037124 1.5016666666666669 844.37426757812511 165.83868408203128 0.10002395544892957 0.2128276482046976 129.12500000000003 0.44166666666666671 112.62500000000001 1.0350000000000004 -0.061666666666666661 0.45166666666666672 0.18498618136617992 39.012725830078132 1004.0462646484376 1.2750000000000001 1.0000000180025095e-35 330.12500000000006 62.625000000000007 0.55461805555555566 0.11875000000000005 0.29731999299081485 456.75000000000006 2.5000000000000004 0.42541666666666661 0.72166666666666679 -0.12791666666666665 0.4883333333333334 -0.56174490092936669
decision_type=2 2 2 2 2 2 2 2 2 2 2 2 2 2 2 2 2 2 2 2 2 2 2 2 2 2 2 2 2 2
left_child=2 -2 3 4 5 -1 7 13 9 10 -8 -10 14 -6 16 -16 20 -15 19 -18 22 -22 23 24 -11 26 28 -25 -24 -30
right_child=1 -3 -4 -5 6 -7 8 -9 11 12 -12 -13 -14 17 15 -17 18 -19 -20 -21 21 -23 25 27 -26 -27 -28 -29 29 -31
leaf_value=0.00011466476125507113 -0.0060331866736165612 0.0018663815969678884 0.0015953071748039554 -0.0018773998827584918 -0.004616544025978356 -0.00037977039721279166 0.00053593199361679411 0.0055977322930551091 -0.0048295806782540978 0.0030873525270220382 0.003045517546295365 -4.5510486806513838e-05 -0.0026630245351656921 -0.00099851923858233055 -0.00059016034938395032 0.0096401615574120969 -0.0020531658713619019 0.0046964189083877183 -0.0049706522902447942 0.0037891777072634018 0.0093168959823540509 0.00063764438872519692 3.7488314842537625e-05 -0.001253591890892257 -0.0034844378627767267 0.0059900037815858584 -0.0051070919560896625 -0.010118680798872707 -0.0014584510582536165 0.0030540210726058732
leaf_weight=8677 39 36 133 92 33 5830 964 69 97 46 290 122 169 58 31 29 118 63 72 35 27 76 4349 23 57 29 43 28 126 259
leaf_count=8677 39 36 133 92 33 5830 964 69 97 46 290 122 169 58 31 29 118 63 72 35 27 76 4349 23 57 29 43 28 126 259
internal_value=2.23544e-06 -0.00224139 9.90335e-06 2.36254e-07 8.18941e-06 -8.40363e-05 0.000193677 0.00211595 0.000132351 0.000206639 0.0011163 -0.00216448 -1.2426e-07 0.000555937 8.4025e-05 0.0043545 3.55703e-05 0.00196661 -0.00207795 -0.000716682 0.000129495 0.00291279 7.16972e-05 -0.00239448 -0.000549464 0.000150722 0.000115273 -0.0061207 0.000162709 0.00157721
internal_weight=22020 75 21945 21812 21720 14507 7213 223 6990 6771 1254 219 5517 154 5348 60 5288 121 225 153 5063 103 4960 154 103 4806 4777 51 4734 385
internal_count=22020 75 21945 21812 21720 14507 7213 223 6990 6771 1254 219 5517 154 5348 60 5288 121 225 153 5063 103 4960 154 103 4806 4777 51 4734 385
is_linear=0
shrinkage=0.05


Tree=148
num_leaves=31
num_cat=0
split_feature=0 25 6 22 23 1 2 20 27 17 15 0 5 19 7 3 24 34 21 22 5 8 8 1 19 0 10 17 27 5
split_gain=0.142858 0.243806 0.283535 0.283577 0.265831 0.563413 0.81153 0.540128 0.333519 0.313408 0.597809 0.477574 0.470475 0.391001 0.412731 0.502597 0.385551 0.556548 0.856604 0.519571 0.483785 0.788732 0.715115 0.457125 0.412979 0.409143 0.363831 0.36279 0.430512 0.334429
threshold=7.773750066757203 1.4083333333333334 187.12500000000003 0.74938368055555571 0.42038856265435648 59.116996765136726 1005.5466613769532 -0.91833333333333322 0.78833333333333344 -0.25499999999999995 0.12009833919629838 14.742499828338625 237.67493438720706 0.2702049119512106 222.12500000000003 56.625000000000007 -0.73333333333333328 -0.9159756150367534 0.67833333333333345 0.28164062500000003 264.28956604003912 185.62500000000003 135.12500000000003 65.338756561279311 0.18901584720600331 16.667500495910648 -0.044999999999999991 0.20166666666666672 0.036666666666666653 278.56686401367193
decision_type=2 2 2 2 2 2 2 2 2 2 2 2 2 2 2 2 2 2 2 2 2 2 2 2 2 2 2 2 2 2
left_child=-1 4 3 -3 5 6 -2 -7 -6 10 11 -9 -12 14 -13 -16 17 18 19 23 21 -19 -22 -11 -24 -21 -26 -25 -29 -18
right_child=1 2 -4 -5 8 7 -8 9 -10 16 12 13 -14 -15 15 -17 29 20 -20 25 22 -23 24 27 26 -27 -28 28 -30 -31
leaf_value=0.00023501321844494164 0.011589444291409262 -0.0020076541201377363 0.0056830091285519305 0.0014914126068625983 0.00010215787634279451 -0.0060161778697788368 0.00032882210410510506 -0.0059896510286147108 -0.0048591761740253252 -0.010011814419111168 0.0070742233289638537 -0.0027021342201624067 0.00095669291984064114 -0.00221925262651849 0.0014236690110044073 0.011881269942969085 -0.00033774332959738535 -0.0006373183044364564 -0.013150969613343479 -0.0016171469372908039 -0.0011219490639869569 0.003338533253297997 -0.010594039747614742 -0.00032742727404603595 -0.0081239053979516029 0.0060405169004717702 0.00061269593201219465 -0.010255592788949058 -0.00083306832186115737 0.00078990839915826859
leaf_weight=5069 24 73 32 280 9123 42 48 34 34 27 60 20 66 61 27 20 4245 1216 20 53 307 139 34 65 22 26 26 27 22 778
leaf_count=5069 24 73 32 280 9123 42 48 34 34 27 60 20 66 61 27 20 4245 1216 20 53 307 139 34 65 22 26 26 27 22 778
internal_value=2.12367e-06 -6.75192e-05 0.00117635 0.00076781 -9.64271e-05 -0.000319097 0.00408236 -0.000362289 8.37364e-05 -0.000329738 0.00128679 -0.000722227 0.0038698 0.000676933 0.00331376 0.00587371 -0.00039618 -0.00098632 -0.00324377 -0.00234312 -0.000675662 -0.000229463 -0.0022299 -0.00416192 -0.00637797 0.000903097 -0.00339158 -0.00277641 -0.00602507 -0.000163084
internal_weight=22020 16951 385 353 16566 7409 72 7337 9157 7295 288 162 126 128 67 47 7007 1984 240 220 1744 1355 389 141 82 79 48 114 49 5023
internal_count=22020 16951 385 353 16566 7409 72 7337 9157 7295 288 162 126 128 67 47 7007 1984 240 220 1744 1355 389 141 82 79 48 114 49 5023
is_linear=0
shrinkage=0.05


Tree=149
num_leaves=31
num_cat=0
split_feature=5 26 5 6 16 28 2 16 8 22 23 23 17 0 7 0 18 21 4 5 35 20 20 5 25 17 0 11 10 6
split_gain=0.129799 0.508567 0.133597 0.456991 0.498939 0.320643 0.300051 0.194624 0.180282 0.862657 1.02859 0.5186 0.48215 0.354911 0.805831 0.630341 0.556903 0.516948 0.433565 0.666786 0.405308 0.382356 0.379447 0.327899 0.317848 0.392929 0.315845 0.362645 0.315479 0.395022
threshold=351.73825073242193 -0.063333333333333339 331.16911315917974 322.12500000000006 -0.22166666666666662 12.500000000000002 1010.8997192382814 0.33833333333333343 229.62500000000003 0.54901909722222231 0.28525506159831165 0.35168312746854596 0.44833333333333336 15.023749828338625 176.12500000000003 15.905000209808351 0.29937500000000011 0.24500000000000005 11.203529357910158 237.67493438720706 0.87837969732492682 -0.48499999999999993 -0.25499999999999995 236.57257080078128 0.6083333333333335 0.075000000000000011 18.948750495910648 -0.021666666666666664 -0.45166666666666661 448.87500000000006
decision_type=2 2 2 2 2 2 2 2 2 2 2 2 2 2 2 2 2 2 2 2 2 2 2 2 2 2 2 2 2 2
left_child=2 -2 8 6 5 -5 -4 -8 -1 10 12 -12 -10 14 23 -15 18 -16 19 24 21 28 26 -13 -17 -26 27 -23 -20 -30
right_child=1 -3 3 4 -6 -7 7 -9 9 -11 11 13 -14 15 17 16 -18 -19 20 -21 -22 22 -24 -25 25 -27 -28 -29 29 -31
leaf_value=2.6848574251738024e-05 -0.0088762391661293804 -0.00034876789869361631 -0.0013456298559450424 -0.0023060945162017431 0.0098938333300443802 0.0050205046980408953 0.0037478127518690077 0.00056400151690273303 0.010130119580549725 -0.009431204337764669 -0.0032315381142483065 -0.0034001132572389473 0.00029166415333747864 -0.0048637904515714354 0.0014253482831091705 -0.0059123232145793739 0.007226131033773224 0.0091342466363553403 -0.00029027317842331878 0.0072287390762496564 -0.0054955910936732091 0.010239597503291757 -0.0036027660254727709 0.0020474969773513685 0.0035205877877094527 -0.0039387685022889999 -0.00078315527595502013 0.0015172490998255936 -0.00017621940915529249 -0.0052340687439721882
leaf_weight=19921 20 139 204 28 26 32 56 336 33 27 173 67 20 83 44 20 24 43 252 42 49 26 22 47 55 26 24 22 66 93
leaf_count=19921 20 139 204 28 26 32 56 336 33 27 173 67 20 83 44 20 24 43 252 42 49 26 22 47 55 26 24 22 66 93
internal_value=2.01749e-06 -0.00142141 1.23704e-05 0.000701171 0.00410843 0.00160143 0.000209519 0.00101883 -9.81019e-06 -0.000590318 -0.000396408 -0.000702976 0.00641749 -0.000267711 0.00161151 -0.000737515 -0.000262506 0.00523549 -0.000520365 0.00193416 -0.00115393 -0.000732664 0.00214417 -0.00115417 -0.000267546 0.00112623 0.00390018 0.00624185 -0.00139063 -0.00313458
internal_weight=22020 159 21861 682 86 60 596 392 21179 1258 1231 1178 53 1005 201 804 721 87 697 143 554 505 94 114 101 81 72 48 411 159
internal_count=22020 159 21861 682 86 60 596 392 21179 1258 1231 1178 53 1005 201 804 721 87 697 143 554 505 94 114 101 81 72 48 411 159
is_linear=0
shrinkage=0.05


Tree=150
num_leaves=31
num_cat=0
split_feature=33 7 17 2 1 29 8 1 5 5 16 18 18 10 7 23 27 1 19 15 23 33 0 18 8 5 23 0 3 27
split_gain=0.140567 0.355127 0.393254 0.484901 0.448243 0.522698 0.278778 0.512895 0.453165 0.273805 0.386476 0.304848 0.260035 0.272897 0.253988 0.244982 0.254837 0.263196 0.303055 0.24952 0.23917 0.235819 0.308597 0.515508 0.64486 0.474825 0.401257 0.518658 1.67844 0.501726
threshold=0.91597561503675362 1.0000000180025095e-35 0.56833333333333347 1006.6433105468751 77.38462066650392 1.5000000000000002 94.125000000000014 78.015468597412124 276.13940429687506 245.69785308837893 0.34833333333333338 0.29312500000000008 0.50114583333333351 0.47833333333333339 22.875000000000004 0.58614121099572636 -0.17666666666666656 77.097404479980483 0.073348325487494939 0.092733687146301716 0.46229801109072177 0.12940952255126045 20.892500877380375 0.2486458333333334 136.12500000000003 261.98667907714849 0.38464066337324526 19.673750877380375 63.125000000000007 -0.44833333333333325
decision_type=2 2 2 2 2 2 2 2 2 2 2 2 2 2 2 2 2 2 2 2 2 2 2 2 2 2 2 2 2 2
left_child=21 -2 3 4 -3 -6 7 -4 -8 10 11 -7 13 15 -9 16 -5 18 20 -19 -18 -1 26 25 -25 -24 27 -23 -29 -28
right_child=1 2 6 12 5 9 8 14 -10 -11 -12 -13 -14 -15 -16 -17 17 19 -20 -21 -22 22 23 24 -26 -27 29 28 -30 -31
leaf_value=9.6309192304851163e-05 0.0011236241739378207 -0.00174485641693144 0.0055628367807143012 0.0017262770228636264 -0.0026926356696224374 0.00031053579490010941 -4.3235245393589138e-05 -0.00088194211072069447 -0.010442349888299677 0.0084822526151264038 -0.00092747125514399493 0.0073576603108800528 0.0052709144455465404 -0.0050932538895202542 -0.0046462788409553464 -0.0046420033161070776 -0.0076437599544546438 0.00021056993767817975 -0.00057675903230486867 -0.004674364004663571 -0.00099079753007655109 -0.0006518419731775828 -0.0014967925374045718 -0.00081152151365781067 -0.011746903927996755 0.0035866082950423549 0.0038337686721680929 -0.0047658322922264542 0.013933754714768536 9.3175830242980825e-05
leaf_weight=11906 949 51 26 183 28 21 20 177 22 37 34 57 22 28 60 29 35 822 109 27 22 3240 394 28 26 52 92 24 24 3502
leaf_count=11906 949 51 26 183 28 21 20 177 22 37 34 57 22 28 60 29 35 822 109 27 22 3240 394 28 26 52 92 24 24 3502
internal_value=6.39495e-06 0.000340209 -7.05431e-05 0.000261236 0.00238524 0.00357527 -0.00170768 -0.0011036 -0.00549039 0.00475314 0.0035212 0.00546036 -0.000117992 -0.000212459 -0.00183494 -0.00010108 8.84264e-06 -0.000300803 -0.00212166 5.52187e-05 -0.00507595 -4.13546e-05 -0.000263384 -0.00146275 -0.00607671 -0.000904109 -0.000176247 -0.000575407 0.00458396 0.000188928
internal_weight=22047 2759 1810 1505 228 177 305 263 42 149 112 78 1277 1255 237 1227 1198 1015 166 849 57 19288 7382 500 54 446 6882 3288 48 3594
internal_count=22047 2759 1810 1505 228 177 305 263 42 149 112 78 1277 1255 237 1227 1198 1015 166 849 57 19288 7382 500 54 446 6882 3288 48 3594
is_linear=0
shrinkage=0.05


Tree=151
num_leaves=31
num_cat=0
split_feature=20 3 1 16 2 4 22 20 8 27 1 3 14 0 22 8 2 5 22 11 26 5 13 18 8 28 8 27 12 12
split_gain=0.132819 0.340432 0.303291 0.137768 0.237204 0.207073 0.187266 0.339766 0.315405 0.176096 0.151788 0.319216 0.21962 0.149457 0.272379 0.450171 0.430049 0.363246 0.346893 0.329498 0.312957 0.220621 0.340562 0.224815 0.277573 0.183914 0.182366 0.365189 0.484979 0.42395
threshold=-1.0983333333333332 34.125000000000007 63.46881294250489 -0.92499999999999993 1007.1967163085939 8.6305685043334979 -0.072222222222222202 -1.0483333333333331 193.37500000000003 0.090000000000000024 63.055349349975593 56.125000000000007 -0.78124999999999989 21.573750495910648 0.14692708333333337 156.62500000000003 1016.3409423828126 232.68560028076175 0.11267361111111114 -0.66833333333333322 -0.043333333333333106 198.71075439453128 -0.56166666666666665 0.17177083333333337 170.62500000000003 12.500000000000002 119.12500000000001 0.080000000000000043 -1.0000000180025095e-35 0.14166666666666669
decision_type=2 2 2 2 2 2 2 2 2 2 2 2 2 2 2 2 2 2 2 2 2 2 2 2 2 2 2 2 2 2
left_child=1 -1 -3 4 9 -6 -7 8 -8 -2 -9 12 -12 26 15 20 18 21 19 -17 -15 22 -16 24 -24 -20 -5 -28 -29 -30
right_child=3 2 -4 13 5 6 7 10 -10 -11 11 -13 -14 14 17 16 -18 -19 25 -21 -22 -23 23 -25 -26 -27 27 28 29 -31
leaf_value=-0.0014648742218524582 -0.0017384529642115992 0.0089008606605879646 0.0010874844747008781 6.9281055454359315e-05 -0.0030013698601846152 -0.0028037294767934576 0.0011672029987250159 -0.0011069039425860908 0.0087024625701208908 -0.0074175421458979448 0.0014638623553076509 -0.0021034219463924981 0.0073691183025948711 -0.0016370633482602577 -0.0061778020896017562 -0.0033581662069385254 0.0094035525603786765 -0.0055182633328415154 0.0094880783708677415 0.0022684738195190828 0.00096874058588720306 0.0037648804726139193 -0.00024398338143576191 -0.0026179102750242371 0.0065340771048795435 0.0030162044254172108 3.1875354346090822e-05 -0.00026943323914285642 -0.0044811217514404526 -0.0012869686954434408
leaf_weight=41 39 23 27 15840 68 55 41 222 21 21 74 54 20 155 25 33 23 37 21 123 449 31 44 41 23 23 2953 991 142 387
leaf_count=41 39 23 27 15840 68 55 41 222 21 21 74 54 20 155 25 33 23 37 21 123 449 31 44 41 23 23 2953 991 142 387
internal_value=6.0752e-06 0.00191233 0.00468164 -1.82556e-06 -0.000739624 -0.000416758 -5.58673e-05 0.000293976 0.00371947 -0.00372613 -0.000280025 0.000960293 0.0027203 1.94361e-05 0.000607618 0.00100886 0.00292873 -0.00104326 0.00218413 0.00107822 0.000300033 -3.36559e-05 -0.000919029 0.000298279 0.00208281 0.00610505 -1.03306e-05 -0.000292255 -0.000921963 -0.00214438
internal_weight=22047 91 50 21956 615 555 487 432 62 60 370 148 94 21341 1028 827 223 201 200 156 604 164 133 108 67 44 20313 4473 1520 529
internal_count=22047 91 50 21956 615 555 487 432 62 60 370 148 94 21341 1028 827 223 201 200 156 604 164 133 108 67 44 20313 4473 1520 529
is_linear=0
shrinkage=0.05


Tree=152
num_leaves=31
num_cat=0
split_feature=4 19 23 15 0 5 26 5 10 17 25 25 22 1 4 22 23 34 9 8 1 11 8 19 19 23 16 1 8 5
split_gain=0.131663 0.219138 0.50413 0.51839 0.355613 0.255321 0.229699 0.323851 0.373709 0.439598 0.401982 0.407026 0.404354 0.337463 0.280765 0.259396 0.251131 0.247375 0.41928 0.394527 0.29822 0.211731 0.204876 0.196679 0.19603 0.192152 0.325596 0.303143 0.178392 0.725501
threshold=19.120634078979496 0.40822898294872656 0.4771226827042479 0.19536291016133259 15.861249923706056 328.83950805664068 -0.13833333333333334 230.81469726562503 -0.2616666666666666 -0.23166666666666666 1.0583333333333336 0.70833333333333337 0.55461805555555566 79.506603240966811 33.782026290893562 0.088836805555555579 0.47425235031100194 -0.9159756150367534 373.29260253906256 236.87500000000003 74.470249176025405 0.59833333333333349 192.12500000000003 0.45994547929614904 0.26290960103254341 0.41583174535881184 0.021666666666666671 67.01602935791017 242.12500000000003 221.19389343261722
decision_type=2 2 2 2 2 2 2 2 2 2 2 2 2 2 2 2 2 2 2 2 2 2 2 2 2 2 2 2 2 2
left_child=-1 6 3 5 -5 25 7 14 9 16 11 -10 -12 -13 15 -2 -9 19 20 -17 -19 23 -22 -4 -20 26 -3 -27 -8 -30
right_child=1 2 21 4 -6 -7 28 8 10 -11 12 13 -14 -15 -16 17 -18 18 24 -21 22 -23 -24 -25 -26 27 -28 -29 29 -31
leaf_value=-9.3647777364399935e-05 0.0070565228471937387 -0.0060672260828141594 0.00069792772476023565 -0.0027601082719141438 -0.010533755003208561 -0.0065016927346005105 9.200559257409431e-05 0.0032106697554879176 -0.0015894645063851316 -0.0040102060170963457 -0.0067041250432587482 0.0077846532532324392 0.0013164170179516077 0.00043813743184066637 0.0081693295156583193 0.0064346826407709161 -0.0023659520554109338 0.007381726482084819 -0.0064480524111314918 -0.00048679576654519358 -0.0016345397344926689 -0.001160641952826982 0.0041082828827202324 0.0048676926656279398 8.299574838019908e-05 0.0064028320500669495 -0.00017765218458821024 -0.00078550448418933556 0.0052762375448808258 -0.0002144563300804156
leaf_weight=13265 23 32 71 31 28 20 7423 52 26 87 22 54 55 22 20 50 33 21 27 35 41 67 25 47 20 22 88 44 84 212
leaf_count=13265 23 32 71 31 28 20 7423 52 26 87 22 54 55 22 20 50 33 21 27 35 41 67 25 47 20 22 88 44 84 212
internal_value=5.77144e-06 0.000155942 -0.00091879 -0.00231708 -0.0064493 -0.00113358 0.000213987 0.00114558 0.000152669 -0.00151168 0.00175194 0.00381063 -0.000975166 0.00565803 0.00247577 0.00200523 0.00104563 0.00147473 0.000136341 0.00358466 0.00219204 0.00108417 0.000540772 0.00235877 -0.00366888 -0.000556368 -0.00174821 0.00161061 0.000140005 0.00134371
internal_weight=22047 8782 450 265 59 206 8332 613 351 172 179 102 77 76 262 242 85 219 134 85 87 185 66 118 47 186 120 66 7719 296
internal_count=22047 8782 450 265 59 206 8332 613 351 172 179 102 77 76 262 242 85 219 134 85 87 185 66 118 47 186 120 66 7719 296
is_linear=0
shrinkage=0.05


Tree=153
num_leaves=31
num_cat=0
split_feature=33 7 25 2 25 24 1 16 2 4 13 18 24 5 4 21 25 1 16 6 36 2 2 13 3 26 16 30 28 28
split_gain=0.126139 0.319094 0.40461 0.328995 0.478568 0.453059 0.415167 0.332134 0.293727 0.627809 0.514555 0.505428 0.403311 0.50194 0.34249 0.308603 0.298089 0.362897 0.27188 0.250963 0.342329 0.228988 0.223978 0.355622 0.438596 0.230006 0.225061 0.217616 0.272295 0.235789
threshold=0.91597561503675362 1.0000000180025095e-35 1.1283333333333336 1006.6433105468751 0.67166666666666675 -0.30999999999999994 89.197257995605483 0.36166666666666675 1010.0872192382814 15.945189476013185 0.081666666666666679 0.27031250000000001 -0.88833333333333331 279.73411560058599 21.795532226562504 0.35833333333333339 0.88166666666666671 76.956684112548842 0.28166666666666673 295.12500000000006 -0.56174490092936669 1008.746063232422 1012.724578857422 0.025000000000000005 64.875000000000014 -0.11166666666666668 0.37166666666666676 1.0000000180025095e-35 6.5000000000000009 5.5000000000000009
decision_type=2 2 2 2 2 2 2 2 2 2 2 2 2 2 2 2 2 2 2 2 2 2 2 2 2 2 2 2 2 2
left_child=-1 27 3 4 18 6 -6 -8 10 19 11 -5 -12 21 16 -16 17 -11 -3 22 -21 -14 23 -10 -25 -24 -26 28 -2 -29
right_child=1 2 -4 8 5 -7 7 -9 9 14 12 -13 13 -15 15 -17 -18 -19 -20 20 -22 -23 25 24 26 -27 -28 29 -30 -31
leaf_value=-3.9749821660584164e-05 0.0020487532888058438 0.0092088696180975867 -0.0026800370300154672 -0.0003042480729830762 -0.001657631768521118 0.0060615993245984566 0.0068646549277247924 -0.00079830063606585531 -0.0052166388192701908 -0.0015111539515028536 0.0018411932509514459 -0.0088015415384212429 -0.0067424597630147331 0.0044790272955738362 -0.0048292442478123122 0.0010105211833750061 0.0068070457060224361 0.0031563527938387875 0.0025555873070569599 0.0062995461384869281 -6.5993002229418178e-05 -0.0016933506562751026 0.0029661548712756488 -0.0011255410451188007 0.0094660912873223424 -0.0019717460901574669 0.0025214952258725784 -0.0019870536841417306 -0.00023967228875473707 0.0011876362746819681
leaf_weight=19288 542 28 137 30 147 33 31 26 21 54 105 42 43 21 30 92 39 182 34 27 97 47 25 55 20 416 28 107 171 129
leaf_count=19288 542 28 137 30 147 33 31 26 21 54 105 42 43 21 30 92 39 182 34 27 97 47 25 55 20 416 28 107 171 129
internal_value=5.48287e-06 0.000321702 -6.76548e-05 0.00014627 0.00164932 0.0006262 -0.000253056 0.00336927 -0.000180814 0.000195656 -0.00160042 -0.005261 -0.000380224 -0.00248156 0.00177939 -0.000425487 0.00275756 0.00208836 0.0055603 -0.000716889 0.00132005 -0.0041057 -0.00116393 0.000713464 0.00192251 -0.00169182 0.00541508 0.00106431 0.00149992 -0.000251736
internal_weight=22047 2759 1810 1673 299 237 204 57 1374 1086 288 72 216 111 397 122 275 236 62 689 124 90 565 124 103 441 48 949 713 236
internal_count=22047 2759 1810 1673 299 237 204 57 1374 1086 288 72 216 111 397 122 275 236 62 689 124 90 565 124 103 441 48 949 713 236
is_linear=0
shrinkage=0.05


Tree=154
num_leaves=31
num_cat=0
split_feature=26 8 29 1 8 7 17 15 4 2 19 29 5 13 16 25 12 22 25 4 8 4 28 10 27 20 8 25 4 8
split_gain=0.120262 0.260659 0.388924 0.677327 0.373945 0.408654 0.325481 0.451763 0.289695 0.283898 0.388098 0.301064 0.272076 0.27154 0.252984 0.242958 0.368846 0.439096 0.408087 0.338929 0.297776 0.385557 0.267649 0.361195 0.244511 0.236617 0.195378 0.445917 0.542948 0.311758
threshold=-0.13333333333333319 217.12500000000003 1.5000000000000002 83.136638641357436 169.12500000000003 132.12500000000003 0.22166666666666668 0.11680943537720684 27.19708347320557 1016.6692810058595 0.23593701039650564 1.0000000180025095e-35 234.430778503418 0.38166666666666677 -0.65833333333333321 0.83833333333333349 0.26166666666666671 0.22668402777777782 0.76500000000000012 18.532134056091312 248.12500000000003 16.747058868408207 12.500000000000002 -0.084999999999999978 -0.24166666666666667 -0.90833333333333321 306.12500000000006 0.77500000000000002 23.131214141845707 291.25000000000006
decision_type=2 2 2 2 2 2 2 2 2 2 2 2 2 2 2 2 2 2 2 2 2 2 2 2 2 2 2 2 2 2
left_child=1 2 3 9 25 12 7 -7 -9 10 11 -1 -6 -12 -11 16 17 20 -19 24 21 -3 23 -21 -17 -4 29 28 -28 -2
right_child=26 15 4 -5 5 6 -8 8 -10 14 13 -13 -14 -15 -16 19 -18 18 -20 22 -22 -23 -24 -25 -26 -27 27 -29 -30 -31
leaf_value=-0.0039665296964813022 -2.4733038557418091e-05 0.0013628148090313464 -0.0025863346288307631 -0.0069834944946263501 0.0031466752022074971 0.0091868585969607994 0.0088955237021270603 0.0035774317622605349 -0.0026278013839112612 0.0015918652230175212 0.0020371392568839445 0.0017594033803106869 -0.0040867359481545958 0.008489447891373526 -0.0054950816521287544 -0.0026195280995495894 -0.0050907059636866227 0.0013868208065809262 0.01054766658693552 -0.0022770886468883281 0.0015579482411946326 -0.0057622065117885904 -0.0044269625023007396 0.0067926264057556794 -0.0098131676368038399 0.0011510625988670076 -0.001850698417936913 -0.0065801908841004245 0.0070007139420513774 0.0027067309789847406
leaf_weight=44 20470 34 47 37 26 26 35 62 27 20 63 48 26 22 34 27 29 31 20 23 96 43 25 21 21 428 99 37 21 105
leaf_count=44 20470 34 47 37 26 26 35 62 27 20 63 48 26 22 34 27 29 31 20 23 96 43 25 21 21 428 99 37 21 105
internal_value=5.20873e-06 0.000468887 0.00090937 -0.00070281 0.00154757 0.00334956 0.00467368 0.00338877 0.00169495 0.000303187 0.00127137 -0.000979086 -0.00047003 0.00370715 -0.00287029 -0.000656129 0.000215171 0.000902092 0.00497931 -0.00254022 -0.000299862 -0.00261609 -0.00029568 0.00205164 -0.00576675 0.000781257 -2.42017e-05 -0.00178135 -0.000301701 -1.07936e-05
internal_weight=22047 1315 945 268 677 202 150 115 89 231 177 92 52 85 54 370 253 224 51 117 173 77 69 44 48 475 20732 157 120 20575
internal_count=22047 1315 945 268 677 202 150 115 89 231 177 92 52 85 54 370 253 224 51 117 173 77 69 44 48 475 20732 157 120 20575
is_linear=0
shrinkage=0.05


Tree=155
num_leaves=31
num_cat=0
split_feature=26 5 0 22 22 4 1 0 19 22 22 18 17 1 27 16 19 2 18 24 2 17 8 2 33 10 0 35 0 1
split_gain=0.132619 0.226753 0.224729 0.515575 0.229571 0.203465 0.269564 0.258127 0.346766 0.336724 0.389753 0.288177 0.485774 0.421395 0.367156 0.256851 0.330625 0.289767 0.268254 0.415483 0.254794 0.254584 0.242434 0.244172 0.363921 0.483872 0.300701 0.348465 0.309101 0.292887
threshold=-0.0033333333333333474 180.34644317626956 23.111250877380375 0.1530729166666667 0.096927083333333344 20.527701377868656 72.89530181884767 16.205000877380375 0.42243318011100905 0.23098958333333339 0.24206597222222223 0.059062499999999934 -0.4449999999999999 73.240921020507827 0.24500000000000002 -0.15499999999999997 0.19143065178370774 1005.1424560546876 0.59927083333333353 -0.078333333333333324 1010.8395385742189 0.20166666666666672 267.62500000000006 1013.3402099609376 0.25881904510252091 -0.084999999999999978 20.623750686645511 0.6078576107927941 19.948751449584964 72.020004272460952
decision_type=2 2 2 2 2 2 2 2 2 2 2 2 2 2 2 2 2 2 2 2 2 2 2 2 2 2 2 2 2 2
left_child=5 -2 -3 4 -4 6 -1 9 22 -7 -11 12 -12 -14 15 17 -17 -13 19 21 -15 -18 23 24 25 -9 27 28 -26 -28
right_child=1 2 3 -5 -6 7 -8 8 -10 10 11 14 13 20 -16 16 18 -19 -20 -21 -22 -23 -24 -25 26 -27 29 -29 -30 -31
leaf_value=-0.00096488199453024386 0.0004138942602636876 -2.18127450536837e-05 -0.0025709412805194603 -0.00962573693599552 0.0037087723824449563 0.0019511724967338122 -0.0001526649265428792 0.0043707805606986354 -0.005854266580013979 -0.0047697702045134535 -0.002105672175197729 -0.0057366111977516041 0.0057232553954236209 0.0031793302963846006 -0.0054828301168464389 -1.7098132084333537e-05 -0.003093149074861272 -0.0001193525508479697 0.00051149789338840337 0.0078224591369665166 -0.004225536047791442 0.0028372594670109524 0.0030995472784464562 -0.0020119233902324285 -0.0024748462750825897 -0.00090296908891231891 -0.0019380776586331195 0.004095209206111337 0.0041702459979292361 -0.0091398384797503254
leaf_weight=1288 3862 8506 43 20 22 306 4938 88 31 39 49 38 89 26 29 1576 22 58 230 37 21 102 45 227 105 86 48 38 21 20
leaf_count=1288 3862 8506 43 20 22 306 4938 88 31 39 49 38 89 26 29 1576 22 58 230 37 21 102 45 227 105 86 48 38 21 20
internal_value=-1.18439e-05 9.56756e-05 -4.73765e-05 -0.00260556 -0.0004455 -0.000151944 -0.000320692 0.000163463 -0.000682971 0.000392342 0.000186382 0.00027127 0.0021628 0.00370071 0.000103998 0.000182533 0.000305785 -0.00234285 0.00160723 0.00317256 -0.000129227 0.00178509 -0.000446525 -0.000698615 3.56727e-05 0.00176421 -0.00126073 -0.00010162 -0.00136733 -0.00405624
internal_weight=22010 12453 8591 85 65 9557 6226 3331 709 2622 2316 2277 185 136 2092 2063 1967 96 391 161 47 124 678 633 406 174 232 164 126 68
internal_count=22010 12453 8591 85 65 9557 6226 3331 709 2622 2316 2277 185 136 2092 2063 1967 96 391 161 47 124 678 633 406 174 232 164 126 68
is_linear=0
shrinkage=0.05


Tree=156
num_leaves=31
num_cat=0
split_feature=25 26 8 19 0 10 6 1 8 19 5 19 28 14 14 15 18 25 24 25 29 0 0 22 2 2 25 18 22 6
split_gain=0.12735 0.120773 0.178806 0.326455 0.267443 0.175306 0.540238 0.426589 0.403558 0.385779 0.344866 0.436651 0.472431 0.278889 0.325366 0.278572 0.340111 0.266726 0.52404 0.462435 0.460008 0.497448 0.436736 0.307261 0.331719 0.279182 0.273169 0.409993 0.270905 0.263565
threshold=1.5850000000000002 -0.0033333333333333474 306.12500000000006 0.29614056816164641 16.017500877380375 0.115 498.37500000000006 66.760818481445327 220.62500000000003 0.45994547929614904 232.68560028076175 0.31872590538635714 13.500000000000002 -0.71708333333333318 -0.65624999999999989 0.1423073742266048 -0.51510416666666659 0.84500000000000008 -0.83166666666666655 0.64166666666666672 4.5000000000000009 13.173749446868898 14.798749446868898 0.17741319444444448 1013.1168823242189 1016.9342651367189 0.62833333333333352 -0.23239583333333336 0.19879340277777782 489.87500000000006
decision_type=2 2 2 2 2 2 2 2 2 2 2 2 2 2 2 2 2 2 2 2 2 2 2 2 2 2 2 2 2 2
left_child=1 -1 5 4 -4 7 -7 9 -8 10 11 -3 -13 -9 -15 -12 -17 18 22 -20 -19 -22 -16 24 26 -21 -24 -28 -27 -29
right_child=-2 2 3 -5 -6 6 8 13 -10 -11 15 12 -14 14 17 16 -18 20 19 25 21 -23 23 -25 -26 28 27 29 -30 -31
leaf_value=-0.00015908339749621912 0.0010866369810579599 -2.984320661487736e-05 -0.0051094584264016404 -0.00771994998678565 0.001106866241823281 3.76732239015174e-05 -0.0017857847973070246 -0.00070483913700516542 -0.0099909488894892023 0.0066947448090650154 -0.00057004543588680629 0.008066572106798885 0.00022770093462895605 0.0051244559103398105 0.0066771087544801617 -0.00072980138322046564 -0.0057677971006287682 -0.0013123954012661597 -0.00010294931451990751 0.006351307555186478 0.0080354411004772124 -0.0019313381120030369 -0.00038885684037695127 -0.0038340473541757093 -0.0005092348104647112 -0.0017581386817619206 0.0081371576883471942 0.0047124259141755514 0.0057609548792243006 -0.0022203910613405663
leaf_weight=9431 261 541 24 20 62 9918 47 164 22 20 352 37 40 59 29 67 67 185 58 121 31 21 49 40 202 25 39 29 23 26
leaf_count=9431 261 541 24 20 62 9918 47 164 22 20 352 37 40 59 29 67 67 185 58 121 31 21 49 40 202 25 39 29 23 26
internal_value=-1.12517e-05 -2.4427e-05 7.86696e-05 -0.00196604 -0.000627922 9.64177e-05 7.00013e-06 0.000497772 -0.00440192 -0.000187433 -0.00031211 0.000471563 0.00399443 0.00119729 0.00153021 -0.00130863 -0.0032488 0.00128869 0.0018186 0.00374928 -0.000144526 0.0040104 0.000759986 0.000314281 0.000795246 0.00507134 0.00263794 0.00421574 0.00184476 0.00143509
internal_weight=22010 21749 12318 106 86 12212 9987 2225 69 1124 1104 618 77 1101 937 486 134 878 641 227 237 52 414 385 345 169 143 94 48 55
internal_count=22010 21749 12318 106 86 12212 9987 2225 69 1124 1104 618 77 1101 937 486 134 878 641 227 237 52 414 385 345 169 143 94 48 55
is_linear=0
shrinkage=0.05


Tree=157
num_leaves=31
num_cat=0
split_feature=33 8 28 29 8 8 31 4 5 4 4 1 22 15 14 23 23 0 1 5 21 27 1 22 3 17 9 2 25 28
split_gain=0.123572 0.379694 0.331659 0.361164 0.273303 0.450677 0.666964 0.652821 0.529652 0.442592 0.478876 0.729415 0.548007 0.426826 0.411253 0.344827 0.344625 0.337766 0.702004 0.406128 0.359351 0.31278 0.509407 0.375415 0.380532 0.357467 0.356642 0.328742 0.53253 0.325648
threshold=0.12940952255126045 1.8750000000000002 3.5000000000000004 4.5000000000000009 6.8750000000000009 217.12500000000003 1.0000000180025095e-35 10.293246746063234 237.67493438720706 26.089751243591312 19.120634078979496 76.466815948486342 0.27269097222222233 0.23418691990296758 -0.43374999999999991 0.42971950527368524 0.38133534339464253 15.086249828338625 64.760784149169936 224.77542114257815 0.41166666666666668 0.038333333333333337 67.713756561279311 0.4777777777777778 37.125000000000007 -0.28166666666666662 33.315525054931648 1010.002410888672 0.66833333333333345 14.500000000000002
decision_type=2 2 2 2 2 2 2 2 2 2 2 2 2 2 2 2 2 2 2 2 2 2 2 2 2 2 2 2 2 2
left_child=4 2 -2 -4 -1 21 7 8 -7 10 11 12 -9 16 -12 -14 -11 -16 -19 20 -20 22 25 -24 -25 27 -26 28 -6 -27
right_child=1 -3 3 -5 5 6 -8 9 -10 13 14 -13 15 -15 17 -17 -18 18 19 -21 -22 -23 23 24 26 29 -28 -29 -30 -31
leaf_value=-0.00015774494875082283 -7.0544731650755315e-05 -0.00038679861201406128 0.0014282062511792445 -0.00045723404657571452 0.0096328291884371243 0.0011934309264567372 -0.0067277521360665565 -0.0014981813786148247 0.0098556513451039801 0.0008349640743940004 0.0045738589350612915 0.0043875309018640901 -0.011375934425741434 -0.0079666319989452252 0.0028046228616288534 -0.0025676395464688541 -0.005198173005156583 -0.009393072628628707 0.0083296711916442633 -0.0029197853228770726 -0.00060874233427255051 0.00020844020733108007 0.00078498847178392586 -0.0015055701604848896 0.0015015950154099586 -0.0040267908344976599 0.0040296032625935412 -0.00024233556679405835 0.00086100839074671029 0.00018261094125645127
leaf_weight=5544 2737 6119 919 351 24 60 44 268 25 56 71 46 25 38 71 20 41 23 22 46 23 3497 809 56 268 100 291 269 62 85
leaf_count=5544 2737 6119 919 351 24 60 44 268 25 56 71 46 25 38 71 20 41 23 22 46 23 3497 809 56 268 100 291 269 62 85
internal_value=-1.06892e-05 -0.000139035 0.000239319 0.000907112 9.86706e-05 0.000322893 -0.000727858 -0.000411696 0.00374114 -0.000882351 -0.000313275 -0.00149147 -0.00235548 -0.00347481 0.00133896 -0.00746114 -0.00171512 9.74547e-05 -0.00158859 0.000383973 0.00376115 0.000492021 0.00099695 0.00149283 0.00242395 -0.000310694 0.00281761 0.000617978 0.00330896 -0.00209274
internal_weight=22010 10126 4007 1270 11884 6340 879 835 85 750 615 359 313 135 256 45 97 185 114 91 45 5461 1964 1424 615 540 559 355 86 185
internal_count=22010 10126 4007 1270 11884 6340 879 835 85 750 615 359 313 135 256 45 97 185 114 91 45 5461 1964 1424 615 540 559 355 86 185
is_linear=0
shrinkage=0.05


Tree=158
num_leaves=31
num_cat=0
split_feature=25 27 1 0 1 29 4 4 23 18 23 13 2 13 4 21 25 6 14 8 0 10 15 6 18 4 9 6 0 1
split_gain=0.115191 0.117934 0.173344 0.182387 0.106611 0.257271 0.344875 0.298736 0.331235 0.247418 0.398962 0.597356 0.413069 0.816384 0.345696 0.334184 0.329298 0.431207 0.318133 0.271796 0.313007 0.254502 0.223928 0.493968 0.264539 0.234465 0.22294 0.215544 0.221208 0.435256
threshold=1.5850000000000002 0.23833333333333337 64.760784149169936 -2.0199999809265132 62.23808670043946 4.5000000000000009 33.782026290893562 7.5685930252075204 0.59640554338662721 -0.47510416666666649 0.5289044717548288 -0.084999999999999978 1010.4376220703126 -0.45166666666666661 27.920125961303714 -0.18166666666666662 0.67833333333333345 625.37500000000011 -0.53124999999999989 189.12500000000003 16.098750114440922 -0.80166666666666664 0.20526292513757638 648.12500000000011 -0.18947916666666662 23.131214141845707 829.71063232421886 730.87500000000011 22.423750877380375 68.780181884765639
decision_type=2 2 2 2 2 2 2 2 2 2 2 2 2 2 2 2 2 2 2 2 2 2 2 2 2 2 2 2 2 2
left_child=4 2 3 -2 5 7 -7 -1 22 10 11 12 13 -6 -13 -11 18 -18 -14 20 -12 -17 -9 24 25 -24 27 28 -23 -30
right_child=1 -3 -4 -5 9 6 -8 8 -10 15 19 14 16 -15 -16 21 17 -19 -20 -21 -22 26 23 -25 -26 -27 -28 -29 29 -31
leaf_value=-0.0058245773002272476 -0.0051272531768873988 0.0042293371464788487 0.0014845274984749603 0.00051400729081299351 0.010702362298880788 0.00017646259126121724 0.0061955439019948247 -0.00064640677308625525 0.0042435375376953747 -0.0058070110864937305 0.0030859928227275507 0.00030552848437610385 0.0019924952696990408 -0.00021903356560609873 -0.0066418467783660165 -0.0020949439103280544 0.0074402905123021742 0.00062866556968185165 -0.0034817331179510802 -0.0035667422832104199 -0.00064723669347015449 -2.5581097259890067e-05 -0.0083004084622694384 0.0039858050271868711 0.00029954368132166569 -0.0019021074731080307 0.0048094545811181895 -0.0030047212574087706 -0.0014783732089769059 0.0024946441917784151
leaf_weight=30 23 26 174 38 44 495 25 800 32 25 72 171 101 28 20 147 52 42 36 57 255 18801 45 20 20 21 24 60 99 227
leaf_count=30 23 26 174 38 44 495 25 800 32 25 72 171 101 28 20 147 52 42 36 57 255 18801 45 20 20 21 24 60 99 227
internal_value=-1.01547e-05 0.00103401 0.000680482 -0.00161303 -2.26852e-05 -0.000431174 0.000465842 -0.000913043 -0.000755957 7.31487e-06 0.000828269 0.00176797 0.00314841 0.00645515 -0.000421945 -2.98722e-05 0.00211774 0.0043968 0.000554012 -0.00038062 0.000174759 -2.24113e-05 -0.00093254 -0.00309203 -0.00473804 -0.00626459 -6.55256e-06 -1.25767e-05 -3.19051e-06 0.00128811
internal_weight=22010 261 235 61 21749 1488 520 968 938 20261 878 494 303 72 191 19383 231 94 137 384 327 19358 906 106 86 66 19211 19187 19127 326
internal_count=22010 261 235 61 21749 1488 520 968 938 20261 878 494 303 72 191 19383 231 94 137 384 327 19358 906 106 86 66 19211 19187 19127 326
is_linear=0
shrinkage=0.05


Tree=159
num_leaves=31
num_cat=0
split_feature=33 0 23 29 14 8 9 8 27 13 3 9 29 0 9 28 0 2 4 27 27 8 8 31 4 5 4 4 15 14
split_gain=0.110329 0.344622 0.512706 0.928517 0.637443 0.451073 0.404999 0.342481 0.328936 0.441575 0.979545 0.825483 0.369121 0.358227 0.364431 0.350465 0.31365 0.276171 0.335095 0.266021 0.26417 0.247747 0.397688 0.591289 0.58033 0.458866 0.395821 0.43053 0.38613 0.358927
threshold=0.12940952255126045 20.892500877380375 0.53888718659277324 3.5000000000000004 0.21916666666666665 202.62500000000003 829.71063232421886 130.12500000000003 0.15666666666666682 -0.058333333333333327 76.625000000000014 537.24295043945324 5.5000000000000009 15.623749732971193 408.84626770019537 10.500000000000002 22.823750495910648 1015.644012451172 18.787814140319828 0.28750000000000014 0.31333333333333346 6.8750000000000009 217.12500000000003 1.0000000180025095e-35 10.293246746063234 237.67493438720706 26.089751243591312 19.120634078979496 0.23418691990296758 -0.43374999999999991
decision_type=2 2 2 2 2 2 2 2 2 2 2 2 2 2 2 2 2 2 2 2 2 2 2 2 2 2 2 2 2 2
left_child=21 6 4 17 5 7 8 -3 -2 10 11 -10 15 19 -15 20 -7 18 -4 -12 -11 -1 -23 24 25 -24 27 -26 -28 -29
right_child=1 2 3 -5 -6 16 -8 -9 9 12 13 -13 -14 14 -16 -17 -18 -19 -20 -21 -22 22 23 -25 26 -27 28 29 -30 -31
leaf_value=-0.00015044590757626916 -2.0319528096769182e-05 -0.0013976145814719402 0.0017863884359142002 0.0078568392530238892 -0.010280414266977461 -0.00062349571145161806 0.0064258864809138075 -0.005385456337910338 0.013174387635219664 -0.001516672233004629 -0.0024954383944471681 0.0011688898824569252 0.0022018907717429102 -0.0025921576881109804 -0.010761717166751623 -0.008653885067906231 0.0064324072739552892 -0.0038517807103094779 -0.0041778526794646054 0.0049490895546841791 -0.007150496542453766 0.00046604317311117787 0.0011619272816460579 -0.0063291482278145855 -0.0014049188154139933 0.0092245614472776655 -0.0016039109745629365 0.0043009389325087679 -0.0075499258578546648 0.00011899425686597416
leaf_weight=5544 9205 121 98 36 25 63 24 97 21 81 30 45 25 43 20 36 21 56 31 20 28 5461 60 44 359 25 97 71 38 185
leaf_count=5544 9205 121 98 36 25 63 24 97 21 81 30 45 25 43 20 36 21 56 31 20 28 5461 60 44 359 25 97 71 38 185
internal_value=-9.64697e-06 -0.000130921 -0.00135039 0.000509951 -0.00260768 -0.00197252 -6.11498e-05 -0.00317202 -7.74455e-05 -0.00158416 0.000149071 0.00498882 -0.00340916 -0.00267769 -0.00518567 -0.00437658 0.00114048 -0.000919714 0.000353121 0.000482373 -0.00296389 9.36869e-05 0.000307168 -0.00067988 -0.000382194 0.00353329 -0.000825949 -0.000287781 -0.0032776 0.00127883
internal_weight=22010 10126 548 221 327 302 9578 218 9554 349 179 66 170 113 63 145 84 185 129 50 109 11884 6340 879 835 85 750 615 135 256
internal_count=22010 10126 548 221 327 302 9578 218 9554 349 179 66 170 113 63 145 84 185 129 50 109 11884 6340 879 835 85 750 615 135 256
is_linear=0
shrinkage=0.05


Tree=160
num_leaves=31
num_cat=0
split_feature=33 7 25 24 24 1 26 24 23 22 12 3 22 1 8 22 13 5 5 8 29 28 28 1 24 35 23 17 16 19
split_gain=0.134457 0.312622 0.43877 0.328217 0.647177 0.343761 0.310823 0.235159 0.418712 0.344719 0.381226 0.378074 0.329713 0.32644 0.310384 0.268103 0.294229 0.313809 0.231776 0.252934 0.227961 0.237057 0.228907 0.224439 0.22103 0.213006 0.201376 0.198856 0.198158 0.19493
threshold=0.91597561503675362 1.0000000180025095e-35 1.1350000000000002 -0.33833333333333332 -0.064999999999999988 71.687606811523452 -0.14499999999999993 -0.88833333333333331 0.54861587906188625 0.10961805555555558 0.40166666666666673 35.125000000000007 0.14942708333333338 77.692104339599624 110.12500000000001 0.22852430555555556 0.22166666666666668 288.43713378906256 212.11222839355472 100.12500000000001 4.5000000000000009 5.5000000000000009 6.5000000000000009 82.022079467773452 -1.0016666666666665 -0.8783796973249266 0.22701597924802969 0.30166666666666675 0.33833333333333343 0.11199121039574207
decision_type=2 2 2 2 2 2 2 2 2 2 2 2 2 2 2 2 2 2 2 2 2 2 2 2 2 2 2 2 2 2
left_child=-1 20 3 5 23 27 -7 8 9 10 18 -11 13 -9 -13 -14 -17 -18 -8 -20 22 -22 -2 -5 -10 -6 -27 -3 -25 -4
right_child=1 2 29 4 25 6 7 12 24 11 -12 14 15 -15 -16 16 17 -19 19 -21 21 -23 -24 28 -26 26 -28 -29 -30 -31
leaf_value=-4.8551397501150569e-05 0.0019890955245875645 -0.0010942067567521008 -0.0017594086983812416 0.0075921165311466088 -0.0051170704498266183 0.0034743313828557104 -4.5739226641534159e-06 -0.0088826270985671082 -9.9440828517770338e-05 -0.0018037477880716323 -0.0059236222708767116 0.0031527318210573872 0.001133397657227201 -0.0019002153937305725 0.009194158845477635 -0.0060340811390452824 -0.0013562133597285234 0.003914951334445505 0.0016027389285227401 0.0076606291983764441 -0.0018558296382252593 0.00122596565594834 -0.00012315431188702762 0.0060664506175089634 -0.0032484779666959382 0.0039534790481886139 -0.0029066039226017895 -0.0063823124306509275 -0.00088768502298210345 -0.0062597277865279466
leaf_weight=19309 553 40 97 46 24 65 251 22 155 30 22 100 195 70 27 29 240 32 96 21 120 130 167 20 87 23 20 32 21 32
leaf_count=19309 553 40 97 46 24 65 251 22 155 30 22 100 195 70 27 29 240 32 96 21 120 130 167 20 87 23 20 32 21 32
internal_value=-1.83966e-06 0.00032413 -6.63396e-05 0.000150936 0.00235009 -7.27554e-05 9.55968e-05 -6.38932e-05 0.000500178 0.00126631 0.000469919 0.00324461 -0.000820785 -0.00356992 0.00443713 -0.000310864 -0.00124652 -0.000736076 0.000852142 0.00269005 0.0010475 -0.000253296 0.00149917 0.00519454 -0.00123153 -0.00134346 0.000762743 -0.00344448 0.00250458 -0.00287577
internal_weight=22076 2767 1797 1668 154 1514 1442 1377 789 547 390 157 588 92 127 496 301 272 368 117 970 250 720 87 242 67 43 72 41 129
internal_count=22076 2767 1797 1668 154 1514 1442 1377 789 547 390 157 588 92 127 496 301 272 368 117 970 250 720 87 242 67 43 72 41 129
is_linear=0
shrinkage=0.05


Tree=161
num_leaves=31
num_cat=0
split_feature=33 7 17 21 2 23 35 10 9 0 10 1 9 19 21 1 13 25 4 25 8 22 3 30 34 34 10 36 4 33
split_gain=0.121347 0.282141 0.408423 0.320853 0.301255 0.36103 0.390691 0.307422 0.274678 0.251546 0.367092 0.241493 0.241054 0.240759 0.237286 0.213194 0.304844 0.233264 0.294602 0.2774 0.293839 0.218277 0.206487 0.205735 0.213944 0.206589 0.19983 0.198046 0.228178 0.17624
threshold=0.91597561503675362 1.0000000180025095e-35 0.56833333333333347 0.57833333333333348 1007.6497192382814 0.25129541085887092 -1.0000000180025095e-35 0.17166666666666672 265.86854553222662 16.323750495910648 -0.16166666666666665 89.676445007324233 71.064826965332045 0.11636021253215346 0.47166666666666673 77.097404479980483 0.40833333333333338 0.81166666666666687 14.618194580078127 0.72833333333333339 88.125000000000014 0.15769097222222225 51.625000000000007 1.0000000180025095e-35 0.25881904510252057 1.0000000180025095e-35 0.24166666666666672 1.0000000180025095e-35 16.20933818817139 0.12940952255126045
decision_type=2 2 2 2 2 2 2 2 2 2 2 2 2 2 2 2 2 2 2 2 2 2 2 2 2 2 2 2 2 2
left_child=29 23 3 4 5 -3 12 9 13 10 -6 14 -7 27 26 16 22 18 19 20 -17 -21 -9 25 -25 -2 -8 -4 -29 -1
right_child=1 2 8 -5 7 6 11 15 -10 -11 -12 -13 -14 -15 -16 17 -18 -19 -20 21 -22 -23 -24 24 -26 -27 -28 28 -30 -31
leaf_value=7.2247833064950507e-05 -0.00011699658612550579 0.0081685631629079582 -0.0018078666839032285 0.0055758321391684677 0.007411385032957277 0.00087889868176012722 -0.0019225764834845905 -0.0020016257584627188 -0.0056065025017596783 -0.00038163755105690675 0.0011769425614505051 0.0033095140484734799 0.0052533775235133369 -0.0053664840323229632 0.0015454607630341218 -0.0012350466218203526 0.0015026313751669868 -0.002782735129687353 0.0013224664063501434 -0.0017445312583558486 -0.0066155369618329509 0.0049019011901691558 -0.0086122988968984123 0.0011646673919928547 -0.0017630381642569169 0.0018896407562670734 -0.0080436972877942024 -0.0011926537756759596 0.0037922113513394091 -0.00023889270533280495
leaf_weight=11963 167 20 137 28 26 62 40 21 40 271 257 26 64 30 29 203 21 100 203 21 29 30 27 130 120 553 20 48 44 7346
leaf_count=11963 167 20 137 28 26 62 40 21 40 271 257 26 64 30 29 203 21 100 203 21 29 30 27 130 120 553 20 48 44 7346
internal_value=-1.74767e-06 0.000307923 -6.30227e-05 0.000273745 0.000172753 0.00171329 0.00117758 -0.000159818 -0.00175024 0.000707124 0.00174972 -0.000929663 0.00310086 -0.00115468 -0.00216807 -0.000893079 -0.0035219 -0.000583543 -0.000131034 -0.00117365 -0.00190761 0.00216513 -0.00572013 0.000995129 -0.000240631 0.00142421 -0.00396295 -0.000602916 0.00119141 -4.61238e-05
internal_weight=22076 2767 1797 1498 1470 261 241 1209 299 554 283 115 126 259 89 655 69 586 486 283 232 51 48 970 250 720 60 229 92 19309
internal_count=22076 2767 1797 1498 1470 261 241 1209 299 554 283 115 126 259 89 655 69 586 486 283 232 51 48 970 250 720 60 229 92 19309
is_linear=0
shrinkage=0.05


Tree=162
num_leaves=31
num_cat=0
split_feature=9 0 1 20 4 1 18 27 16 4 19 9 21 21 19 10 28 18 0 33 22 9 5 36 11 13 0 14 26 36
split_gain=0.120789 0.119549 0.274683 0.411703 0.38822 0.337434 0.298212 0.374589 0.367753 0.248142 0.294788 0.328227 0.233342 0.231897 0.212003 0.205388 0.198488 0.255239 0.191271 0.396923 0.646193 0.464637 0.316096 0.279909 0.518413 0.224431 0.207259 0.186394 0.175366 0.170286
threshold=844.37426757812511 21.573750495910648 68.41214752197267 -0.7749999999999998 28.411464691162113 63.80040359497071 0.23218750000000002 -0.11333333333333326 -0.74833333333333318 27.920125961303714 0.24090012321469353 675.71496582031261 0.3116666666666667 0.25166666666666676 0.30564768811189141 -0.36499999999999994 10.500000000000002 -0.38979166666666659 20.336251258850101 1.0000000180025095e-35 0.062890625000000019 706.14764404296886 290.85719299316412 -0.56174490092936669 0.28166666666666673 -0.82499999999999984 20.773751258850101 -0.3033333333333334 0.11333333333333338 -0.56174490092936669
decision_type=2 2 2 2 2 2 2 2 2 2 2 2 2 2 2 2 2 2 2 2 2 2 2 2 2 2 2 2 2 2
left_child=1 18 3 4 13 -5 8 -8 14 10 11 15 -12 16 -4 -10 -3 29 -1 25 22 23 28 -22 -25 -20 -23 -7 -21 -18
right_child=-2 2 6 5 -6 27 7 -9 9 -11 12 -13 -14 -15 -16 -17 17 -19 19 20 21 26 -24 24 -26 -27 -28 -29 -30 -31
leaf_value=6.496928508057484e-06 -0.0018296558951098833 -0.0036677401396445933 0.0010246077611883904 0.00017979609988758277 -0.0054771356336358523 -0.0023356058712427816 -0.0063130432896566797 0.00072898873127153331 0.011230276620481164 0.0079912558756768705 -0.0005115942990566207 0.00046050268089553966 0.0025957341195388408 0.0051795511842808797 -0.0041585643153452759 0.0047712106283825054 -0.0014727009130090628 0.0054836017549790162 -0.0045570834357615405 -8.7766908929014288e-05 -0.0030965472685368567 0.0036618405498633037 0.0057991006500309429 -0.0051786211561053418 -0.014650965946493672 0.00052306877118676095 -0.003370902491733432 -0.0073562369001784218 -0.0049831106948355838 0.00083439266357313979
leaf_weight=19905 90 28 47 58 27 36 26 69 20 20 96 27 163 27 34 32 98 26 23 142 56 22 21 52 20 397 20 38 21 435
leaf_count=19905 90 28 47 58 27 36 26 69 20 20 96 27 163 27 34 32 98 26 23 142 56 22 21 52 20 397 20 38 21 435
internal_value=-1.66029e-06 5.82264e-06 0.000469586 -0.000132875 0.000390762 -0.00267569 0.00134169 -0.0011983 0.00189134 0.00257971 0.0022595 0.00493314 0.00144398 0.000648796 -0.00115104 0.00725547 0.000440397 0.000646171 -2.34892e-05 -0.000794643 -0.00202796 -0.00425042 2.53961e-05 -0.00574777 -0.00780983 0.00024487 0.000312915 -0.00491377 -0.000718455 0.000410199
internal_weight=22076 21986 1307 773 641 132 534 95 439 358 338 79 259 614 81 52 587 559 20679 774 354 170 184 128 72 420 42 74 163 533
internal_count=22076 21986 1307 773 641 132 534 95 439 358 338 79 259 614 81 52 587 559 20679 774 354 170 184 128 72 420 42 74 163 533
is_linear=0
shrinkage=0.05


Tree=163
num_leaves=31
num_cat=0
split_feature=19 30 9 10 17 34 2 1 3 0 9 4 1 5 1 25 22 0 3 22 13 1 7 4 23 7 1 7 33 23
split_gain=0.1209 0.229363 0.224049 0.235664 0.204982 0.203582 0.189829 0.294939 0.260566 0.257289 0.242974 0.183059 0.182781 0.161311 0.158106 0.153476 0.232191 0.207936 0.219699 0.215322 0.197546 0.14843 0.140553 0.137244 0.136302 0.171701 0.144811 0.125697 0.125072 0.363732
threshold=0.050882717334831025 1.0000000180025095e-35 1.7863818407058718 0.18166666666666667 0.34166666666666673 0.37940952255126048 1014.8961181640626 77.692104339599624 36.875000000000007 19.267500877380375 132.17461395263675 22.148045539855961 92.854003906250014 232.11289978027347 84.076049804687514 0.56166666666666687 0.16953993055555558 16.973750114440922 59.625000000000007 0.06592013888888891 0.2116666666666667 90.106040954589858 4.6250000000000009 11.11440420150757 0.34276591011419005 45.625000000000007 90.013999938964858 21.375000000000004 0.12940952255126045 0.17932220552192576
decision_type=2 2 2 2 2 2 2 2 2 2 2 2 2 2 2 2 2 2 2 2 2 2 2 2 2 2 2 2 2 2
left_child=1 2 5 -4 -3 -1 7 11 -9 10 12 -5 13 14 -10 16 17 20 19 -19 -2 -15 -14 -16 27 26 -26 -6 -17 -30
right_child=15 4 3 6 24 -7 -8 8 9 -11 -12 -13 22 21 23 28 -18 18 -20 -21 -22 -23 -24 -25 25 -27 -28 -29 29 -31
leaf_value=0.0017224044831251344 0.0037745753177607965 -0.0017561438243883015 0.0044619266942250903 -0.00024649058041783671 -0.00048076416558068166 0.0005104308882300728 -0.001432774493366526 -0.0015527029160170281 0.0038658559577362168 -0.0034893874581903221 0.0051324519111126989 -0.0057253280454578129 0.0013008864398932818 -0.0040790595361613674 0.003253122200700231 6.144689823039571e-05 -0.0062574206025932319 0.0014979971248019293 -0.0058926910991431219 -0.0048106905250322254 -0.00089737024732130524 0.0013307837032092117 0.006072103951511712 -0.001026788664245005 -0.00019575199790619017 0.0048826081811317382 0.0015030577103773667 -0.0038845688008285802 -0.0033694741623023425 -0.00016920352203728437
leaf_weight=446 35 205 26 30 419 1553 273 99 42 25 46 31 33 32 26 11117 22 38 32 21 64 21 29 67 443 21 175 29 90 6586
leaf_count=446 35 205 26 30 419 1553 273 99 42 25 46 31 33 32 26 11117 22 38 32 21 64 21 29 67 443 21 175 29 90 6586
internal_value=-1.57727e-06 0.000244499 0.000500397 -0.000218317 -0.000305921 0.000780836 -0.000379705 0.000217983 0.000689832 0.00138146 0.00179284 -0.00303082 0.00117836 0.000401962 0.00131965 -5.7216e-05 -0.00139458 -0.000831517 -0.00255678 -0.000747468 0.000754328 -0.00193554 0.00353258 0.000169746 -3.24204e-05 0.000436388 0.000285303 -0.0007011 -4.12815e-05 -0.000212347
internal_weight=22076 4071 2779 780 1292 1999 754 481 420 321 296 61 250 188 135 18005 212 190 91 59 99 53 62 93 1087 639 618 448 17793 6676
internal_count=22076 4071 2779 780 1292 1999 754 481 420 321 296 61 250 188 135 18005 212 190 91 59 99 53 62 93 1087 639 618 448 17793 6676
is_linear=0
shrinkage=0.05


Tree=164
num_leaves=31
num_cat=0
split_feature=19 29 18 23 14 25 22 0 3 10 13 18 16 12 5 2 15 0 21 5 5 14 11 22 19 2 25 27 5 23
split_gain=0.109112 0.25735 0.221627 0.204508 0.220959 0.138512 0.209552 0.187662 0.199343 0.197877 0.178285 0.136349 0.439803 0.371946 0.447519 0.367655 0.322124 0.601131 0.283041 0.280589 0.689581 0.547072 0.460907 0.507223 0.439133 0.445909 0.426026 0.375451 0.358458 0.543856
threshold=0.050882717334831025 5.5000000000000009 0.34927083333333347 0.19875369142192098 0.72875000000000034 0.56166666666666687 0.16953993055555558 16.973750114440922 65.875000000000014 -0.30166666666666664 0.2116666666666667 0.23218750000000002 -0.47499999999999992 0.038333333333333337 315.64042663574224 1000.7339172363282 0.12574960401033361 21.123750686645511 0.63833333333333353 226.5433044433594 147.08274841308597 -0.054166666666666766 0.58166666666666678 0.60793402777777794 0.27509291351429782 1025.8725585937502 1.2750000000000001 0.56500000000000017 322.43710327148443 0.4106819725311735
decision_type=2 2 2 2 2 2 2 2 2 2 2 2 2 2 2 2 2 2 2 2 2 2 2 2 2 2 2 2 2 2
left_child=1 3 -3 -1 -5 6 7 10 9 -9 -2 19 -13 14 15 -14 -15 -18 -17 20 21 24 23 26 25 -7 27 -22 29 -21
right_child=5 2 -4 4 -6 11 -8 8 -10 -11 -12 12 13 16 -16 18 17 -19 -20 28 22 -23 -24 -25 -26 -27 -28 -29 -30 -31
leaf_value=-0.0012015609812806361 0.0035858465701208587 -0.0027601576911870833 -0.00027061237233633943 0.00037569479083738363 0.0019227425126737219 -0.00018816729771280587 -0.0059445494235577908 0.0031184302243803231 -0.0058506775711630954 -0.0028500188502664794 -0.00085250170665460709 -0.0075479692895896733 -0.0076129308529198168 -0.00016619937038200481 -0.0086906357146799562 0.0030432733482817506 0.0011051090762792743 -0.0076755959307774901 -0.0022164376360117731 -0.0015003488937629392 0.0018460722793463065 0.0011010935640546162 -0.0020028507280957096 0.0072606291989079468 -0.001909067814563107 0.0073673982475884262 -0.004319584360646625 -0.0022217524839409936 0.0016932120231459799 7.8569858989581125e-05
leaf_weight=188 35 108 519 3006 250 827 22 21 29 41 64 20 20 10683 25 41 767 20 68 757 1039 627 93 39 475 20 31 60 230 1951
leaf_count=188 35 108 519 3006 250 827 22 21 29 41 64 20 20 10683 25 41 767 20 68 757 1039 627 93 39 475 20 31 60 230 1951
internal_value=-1.49841e-06 0.000232274 -0.000699434 0.000401896 0.000494479 -5.43552e-05 -0.00132485 -0.000789941 -0.00242894 -0.000828447 0.000716611 -3.92174e-05 -0.0001398 -0.000127053 -0.00256797 -0.00138141 -9.42808e-05 0.000881965 -0.000238014 0.000151249 0.000474328 -0.000115284 0.00138491 0.00165442 -0.000692189 -9.75961e-06 0.00146094 0.00162399 -0.00020185 -0.000362804
internal_weight=22076 4071 627 3444 3256 18005 212 190 91 62 99 17793 11644 11624 154 129 11470 787 109 6149 3211 1949 1262 1169 1322 847 1130 1099 2938 2708
internal_count=22076 4071 627 3444 3256 18005 212 190 91 62 99 17793 11644 11624 154 129 11470 787 109 6149 3211 1949 1262 1169 1322 847 1130 1099 2938 2708
is_linear=0
shrinkage=0.05


Tree=165
num_leaves=31
num_cat=0
split_feature=8 12 10 0 10 7 3 13 6 20 17 3 10 23 2 1 24 3 6 2 23 24 14 0 35 0 6 3 4 9
split_gain=0.121494 0.436263 0.288315 0.23274 0.120969 0.64278 0.341157 0.338753 0.291414 0.28933 0.369932 0.380184 0.354906 0.255024 0.47814 0.417938 0.385848 0.422924 0.338499 0.656572 0.398006 0.509114 0.627853 0.632767 0.45671 0.77811 0.567241 0.440233 0.374333 0.360008
threshold=328.62500000000006 -0.098333333333333342 -0.30166666666666664 17.667500495910648 0.16166666666666671 222.12500000000003 29.875000000000004 0.22166666666666668 432.75000000000006 -0.78583333333333327 0.24166666666666672 86.625000000000014 0.35166666666666674 0.4914517635173456 1025.8725585937502 56.356004714965827 -1.0449999999999997 60.125000000000007 586.62500000000011 1004.6378479003907 0.42038856265435648 -0.80166666666666664 -0.49041666666666672 19.598750114440922 0.6078576107927941 15.905000209808351 506.12500000000006 98.375000000000014 27.920125961303714 438.15585327148443
decision_type=2 2 2 2 2 2 2 2 2 2 2 2 2 2 2 2 2 2 2 2 2 2 2 2 2 2 2 2 2 2
left_child=4 2 3 -2 13 8 -7 9 -6 -8 -11 12 -12 16 -15 -16 17 -1 20 -20 21 -18 23 -23 26 -26 -24 -27 -21 -28
right_child=1 -3 -4 -5 5 6 7 -9 -10 10 11 -13 -14 14 15 -17 18 -19 19 28 -22 22 24 -25 25 27 29 -29 -30 -31
leaf_value=4.8524129968614152e-06 0.0018906489054123605 0.0033868188123960864 -0.0074070541257970045 -0.0045561102734479521 -1.1076675602461996e-05 -0.0079442906641849758 0.0011025195096240001 0.00068695130482267002 -0.0059048958167078952 -0.0095021417043332397 0.0051564071199391038 -0.0067614064771024628 -0.0041502491338178517 -0.00029416265392804604 -0.00079758002136189217 0.0074293387802562829 -0.0016970476704627415 0.0070826683233937496 0.0050873302949630489 -0.00048843815066450073 0.0015533207022005572 0.0019161365951436598 0.00029340248901963518 0.012954720929265024 0.00081080649319558481 0.01164867795746902 -0.0089317633921746162 0.0028590442363305817 -0.0041646590044435395 -0.0020148906819246661
leaf_weight=39 28 32 30 28 16194 27 27 76 21 29 20 34 21 2305 26 38 283 46 49 617 882 37 668 20 232 29 25 28 78 76
leaf_count=39 28 32 30 28 16194 27 27 76 21 29 20 34 21 2305 26 38 283 46 49 617 882 37 668 20 232 29 25 28 78 76
internal_value=2.90532e-06 -0.00159717 -0.00345168 -0.00133273 1.15161e-05 -5.62572e-05 -0.0026581 -0.0019686 -1.87097e-05 -0.00350923 -0.00470651 -0.0028522 0.000389583 0.000215022 -0.000175799 0.00408715 0.00051282 0.0038352 0.000419433 -0.000506627 0.000721621 0.0001969 0.000677606 0.00578932 0.000402211 0.00209679 -0.000234633 0.00733096 -0.000901021 -0.00372699
internal_weight=22045 118 86 56 21927 16449 234 207 16215 131 104 75 41 5478 2369 64 3109 85 3024 744 2280 1398 1115 57 1058 289 769 57 695 101
internal_count=22045 118 86 56 21927 16449 234 207 16215 131 104 75 41 5478 2369 64 3109 85 3024 744 2280 1398 1115 57 1058 289 769 57 695 101
is_linear=0
shrinkage=0.05


Tree=166
num_leaves=31
num_cat=0
split_feature=12 22 10 4 3 24 23 26 23 21 20 8 17 21 4 25 4 19 22 36 19 24 10 29 26 15 8 12 28 6
split_gain=0.115339 0.315166 0.140873 0.183704 0.153065 0.174293 0.171844 0.130656 0.27701 0.248995 0.243796 0.243666 0.242574 0.38866 0.440697 0.321084 0.512037 0.317517 0.408568 0.37921 0.334347 0.409591 0.252208 0.244807 0.242138 0.239365 0.28682 0.227866 0.341146 0.227058
threshold=-1.0149999999999999 0.047951388888888911 -0.94833333333333314 10.293246746063234 89.875000000000014 -1.0316666666666665 0.51861507894575309 -0.14499999999999993 0.24472681113831724 0.71166666666666678 0.011666666666666669 328.62500000000006 -0.28166666666666662 0.16500000000000001 9.4185757637023944 0.78500000000000003 10.457205295562746 0.25323152189119252 0.23373263888888893 -0.56174490092936669 0.2675855693851113 -0.91166666666666651 -0.058333333333333327 4.5000000000000009 -0.19666666666666668 0.23418691990296758 229.62500000000003 -0.16166666666666665 11.500000000000002 719.37500000000011
decision_type=2 2 2 2 2 2 2 2 2 2 2 2 2 2 2 2 2 2 2 2 2 2 2 2 2 2 2 2 2 2
left_child=1 -1 3 -2 5 6 -5 8 -4 10 12 -9 15 23 -15 16 -10 18 19 -16 -19 -22 24 -14 -23 26 -20 28 -13 -18
right_child=2 -3 7 4 -6 -7 -8 11 9 -11 -12 27 13 14 17 -17 29 20 25 -21 21 22 -24 -25 -26 -27 -28 -29 -30 -31
leaf_value=4.7982682934327224e-06 -0.0044131546684902309 0.0066956748511681034 0.0030867731526011567 -0.0064616245420082751 0.0030407923065358775 0.00044491151278461559 -0.0013665059295293513 -8.8736069389090226e-06 0.0079570725604536981 -0.0020921858831901442 0.002890930431279074 0.00012044729290729656 -0.0038442215169494859 -0.0039047836091035525 0.0051149316096431299 0.0060773967211512295 -0.0017631850998441223 0.0072961845059863074 -0.0028485817397729709 -0.00033043798707101655 -0.0022053886872698677 0.0058008300475393465 -0.00023193547372208083 0.0013854180142014482 1.1603687501822909e-05 -0.0061007880787656184 0.0033651387959253046 0.0016777926246109216 -0.0071133491266757642 0.0037370331356517761
leaf_weight=66 38 24 97 23 25 84 59 20507 21 99 99 28 98 53 49 37 86 29 65 92 53 73 43 29 24 32 26 23 39 24
leaf_count=66 38 24 97 23 25 84 59 20507 21 99 99 28 98 53 49 37 86 29 65 92 53 73 43 29 24 32 26 23 39 24
internal_value=2.76006e-06 0.00178903 -4.5624e-06 -0.0012382 -0.000606538 -0.00115584 -0.00279562 8.44064e-06 0.000532162 0.000292049 0.000545038 -2.02665e-05 0.000266569 -0.00016171 0.000424597 0.00196439 0.000802698 0.000896732 -0.00027522 0.00156192 0.0022904 0.00153824 0.00295547 -0.00265005 0.00436844 -0.00238121 -0.00107323 -0.00261621 -0.00409027 -0.000563137
internal_weight=22045 90 21955 229 191 166 82 21726 1129 1032 933 20597 834 666 539 168 131 486 264 141 222 193 140 127 97 123 91 90 67 110
internal_count=22045 90 21955 229 191 166 82 21726 1129 1032 933 20597 834 666 539 168 131 486 264 141 222 193 140 127 97 123 91 90 67 110
is_linear=0
shrinkage=0.05


Tree=167
num_leaves=31
num_cat=0
split_feature=27 2 5 4 26 2 9 8 27 13 19 13 2 23 23 25 13 8 20 16 10 2 5 22 13 8 18 8 13 28
split_gain=0.110681 0.349787 0.264402 0.124408 0.227335 0.271539 0.446601 0.264484 0.333649 0.323564 0.336021 0.300139 0.22108 0.240345 0.308417 0.302676 0.188182 0.376567 0.347783 0.380182 0.360653 0.291546 0.277655 0.269981 0.265379 0.252584 0.447584 0.264364 0.378389 0.25475
threshold=0.78833333333333344 1013.1765441894532 235.52608489990237 21.575987815856937 -0.13833333333333334 1016.5372924804689 265.86854553222662 220.62500000000003 -0.21666666666666656 0.058333333333333341 0.25525613488599236 -0.2616666666666666 1002.3757934570314 0.40908910693977729 0.31363196446990077 0.83166666666666678 -0.071666666666666656 235.12500000000003 0.028333333333333339 0.37833333333333335 0.50166666666666682 998.00286865234386 229.56762695312503 0.4316145833333333 -0.2283333333333333 213.12500000000003 0.27031250000000001 166.62500000000003 0.25166666666666676 12.500000000000002
decision_type=2 2 2 2 2 2 2 2 2 2 2 2 2 2 2 2 2 2 2 2 2 2 2 2 2 2 2 2 2 2
left_child=3 2 -2 -1 5 7 -7 8 12 10 -10 -9 -5 14 -14 -16 18 21 20 24 -6 -18 -21 -19 -20 27 -27 -23 -29 -30
right_child=1 -3 -4 4 16 6 -8 11 9 -11 -12 -13 13 -15 15 -17 17 23 19 22 -22 25 -24 -25 -26 26 -28 28 29 -31
leaf_value=-6.8276458647515862e-05 -0.0025845540423567095 -0.0068924815248465167 0.0047304952766613236 0.0040602712245475106 0.00039464945729115612 0.0050304169761061319 -0.0033260791479095596 0.0021897009002383463 0.0043948135679847634 0.0021913601720536299 0.012239478364354 -0.0030579615272236646 0.0020379022648558021 0.0025308592776840957 -0.00059531117197669423 -0.0087146499098955908 0.00110959328524621 -0.0014763568580460024 0.0027006512651533577 0.0028659562318352986 -0.006101003770758822 -6.8512115153341016e-05 -0.0023380693909712136 -0.0085405314784674415 0.00753345790799358 0.0059089501353175658 -0.0031447972659952939 0.00078133954756105177 -0.0056763776608378348 -0.0010419740179014089
leaf_weight=15432 30 24 21 42 745 21 67 55 43 88 20 54 30 51 24 22 553 38 98 48 22 4139 55 21 40 43 20 78 69 52
leaf_count=15432 30 24 21 42 745 21 67 55 43 88 20 54 30 51 24 22 553 38 98 48 22 4139 55 21 40 43 20 78 69 52
internal_value=2.62205e-06 -0.00191488 0.000427525 9.16791e-06 0.000191964 0.00119813 -0.00133192 0.00171712 0.00244168 0.00414971 0.00688518 -0.000410058 0.000915577 -0.000124401 -0.00190622 -0.00447847 0.000105568 -1.97763e-05 0.000728935 0.00238579 0.000208333 2.7516e-05 8.71076e-05 -0.00399072 0.00410146 -0.000108451 0.00303474 -0.000154099 -0.00193421 -0.00368473
internal_weight=22045 75 51 21970 6538 517 88 429 320 151 63 109 169 127 76 46 6021 5013 1008 241 767 4954 103 59 138 4401 63 4338 199 121
internal_count=22045 75 51 21970 6538 517 88 429 320 151 63 109 169 127 76 46 6021 5013 1008 241 767 4954 103 59 138 4401 63 4338 199 121
is_linear=0
shrinkage=0.05


Tree=168
num_leaves=31
num_cat=0
split_feature=12 22 10 4 15 21 22 2 26 13 16 25 18 1 8 19 4 27 8 19 13 0 0 8 18 14 22 28 2 8
split_gain=0.104583 0.285294 0.127414 0.165262 0.122699 0.118689 0.165088 0.144341 0.114125 0.214423 0.099754 0.0957919 0.265216 0.113382 0.107654 0.484908 0.356056 0.302138 0.168046 0.155731 0.121961 0.430478 0.492794 0.420178 0.410162 0.281559 0.267299 0.148015 0.126928 0.113728
threshold=-1.0149999999999999 0.047951388888888911 -0.94833333333333314 10.293246746063234 0.043290577197332286 0.061666666666666675 0.088836805555555579 1020.6126708984376 -0.48499999999999993 -0.058333333333333327 -1.0149999999999999 0.54666666666666675 -0.038437499999999951 74.78845596313478 306.12500000000006 0.2930326344304291 23.131214141845707 -0.19333333333333325 302.12500000000006 0.16924826984045091 -0.92499999999999993 18.098750114440922 21.573750495910648 175.62500000000003 -0.29385416666666658 -0.63208333333333322 0.096927083333333344 11.500000000000002 1016.5372924804689 121.12500000000001
decision_type=2 2 2 2 2 2 2 2 2 2 2 2 2 2 2 2 2 2 2 2 2 2 2 2 2 2 2 2 2 2
left_child=1 4 3 -2 -1 6 7 -5 9 -4 -10 12 13 -12 18 16 17 -16 20 -19 21 24 25 28 -13 -23 -25 -26 -24 -22
right_child=2 -3 8 5 -6 -7 -8 -9 10 -11 11 14 -14 -15 15 -17 -18 19 -20 -21 29 22 23 26 27 -27 -28 -29 -30 -31
leaf_value=-0.0021499838934466949 -0.0041890831419119706 0.006371772817025583 -0.00081023997893290862 8.6207609448550094e-05 0.0021617198308266587 -0.0040331393371822993 0.0040197559859647992 -0.0037510632251900053 0.0032923712759562167 0.0046490594543315269 -0.0019338745198657981 0.010083878666839817 -0.0061006456468021501 0.0032136282727879013 0.0026512697333087908 -0.0066902131688865753 0.0053206000718861246 -0.0054150797775946559 0.0035795807697330466 -0.0011540721607609437 5.7724434165591179e-05 -0.0005968576930172276 0.00087111290450426473 0.0099493788927793522 0.0049876564758874128 -0.007398996592081826 0.0017747449129819869 -0.00060929976515816881 -0.0037004888946698469 -0.00022235886803886231
leaf_weight=33 38 24 35 117 33 22 21 31 23 37 23 22 24 20 39 33 26 32 33 65 16445 32 49 20 21 29 20 27 22 4649
leaf_count=33 38 24 35 117 33 22 21 31 23 37 23 22 24 20 39 33 26 32 33 65 16445 32 49 20 21 29 20 27 22 4649
internal_value=2.49095e-06 0.00170344 -4.48175e-06 -0.00117771 5.86797e-06 -0.000578591 -0.000128886 -0.000717545 7.88452e-06 0.00199523 1.27655e-06 -2.22284e-06 -0.00188988 0.000460313 3.64218e-06 -0.00116584 -4.05069e-05 -0.00106542 1.43141e-05 -0.00255977 8.79982e-06 0.00112488 -0.000220431 0.00176357 0.0044305 -0.00383066 0.00586206 0.00183937 -0.00054544 -4.00436e-06
internal_weight=22045 90 21955 229 66 191 169 148 21726 72 21654 21631 67 43 21564 195 162 136 21369 97 21336 242 172 111 70 61 40 48 71 21094
internal_count=22045 90 21955 229 66 191 169 148 21726 72 21654 21631 67 43 21564 195 162 136 21369 97 21336 242 172 111 70 61 40 48 71 21094
is_linear=0
shrinkage=0.05


Tree=169
num_leaves=31
num_cat=0
split_feature=27 2 5 4 3 8 13 2 11 24 8 26 13 13 26 21 25 25 18 33 8 8 2 2 3 36 4 5 23 2
split_gain=0.0985904 0.316193 0.237872 0.109964 0.226686 0.347476 0.344345 0.452701 0.449478 0.708992 0.422588 0.456307 0.41623 0.294427 0.29253 0.291978 0.2917 0.466217 0.329923 0.290993 0.401224 0.44206 0.396069 0.364294 0.288261 0.265731 0.433965 0.294835 0.378533 0.469853
threshold=0.78833333333333344 1013.1765441894532 235.52608489990237 21.575987815856937 43.125000000000007 154.12500000000003 -0.044999999999999991 996.86035156250011 0.57833333333333348 -0.46833333333333327 235.12500000000003 -0.1583333333333333 -0.49499999999999994 -0.82499999999999984 -0.30166666666666658 0.71833333333333338 0.92000000000000004 0.83166666666666678 -0.05385416666666671 0.37940952255126054 217.12500000000003 168.12500000000003 1010.7695312500001 1008.1315002441407 99.375000000000014 -0.56174490092936669 23.879622459411625 177.4257507324219 0.34565303197525959 1008.1315002441407
decision_type=2 2 2 2 2 2 2 2 2 2 2 2 2 2 2 2 2 2 2 2 2 2 2 2 2 2 2 2 2 2
left_child=3 2 -2 -1 5 -5 7 -6 12 -10 11 -8 16 -7 -14 25 17 19 -18 20 21 -9 -22 -21 -24 26 -16 -27 -29 -30
right_child=1 -3 -4 4 6 13 10 8 9 -11 -12 -13 14 -15 15 -17 18 -19 -20 23 22 -23 24 -25 -26 27 -28 28 29 -31
leaf_value=-6.4265647453766729e-05 -0.002437264908415576 -0.0065399203114793643 0.0045010872528932636 -8.2474454385462006e-05 -0.0039473915748048302 0.0020766366482712329 0.0029102266946962729 0.00066159463062751716 -0.0085861332947388298 0.0018994348817566215 -0.0036876913833162996 0.00010177143194614287 -0.0021665742293138198 -0.0033494734366928849 0.0050773848916319175 0.008442398756742478 -0.0067026698720399989 0.0066345859950940533 0.0010436769121692383 0.0026471408699909526 -0.0036113496869802477 0.0070051349786259586 0.0066316555209872926 -0.0039736367447028263 -5.2515293268866285e-05 -0.0013254360528662801 -0.00088140144125445862 0.0012507568121616745 0.010893456453454242 0.0042659960988133284
leaf_weight=15432 30 24 21 1149 41 30 150 57 28 38 71 4041 27 150 46 25 27 35 28 31 55 53 23 63 54 24 91 61 36 104
leaf_count=15432 30 24 21 1149 41 30 150 57 28 38 71 4041 27 150 46 25 27 35 28 31 55 53 23 63 54 24 91 61 36 104
internal_value=2.3664e-06 -0.00180738 0.000419704 8.5444e-06 0.000180402 -0.000402472 0.000329114 0.00119154 0.00142409 -0.00254899 0.000137486 0.000202289 0.00173627 -0.00244512 0.00286529 0.00321635 0.000639049 0.00114281 -0.00275908 0.000570754 0.00148781 0.00371803 -0.000370697 -0.00179019 0.00194406 0.00285543 0.00111936 0.00391251 0.00453793 0.0059702
internal_weight=22045 75 51 21970 6538 1329 5209 947 906 66 4262 4191 840 180 414 387 426 371 55 336 242 110 132 94 77 362 137 225 201 140
internal_count=22045 75 51 21970 6538 1329 5209 947 906 66 4262 4191 840 180 414 387 426 371 55 336 242 110 132 94 77 362 137 225 201 140
is_linear=0
shrinkage=0.05


Tree=170
num_leaves=31
num_cat=0
split_feature=0 13 18 2 4 18 12 10 7 18 2 23 1 25 3 13 2 22 22 29 20 0 5 4 4 27 2 2 24 19
split_gain=0.127551 0.25036 0.389856 0.237068 0.248306 0.215988 0.29175 0.203525 0.541811 0.41758 0.402817 0.478936 0.388464 0.394009 0.368214 0.364747 0.270892 0.516424 0.56017 0.494514 0.528266 0.450652 0.437662 0.56032 0.486209 0.573648 0.54647 0.424234 0.986461 0.644476
threshold=7.773750066757203 -0.28499999999999998 0.3553125000000002 1028.3296508789065 23.605529785156254 0.11875000000000005 -0.17833333333333332 0.2116666666666667 199.62500000000003 0.41635416666666686 1003.3361816406251 0.48305704491585616 71.373065948486342 1.0583333333333336 87.125000000000014 0.071666666666666684 1019.6901855468751 0.15769097222222225 0.13473958333333336 3.5000000000000004 -0.82499999999999984 13.673749446868898 232.11289978027347 33.782026290893562 9.7440023422241229 -0.23666666666666658 1007.7436828613282 1014.8961181640626 -0.27499999999999997 0.37754540293379674
decision_type=2 2 2 2 2 2 2 2 2 2 2 2 2 2 2 2 2 2 2 2 2 2 2 2 2 2 2 2 2 2
left_child=1 2 -1 7 -5 6 -3 9 -9 16 -10 15 -11 -14 -15 -12 22 18 -18 21 -21 -19 23 27 25 -24 -27 28 -2 -29
right_child=3 5 -4 4 -6 -7 -8 8 10 12 11 -13 13 14 -16 -17 17 19 -20 20 -22 -23 24 -25 -26 26 -28 29 -30 -31
leaf_value=0.00085489578018693832 0.00038735484660545167 -0.0014693646313389765 -0.0086901350518292023 -0.00089589349488705292 -0.0052284216684311997 0.00019467432892178254 0.0038826485257796497 -0.00012428812358936486 0.0017945734061149143 0.009186566894111986 -0.0072856471102961621 0.0018011733170543963 0.0055084169502011863 -0.0056502374703995889 0.0030202261880040173 -0.0024152398918522522 -0.00093404531837984754 -0.002342082167949493 -0.0059293497113450883 0.0086513376866395649 0.00057002835341596184 0.0026014247108293973 -0.0044293222129635976 0.005566814313426911 -0.00050575822743844799 0.011019616565582428 0.0023233355975036721 0.0014109256385179138 -0.0079662082483991977 0.0099356871948617972
leaf_weight=23 1930 36 20 171 41 4869 87 10951 43 22 74 34 39 24 25 80 592 107 62 39 42 81 25 58 1803 22 101 615 36 23
leaf_count=23 1930 36 20 171 41 4869 87 10951 43 22 74 34 39 24 25 80 592 107 62 39 42 81 25 58 1803 22 101 615 36 23
internal_value=-6.8791e-06 0.000214225 -0.00358465 -7.22112e-05 -0.00173379 0.000246948 0.00231621 -5.12786e-05 -0.000174837 0.000193431 -0.00257121 -0.00356977 0.00324393 0.00175828 -0.00122653 -0.00475557 0.000132818 -0.000649099 -0.00140761 0.001195 0.00446103 -0.000212167 0.000289269 0.000706208 -0.000279614 0.00247537 0.00387877 0.000597946 0.00023439 0.00171824
internal_weight=22075 5035 43 17040 212 4992 123 16828 11182 5646 231 188 110 88 49 154 5536 923 654 269 81 188 4613 2662 1951 148 123 2604 1966 638
internal_count=22075 5035 43 17040 212 4992 123 16828 11182 5646 231 188 110 88 49 154 5536 923 654 269 81 188 4613 2662 1951 148 123 2604 1966 638
is_linear=0
shrinkage=0.05


Tree=171
num_leaves=31
num_cat=0
split_feature=1 15 26 0 34 9 17 12 3 23 0 23 16 24 0 29 7 2 8 0 4 9 28 5 0 5 21 27 5 35
split_gain=0.120209 0.22442 0.128252 0.358363 0.213973 0.126992 0.124865 0.269268 0.116781 0.116326 0.114422 0.26591 0.401772 0.686433 0.622355 0.685512 0.544056 0.417094 0.415068 0.378146 0.439194 0.362783 0.566112 0.665911 0.327249 0.367855 0.318507 0.30191 0.325852 0.406753
threshold=53.608547210693366 0.086082432500452805 -0.48499999999999993 12.211249828338625 -0.9159756150367534 651.55245971679699 -0.95833333333333315 -1.0149999999999999 69.625000000000014 0.56591884242188273 7.773750066757203 0.4187224780014821 -0.58499999999999985 -0.84166666666666656 16.017500877380375 1.0000000180025095e-35 301.75000000000006 1016.838592529297 107.12500000000001 16.973750114440922 13.009510993957521 14.90488910675049 11.500000000000002 210.19400024414065 20.336251258850101 237.67493438720706 0.091666666666666688 0.1333333333333335 288.43713378906256 0.6078576107927941
decision_type=2 2 2 2 2 2 2 2 2 2 2 2 2 2 2 2 2 2 2 2 2 2 2 2 2 2 2 2 2 2
left_child=1 -1 3 -2 -5 8 -4 -8 -3 -7 -9 12 13 24 16 17 -15 -16 -14 -17 -21 22 23 -20 25 -12 -22 28 29 -23
right_child=2 5 6 4 -6 9 7 10 -10 -11 11 -13 18 14 15 19 -18 -19 21 20 26 27 -24 -25 -26 -27 -28 -29 -30 -31
leaf_value=2.9217291809064117e-05 0.0066750324796885259 -0.0076709671714343137 -0.0020941917012235753 -0.0034565200235832623 0.0033668958302587276 0.0016607121120960939 0.0042678388730761274 0.00020907584636450569 -0.0028005400163237937 -0.0035419055916876955 0.0022775010833477913 0.00012107503045578671 -0.00013444639629591338 0.003897138329175038 0.014929039021953942 0.0073901381314499309 -0.0036171772975533731 0.0050561909604331726 -0.0022410844174633633 0.0063746975036337973 -0.0037205822657930053 -0.0013438727747269261 -0.0014457105805790477 -0.013591062420891831 -0.0065948898731280244 -0.0052870116606354711 0.0021246590085663938 -0.0018385483184395893 0.0015187773106863833 0.00071692981215060831
leaf_weight=168 27 20 71 27 20 21 37 4979 32 22 45 8957 5309 39 20 32 63 23 28 32 41 758 154 24 31 25 54 470 196 350
leaf_count=168 27 20 71 27 20 21 37 4979 32 22 45 8957 5309 39 20 32 63 23 28 32 41 758 154 24 31 25 54 470 196 350
internal_value=-6.53515e-06 -0.00106911 6.2769e-06 0.00208429 -0.000552939 -0.00301141 -7.9704e-07 6.06275e-06 -0.00467378 -0.00100109 -1.22739e-06 -6.41125e-05 -0.000279699 0.00125312 0.00243961 0.00404721 -0.000744057 0.00964821 -0.000364867 0.00253247 0.00130849 -0.000982698 -0.00296881 -0.00747954 -0.00231811 -0.000424111 -0.000398024 -0.000752067 -0.000360468 -0.000692897
internal_weight=22075 263 21812 74 47 95 21738 21667 52 43 21630 16651 7694 405 304 202 102 43 7289 159 127 1980 206 52 101 70 95 1774 1304 1108
internal_count=22075 263 21812 74 47 95 21738 21667 52 43 21630 16651 7694 405 304 202 102 43 7289 159 127 1980 206 52 101 70 95 1774 1304 1108
is_linear=0
shrinkage=0.05


Tree=172
num_leaves=31
num_cat=0
split_feature=27 1 23 8 18 1 15 10 7 13 2 4 23 18 6 8 16 17 0 19 19 8 0 0 19 5 5 4 33 21
split_gain=0.121464 0.353283 0.110865 0.231328 0.142665 0.11304 0.202539 0.116495 0.487746 0.429122 0.340818 0.339106 0.496626 0.304008 0.279176 0.303599 0.598489 0.494912 0.63863 0.414172 0.404607 0.451685 0.403551 0.312478 0.274721 0.258682 0.626399 0.410378 0.398997 0.444069
threshold=0.78833333333333344 71.527667999267592 0.17932220552192576 204.37500000000003 0.37385416666666677 53.608547210693366 0.086082432500452805 0.2116666666666667 199.62500000000003 -0.60166666666666657 986.63543701171886 25.191341400146488 0.48305704491585616 0.085000000000000089 365.37500000000006 163.12500000000003 0.18500000000000003 0.58166666666666678 18.323750495910648 0.15479002968555425 0.20075032740769072 186.87500000000003 10.473749637603762 9.8737497329711932 0.22224100539447847 115.31142425537111 231.50811004638675 15.87347459793091 -0.5 0.63833333333333353
decision_type=2 2 2 2 2 2 2 2 2 2 2 2 2 2 2 2 2 2 2 2 2 2 2 2 2 2 2 2 2 2
left_child=2 -2 3 4 -1 6 -4 10 14 -10 -7 12 -11 -13 15 -9 20 18 -18 23 21 -17 -22 -19 -16 -12 27 28 -27 -30
right_child=1 -3 5 -5 -6 7 -8 8 9 11 25 13 -14 -15 24 16 17 19 -20 -21 22 -23 -24 -25 -26 26 -28 -29 29 -31
leaf_value=0.003323902458545159 -0.0056269888100879536 0.0015292058835792192 2.7756426806306643e-05 -0.0061038797674700628 -0.00084381672332273856 -0.0054915420820739556 -0.0028608359005547275 1.5419969379230586e-05 -0.0088738277944250283 -0.0047640693564769921 -0.00030404879641195105 0.0052154344257100355 0.0031228578733280303 -0.0016899755101877493 0.0054010629946207433 -0.011842495760880411 0.0020177987314257606 -0.0091180583997629589 -0.006731136944954811 0.0014817584993910384 -0.0065023755468428136 -0.0035833427844074919 0.00032137240356323909 -0.0020150865420873743 -0.00035871416959609535 0.0034826400956064034 -4.5800756600437367e-05 0.0019007092622898448 -0.00039461823242855037 0.0065402357703230043
leaf_weight=22 35 34 168 20 308 26 95 14837 23 99 1555 28 25 37 47 25 224 30 23 33 30 49 78 32 37 87 2507 932 605 24
leaf_count=22 35 34 168 20 308 26 95 14837 23 99 1555 28 25 37 47 25 224 30 23 33 30 49 78 32 37 87 2507 932 605 24
internal_value=-6.20839e-06 -0.00210075 3.59055e-07 -0.000882421 -0.000565969 1.46264e-05 -0.00101565 2.72923e-05 -4.33294e-05 -0.00242531 0.000220062 -0.00164057 -0.00317396 0.00128466 -1.0634e-05 -2.63538e-05 -0.00120917 2.35213e-05 0.00120312 -0.00304344 -0.00352555 -0.0063736 -0.00157411 -0.00545201 0.00286402 0.000246069 0.000451949 0.00120915 0.000308954 -0.000130013
internal_weight=22075 69 22006 350 330 21656 263 21393 15657 212 5736 189 124 65 15445 15361 524 342 247 95 182 74 108 62 84 5710 4155 1648 716 629
internal_count=22075 69 22006 350 330 21656 263 21393 15657 212 5736 189 124 65 15445 15361 524 342 247 95 182 74 108 62 84 5710 4155 1648 716 629
is_linear=0
shrinkage=0.05


Tree=173
num_leaves=31
num_cat=0
split_feature=27 1 26 13 19 10 12 22 1 15 17 18 12 5 15 24 28 5 35 5 4 34 18 35 5 13 13 22 4 5
split_gain=0.109621 0.318837 0.104937 0.219029 0.265922 0.0982901 0.097327 0.290311 0.136361 0.239294 0.104235 0.101147 0.372479 0.276488 0.333014 0.272277 0.276268 0.254424 0.398064 0.325299 0.382614 0.356008 0.449987 0.514387 0.415604 0.493595 0.354267 0.761248 0.55268 0.436206
threshold=0.78833333333333344 71.527667999267592 -0.48499999999999993 0.2116666666666667 0.28043018373978407 1.4683333333333335 -1.0149999999999999 0.047951388888888911 53.608547210693366 0.19172583627378717 -0.95833333333333315 0.23218750000000002 0.069166666666666682 315.64042663574224 0.05635535161794223 -1.0316666666666665 11.500000000000002 322.43710327148443 0.87837969732492682 232.68560028076175 34.264411926269538 -0.9159756150367534 -0.51510416666666659 -0.8783796973249266 247.60170745849612 -0.84833333333333327 -0.41166666666666657 0.18931423611111112 19.87880897521973 246.34026336669925
decision_type=2 2 2 2 2 2 2 2 2 2 2 2 2 2 2 2 2 2 2 2 2 2 2 2 2 2 2 2 2 2
left_child=2 -2 3 4 -1 6 7 10 9 -8 -4 15 13 14 -13 16 -10 19 -19 20 -17 22 24 -24 -21 -26 27 28 29 -23
right_child=1 -3 5 -5 -6 -7 8 -9 11 -11 -12 12 -14 -15 -16 17 -18 18 -20 21 -22 26 23 -25 25 -27 -28 -29 -30 -31
leaf_value=0.0044960920317945159 -0.0053456392697989949 0.0014527454999658993 -0.0017289820902270118 0.0063482306990772482 -0.0026006742168895227 0.002328341383448181 -0.00068913151939071853 0.006622361466394399 -0.0018214250917215819 -0.0060538120562737083 0.0021778847301198593 -0.0073768374288365954 -4.3970438868147031e-05 -0.0069430450313828053 -0.00064283455849612414 0.0005056861578757732 4.3561204374816975e-05 0.001109795415566059 0.0072272803679469134 -0.0027519417115995154 0.0042776231114091219 0.011530032340392826 0.0023471211994484324 -0.0026930094458503988 0.0079373272804303032 0.0006897388751013685 -0.00016591206819642111 -0.0038820786847096247 -0.00013664135765977561 0.0037420063451980242
leaf_weight=22 35 34 38 20 33 45 216 22 319 23 31 21 15410 27 146 2623 526 187 31 55 69 21 58 398 31 97 1274 49 89 125
leaf_count=22 35 34 38 20 33 45 216 22 319 23 31 21 15410 27 146 2623 526 187 31 55 69 21 58 398 31 97 1274 49 89 125
internal_value=-5.89797e-06 -0.00199571 3.41101e-07 0.00186742 0.000238032 -6.04396e-06 -1.08437e-05 0.00162093 -1.76568e-05 -0.0012054 2.62769e-05 -4.48787e-06 -7.138e-05 -0.00224861 -0.00148963 0.000170879 -0.000660499 0.000308438 0.00197971 0.000233916 0.000602367 -0.000217548 -0.00121139 -0.00205194 0.000883088 0.00244501 0.000190068 0.00178697 0.00296902 0.0048622
internal_weight=22075 69 22006 75 55 21931 21886 91 21795 239 69 21556 15604 194 167 5952 845 5107 218 4889 2692 2197 639 456 183 128 1558 284 235 146
internal_count=22075 69 22006 75 55 21931 21886 91 21795 239 69 21556 15604 194 167 5952 845 5107 218 4889 2692 2197 639 456 183 128 1558 284 235 146
is_linear=0
shrinkage=0.05


Tree=174
num_leaves=31
num_cat=0
split_feature=23 16 9 10 1 15 0 22 8 21 10 33 2 34 19 5 33 9 35 2 23 17 5 3 3 6 8 24 10 12
split_gain=0.105913 0.324012 0.392692 0.152566 0.123987 0.158011 0.110643 0.216097 0.487463 0.27011 0.254418 0.241879 0.206263 0.19656 0.441552 0.229765 0.196278 0.512027 0.538358 0.341835 0.319169 0.359042 0.601889 0.39106 0.26594 0.225993 0.333403 0.341047 0.339869 0.294884
threshold=0.59640554338662721 -0.33833333333333332 572.43041992187511 0.20166666666666672 53.608547210693366 0.19172583627378717 7.773750066757203 0.39050347222222226 121.12500000000001 0.83166666666666678 0.081666666666666679 -0.70710678118654735 1004.7828063964845 -0.9159756150367534 0.24334769598753206 162.3736267089844 0.37940952255126054 7.5375514030456552 0.6078576107927941 1018.9839172363282 0.19875369142192098 0.93166666666666675 197.01667785644534 52.125000000000007 52.875000000000007 2.6250000000000004 84.125000000000014 -0.083333333333333329 0.77833333333333343 0.67166666666666675
decision_type=2 2 2 2 2 2 2 2 2 2 2 2 2 2 2 2 2 2 2 2 2 2 2 2 2 2 2 2 2 2
left_child=4 2 -2 -3 5 -1 7 8 12 11 -10 -9 -6 14 -13 -16 25 -18 20 -20 -19 22 -22 -24 -21 -11 27 -27 29 -28
right_child=1 3 -4 -5 6 -7 -8 9 10 16 -12 13 -14 -15 15 -17 17 18 19 24 21 -23 23 -25 -26 26 28 -29 -30 -31
leaf_value=-0.00071964404841590992 0.0076431650385607747 -0.003904250799678266 -0.00046906990196126015 0.00050799363654133037 -0.002484267046774465 -0.004995141745894216 -6.6784228113306893e-05 0.0063098367163911461 -0.0020697906403802334 -5.1083167593020278e-05 -0.0099495202923814471 0.0064696303621926549 0.00041886524387446417 0.00062566776268255329 -0.0039908235467484461 0.0031564900842071934 0.00050523014968994594 -0.0054821509297095965 -0.0089519025292247537 -0.0057176882309319735 -0.0076694689329087854 0.0024543829700892925 -0.0027929797106811417 0.0041313968402583237 0.00054402470123022801 -0.00025237479092055174 -0.002058240513142664 0.0025564217167019392 -0.0036683936455676248 0.0038117312899608492
leaf_weight=217 35 22 26 179 82 24 16624 20 20 1693 21 46 241 1381 23 22 411 31 37 39 32 84 44 38 30 158 40 342 67 46
leaf_count=217 35 22 26 179 82 24 16624 20 20 1693 21 46 241 1381 23 22 411 31 37 39 32 84 44 38 30 158 40 342 67 46
internal_value=-5.60307e-06 0.000993711 0.00418549 2.50614e-05 -1.7606e-05 -0.00114542 -5.00621e-06 0.000202552 -0.000970053 0.000295665 -0.00610575 0.000848191 -0.000318153 0.000773984 0.0030248 -0.000496581 2.90509e-05 -0.000677399 -0.00212833 -0.00507443 -0.000764627 -2.60246e-05 -0.00185369 0.000415878 -0.0029952 0.000253693 0.00104387 0.00166884 -0.000998512 0.00108151
internal_weight=22075 262 61 201 21813 241 21572 4948 364 4584 41 1492 323 1472 91 45 3092 746 335 106 229 198 114 82 69 2346 653 500 153 86
internal_count=22075 262 61 201 21813 241 21572 4948 364 4584 41 1492 323 1472 91 45 3092 746 335 106 229 198 114 82 69 2346 653 500 153 86
is_linear=0
shrinkage=0.05


Tree=175
num_leaves=31
num_cat=0
split_feature=1 27 9 17 12 21 6 15 23 11 1 17 24 23 6 5 8 2 5 25 3 0 18 24 17 11 0 34 17 2
split_gain=0.105582 0.119444 0.107246 0.102643 0.145212 0.0960684 0.101736 0.0969049 0.356471 0.505428 0.308636 0.598801 0.624066 0.55863 0.570885 0.492661 0.44298 0.413981 0.399488 0.635652 0.397974 0.392148 0.716604 0.397491 0.382406 0.411388 0.378727 0.359073 0.744029 0.806077
threshold=52.867345809936531 0.12833333333333333 687.17272949218761 -0.95833333333333315 -1.0149999999999999 -0.74833333333333318 652.37500000000011 0.12009833919629838 0.2128276482046976 0.49166666666666675 68.41214752197267 -0.25499999999999995 -0.81499999999999984 0.42442500568652725 600.12500000000011 306.06163024902349 265.12500000000006 1010.002410888672 322.43710327148443 0.94333333333333347 98.125000000000014 18.248750686645511 0.073333333333333348 -0.35166666666666663 1.0000000180025095e-35 -0.245 8.4987497329711932 -0.70710678118654757 0.41166666666666668 1003.8528137207032
decision_type=2 2 2 2 2 2 2 2 2 2 2 2 2 2 2 2 2 2 2 2 2 2 2 2 2 2 2 2 2 2
left_child=1 -1 -3 -2 -5 6 -6 -7 9 -9 17 12 -12 18 15 16 -15 -10 20 26 21 23 -23 27 -22 -26 -20 28 -13 -30
right_child=3 2 -4 4 5 7 -8 8 10 -11 11 13 -14 14 -16 -17 -18 -19 19 -21 24 22 -24 -25 25 -27 -28 -29 29 -31
leaf_value=-0.00042591734889429062 -0.0018438950907071366 -0.0057258851040387533 -0.0010465627005323767 0.0031697336605753263 0.0044314443087205297 -6.2548001760049231e-05 0.00017447202881157864 0.006668857741169632 0.00075443949170033288 0.0002676493627801299 0.0014723674185042196 -0.0024558339578941569 0.007906684796209448 0.0023053847090095439 -0.0033357979889171055 -0.0022020265076571378 -0.0019252209110966175 -0.0011413279918749777 0.011949215811632928 -0.00087512353081898447 -0.0036546985006713877 0.0034651589138651796 -0.0071033259201794862 -0.00028036059149633656 0.0066650085749902907 0.00041704228407710652 0.0026619933059682018 -0.001207984863269917 -0.0011717777943149918 -0.013322215618040319
leaf_weight=125 76 24 25 36 25 17929 32 51 435 78 153 146 50 687 65 80 68 852 21 58 54 81 20 211 28 446 23 157 21 39
leaf_count=125 76 24 25 36 25 17929 32 51 435 78 153 146 50 687 65 80 68 852 21 58 54 81 20 211 28 446 23 157 21 39
internal_value=-1.93202e-05 -0.00124612 -0.00333848 -9.58279e-06 -3.20141e-06 -8.43871e-06 0.00204157 -1.38104e-05 0.000214698 0.00279836 0.000124497 0.000458575 0.00305717 0.000219338 0.00117766 0.00152901 0.00192435 -0.000500567 -0.000441574 0.00256277 -0.000696306 -0.00150063 0.00137239 -0.00200616 0.000331946 0.00078612 0.00709453 -0.00300931 -0.00438216 -0.00906956
internal_weight=22096 174 49 21922 21846 21810 57 21753 3824 129 3695 2408 203 2205 900 835 755 1287 1305 102 1203 675 101 574 528 474 44 363 206 60
internal_count=22096 174 49 21922 21846 21810 57 21753 3824 129 3695 2408 203 2205 900 835 755 1287 1305 102 1203 675 101 574 528 474 44 363 206 60
is_linear=0
shrinkage=0.05


Tree=176
num_leaves=31
num_cat=0
split_feature=19 29 18 14 23 9 4 3 1 4 1 20 24 0 33 23 0 15 1 23 23 0 1 3 13 14 0 27 12 23
split_gain=0.103627 0.280588 0.249742 0.212106 0.199619 0.138926 0.221797 0.238652 0.242193 0.342007 0.195378 0.203007 0.168271 0.155306 0.139273 0.149202 0.128831 0.120967 0.354625 0.40587 0.378906 0.539623 0.501086 0.533604 0.419883 0.394575 0.3651 0.683531 0.475116 0.451429
threshold=0.050882717334831025 5.5000000000000009 0.35260416666666677 0.72875000000000034 0.2015140304796337 1.7863818407058718 9.9488830566406268 21.875000000000004 77.536392211914077 22.360746383666996 92.972244262695327 0.28166666666666673 -0.84166666666666656 18.248750686645511 0.91597561503675362 0.39490490225186714 15.023749828338625 0.12009833919629838 72.89530181884767 0.42442500568652725 0.23530904743333764 6.6237502098083505 75.087837219238295 98.125000000000014 0.54083333333333339 0.43875000000000014 17.098750114440922 -0.30833333333333318 0.048333333333333346 0.48026892404033478
decision_type=2 2 2 2 2 2 2 2 2 2 2 2 2 2 2 2 2 2 2 2 2 2 2 2 2 2 2 2 2 2
left_child=1 3 -3 4 -1 -6 -7 13 9 -9 11 12 -10 -8 -13 -16 -17 -2 -19 20 21 -20 -22 24 25 -24 27 28 -21 -30
right_child=17 2 -4 -5 5 6 7 8 10 -11 -12 14 -14 -15 15 16 -18 18 19 26 22 -23 23 -25 -26 -27 -28 -29 29 -31
leaf_value=-0.0016128054983710173 -0.00013750221390089319 -0.0027581495847087355 -0.00026482553249762672 0.0015936796544349021 0.00056913999068141936 -0.001491462246843385 -0.0021605067696666169 0.0019858583564991536 0.0014636154321647466 -0.0063843193197569165 0.0045827272033784538 -0.0011158922726312525 0.0058120433102885729 0.0013721484487887654 0.0038472533703614504 -0.0010803142641735678 0.0021336040662770922 -0.00023653159449089315 -0.0042157179564237595 0.00095571250369010324 0.0019706664973968844 0.0038534508157937117 -0.0027044319358601452 0.00062431091166547477 0.00022749224536695335 -0.0094430649614272028 0.00049548183668983524 0.0016495431320060839 0.014034227448116457 0.0046891769995757691
leaf_weight=136 14158 125 511 330 2081 236 129 23 73 26 40 116 32 41 39 72 55 2213 25 22 193 121 229 309 122 24 311 252 28 24
leaf_count=136 14158 125 511 330 2081 236 129 23 73 26 40 116 32 41 39 72 55 2213 25 22 193 121 229 309 122 24 311 252 28 24
internal_value=-1.83542e-05 0.000209695 -0.000754866 0.000388599 0.000260275 0.000346248 -0.000179645 0.000299595 0.00087392 -0.00245546 0.00125598 0.00091213 0.00278885 -0.00130851 0.000213351 0.00114222 0.00031154 -6.97668e-05 0.000177844 0.000730262 0.000113324 0.00247174 -0.000279297 -0.000914155 -0.00218185 -0.00334367 0.00172104 0.00289021 0.00711519 0.00972113
internal_weight=22096 4065 636 3429 3099 2963 882 646 476 49 427 387 105 170 282 166 127 18031 3873 1660 1023 146 877 684 375 253 637 326 74 52
internal_count=22096 4065 636 3429 3099 2963 882 646 476 49 427 387 105 170 282 166 127 18031 3873 1660 1023 146 877 684 375 253 637 326 74 52
is_linear=0
shrinkage=0.05


Tree=177
num_leaves=31
num_cat=0
split_feature=35 34 5 5 15 10 4 27 17 34 12 20 0 0 18 15 16 24 12 13 4 2 3 0 0 33 8 2 24 6
split_gain=0.0953033 0.298813 0.596404 0.509221 0.464345 0.451349 0.343541 0.474506 0.381973 0.300455 0.287411 0.361724 0.281322 0.448473 0.670147 0.39536 0.245756 0.459788 0.400898 0.240876 0.238533 0.206153 0.219532 0.370309 0.538469 0.45967 0.302442 0.296363 0.268447 0.305594
threshold=-0.8783796973249266 -0.78656609248549325 190.92264556884768 98.312774658203139 0.18758578284194613 -0.80166666666666664 31.724196434021 -0.34833333333333322 0.4883333333333334 1.0000000180025095e-35 0.038333333333333337 -0.75166666666666659 21.573750495910648 17.517500877380375 -0.27843749999999995 0.057049361343168757 -0.37833333333333324 -0.96166666666666656 0.3116666666666667 0.29166666666666669 7.7552142143249521 996.86035156250011 94.375000000000014 15.692499637603762 8.7237496376037615 0.60355339059327384 170.62500000000003 1022.9866333007814 -0.94833333333333314 377.12500000000006
decision_type=2 2 2 2 2 2 2 2 2 2 2 2 2 2 2 2 2 2 2 2 2 2 2 2 2 2 2 2 2 2
left_child=1 2 3 5 12 -1 7 -3 -8 20 11 -6 13 14 -4 -15 17 -5 -18 -11 -9 -22 26 24 -24 -26 -23 -27 -25 -30
right_child=-2 6 4 16 10 -7 8 9 -10 19 -12 -13 -14 15 -16 -17 18 -19 -20 -21 21 22 23 28 25 27 -28 -29 29 -31
leaf_value=-0.001231076529457871 2.4582880194721321e-05 0.0056124530441593384 0.011767627379816513 0.0032786296030013437 0.0013075626119047983 0.0055539938296343006 6.1104364576749503e-05 0.00127615810062441 -0.0083725181707293445 0.0024659141972606874 0.0027314946135239943 -0.0061505827851392131 0.0082047682837583132 0.0045492453556064336 0.0026540266352396164 -0.0038205075759960468 -0.010407916072290392 -0.0036011286301757487 -0.0010635748372310033 -0.00025681883539907546 -0.0050114107363652891 -0.0018664208373988717 0.00064765857007331783 -0.0007614540939458594 -0.0016383384806749196 -0.012045857369561088 -0.0072341079105109236 -0.0043500037992308879 0.0015714873354968238 0.008806613041087985
leaf_weight=57 18987 32 23 34 29 43 25 82 29 86 35 37 24 21 164 43 24 85 22 1465 41 276 123 72 83 22 29 29 54 20
leaf_count=57 18987 32 23 34 29 43 25 82 29 86 35 37 24 21 164 43 24 85 22 1465 41 276 123 72 83 22 29 29 54 20
internal_value=-1.74365e-05 -0.000274053 0.000687788 -0.00112891 0.00196817 0.0016865 -0.000523867 -0.000435637 -0.00446806 -0.000516888 -0.000931187 -0.00287352 0.00303303 0.00253852 0.00377495 -0.00107418 -0.00283522 -0.00163548 -0.00593888 -0.000105848 -0.00128406 -0.00156435 -0.00136474 -0.000598787 -0.00174116 -0.00393389 -0.00237679 -0.00766978 0.00141211 0.00352693
internal_weight=22096 3109 641 265 376 100 2468 2414 54 2382 101 66 275 251 187 64 165 119 46 1551 831 749 708 403 257 134 305 51 146 74
internal_count=22096 3109 641 265 376 100 2468 2414 54 2382 101 66 275 251 187 64 165 119 46 1551 831 749 708 403 257 134 305 51 146 74
is_linear=0
shrinkage=0.05


Tree=178
num_leaves=31
num_cat=0
split_feature=1 4 26 9 5 22 32 23 21 6 0 1 11 0 13 6 24 15 13 15 2 6 5 22 7 1 15 9 19 2
split_gain=0.0952243 0.14231 0.116158 0.0937291 0.0883791 0.132294 0.0857618 0.295295 0.389195 0.4953 0.540694 0.667874 0.336464 0.80765 0.398074 0.274548 0.21869 0.210581 0.162791 0.149091 0.142201 0.265853 0.135937 0.124521 0.104879 0.0900336 0.0878628 0.143895 0.0848461 0.24936
threshold=52.867345809936531 8.9410743713378924 0.06333333333333338 856.31491088867199 208.77278900146487 0.028194444444444449 3.5000000000000004 0.22871461834500306 0.41166666666666668 238.12500000000003 13.323750019073488 76.956684112548842 -0.058333333333333327 20.517500877380375 -0.021666666666666664 574.12500000000011 -0.80166666666666664 0.19172583627378717 0.17166666666666672 0.11837440406319129 1010.1580505371095 96.125000000000014 84.291809082031264 0.11626736111111115 0.87500000000000011 77.258136749267592 0.082436844465636275 125.99239730834962 0.073348325487494939 1004.2396850585939
decision_type=2 2 2 2 2 2 2 2 2 2 2 2 2 2 2 2 2 2 2 2 2 2 2 2 2 2 2 2 2 2
left_child=1 -1 4 6 5 -3 28 24 12 18 -11 16 13 17 25 23 -12 -9 -10 -17 26 -22 -16 -15 -8 -14 27 -20 29 -2
right_child=3 2 -4 -5 -6 -7 7 8 9 10 11 -13 14 15 22 19 -18 -19 20 -21 21 -23 -24 -25 -26 -27 -28 -29 -30 -31
leaf_value=-0.0049402128227732404 0.00077544787232015282 0.0043149726423011587 -0.0029904032410950796 -0.0026305133654900333 -0.0022619425377342849 -0.00018871876070209381 0.0014882272043244237 0.013162644617259503 -0.0030527587313003636 -0.0099834038615226744 -0.00097552320407703517 -0.0072304815699857083 -0.0064523857110179968 0.0066691670143468815 -0.00092850771447223048 0.00071240993599141285 0.0058596828796329322 0.0059069441864266995 -0.0004482551914547539 -0.0046992114442400632 0.00053363022734211551 0.0049370827714506635 0.0030854483939368616 0.0017167029564734548 0.0060333401771883177 -0.0018171622502532873 0.0021290381587667591 -0.0048895031234133064 -9.3998403809384155e-05 -2.2307272791685039e-05
leaf_weight=22 1198 22 39 34 28 63 22 20 37 25 25 31 20 22 31 35 22 20 207 20 283 39 66 30 30 22 28 20 14263 5372
leaf_count=22 1198 22 39 34 28 63 22 20 37 25 25 31 20 22 31 35 22 20 207 20 283 39 66 30 30 22 28 20 14263 5372
internal_value=-1.65646e-05 -0.00118164 -0.000637632 -7.3172e-06 0.000174387 0.000976943 -3.24243e-06 0.000436566 0.000246098 -0.000375955 -0.00358452 -0.00153359 0.00180558 0.00347323 4.19466e-05 0.00120722 0.00222393 0.00953479 0.000162289 -0.00125545 0.000368454 0.00106697 0.00180264 0.00381198 0.00411041 -0.00402441 -0.000513591 -0.000839555 -2.55147e-05 0.000123159
internal_weight=22096 174 152 21922 113 85 21888 1055 1003 717 103 78 286 147 139 107 47 40 614 55 577 322 97 52 52 42 255 227 20833 6570
internal_count=22096 174 152 21922 113 85 21888 1055 1003 717 103 78 286 147 139 107 47 40 614 55 577 322 97 52 52 42 255 227 20833 6570
is_linear=0
shrinkage=0.05


Tree=179
num_leaves=31
num_cat=0
split_feature=3 34 2 22 6 7 2 0 8 18 5 4 4 31 25 15 22 25 2 36 27 26 27 5 23 2 11 7 6 34
split_gain=0.0863039 0.246243 0.446818 0.854328 0.327105 0.361144 0.314895 0.297073 0.254213 0.365785 0.24571 0.225865 0.560712 0.584214 0.501646 0.358596 0.399265 0.395053 0.303421 0.382181 0.327971 0.327766 0.297469 0.379024 0.287203 0.279535 0.262458 0.392694 0.259847 0.226271
threshold=99.125000000000014 -0.70710678118654757 987.04183959960949 0.76754340277777799 461.37500000000006 269.12500000000006 995.44238281250011 18.561250686645511 245.62500000000003 0.035624999999999997 28.752943038940433 11.301109313964846 14.992170810699465 1.0000000180025095e-35 1.2716666666666669 0.22877592323082377 0.45449652777777788 0.86833333333333351 1025.8725585937502 -0.56174490092936669 0.4883333333333334 -0.23833333333333326 0.038333333333333337 269.00869750976568 0.55161811138409911 1023.5020751953126 -0.66833333333333322 72.375000000000014 630.37500000000011 -0.9159756150367534
decision_type=2 2 2 2 2 2 2 2 2 2 2 2 2 2 2 2 2 2 2 2 2 2 2 2 2 2 2 2 2 2
left_child=-1 2 3 -2 8 -6 -4 -7 -3 -10 -8 14 28 18 15 16 17 26 19 20 21 -14 23 25 29 -21 -12 -28 -13 -23
right_child=1 4 6 -5 5 7 10 -9 9 -11 11 12 13 -15 -16 -17 -18 -19 -20 22 -22 24 -24 -25 -26 -27 27 -29 -30 -31
leaf_value=-9.8185516168815639e-05 -0.010323062558072034 -3.6761961894359481e-05 0.00319882115606057 0.00050486896424055362 -0.0091610086688888263 -0.0050591695041436215 0.0033342792874794798 0.0030678757053630599 -0.0021828435689464887 0.0057133418267105961 -0.0021090281649126805 -0.0033861818752275018 -0.0063189901284534822 -0.0067517142147860594 -0.0019371548256556807 0.0087062098933687517 0.0068782627003619798 -0.0038627708010608333 0.0040361496656259989 0.0032554205237311446 -0.0062150442990689322 -0.0010156991357747113 0.00011672118726903116 -0.00078788760109785381 -0.0058377281669527298 -0.0010895558413938574 2.1944266638525253e-05 0.0057448243880914391 0.0025810353437832204 0.0016316744112621316
leaf_weight=13027 27 6841 121 56 20 23 77 22 22 44 28 139 22 27 74 23 37 32 64 312 26 158 407 97 20 42 53 69 21 165
leaf_count=13027 27 6841 121 56 20 23 77 22 22 44 28 139 22 27 74 23 37 32 64 312 26 158 407 97 20 42 53 69 21 165
internal_value=-1.57364e-05 0.000102696 0.00057776 -0.00301747 -4.0191e-05 -0.00357058 0.000725925 -0.00108595 -6.96744e-06 0.00308128 0.000567858 0.000450559 0.000194622 0.000528664 0.00166545 0.00276708 0.00214333 0.00118074 0.000678375 0.000506319 -0.000789304 -0.000402812 0.00109675 0.00198116 -2.33491e-05 0.00273991 0.00225669 0.00325866 -0.00260298 0.000336674
internal_weight=22096 9069 2097 83 6972 65 2014 45 6907 66 1893 1816 1500 1340 316 242 219 182 1313 1249 391 365 858 451 343 354 150 122 160 323
internal_count=22096 9069 2097 83 6972 65 2014 45 6907 66 1893 1816 1500 1340 316 242 219 182 1313 1249 391 365 858 451 343 354 150 122 160 323
is_linear=0
shrinkage=0.05


Tree=180
num_leaves=31
num_cat=0
split_feature=8 0 1 8 18 23 16 0 19 33 29 16 24 5 33 6 4 21 20 7 4 24 26 0 0 2 4 8 4 2
split_gain=0.107459 0.0856993 0.30952 0.342736 0.388937 0.304755 0.274312 0.361672 0.257436 0.247582 0.229105 0.208451 0.206252 0.172327 0.231405 0.16003 0.158955 0.179378 0.428593 0.434875 0.321292 0.256744 0.154331 0.167127 0.151798 0.397462 0.33703 0.438381 0.332547 0.305882
threshold=361.50000000000006 21.573750495910648 68.185638427734389 138.12500000000003 0.1815625000000001 0.43359401078489201 -0.74833333333333318 23.111250877380375 0.23593701039650564 0.37940952255126054 1.5000000000000002 -0.28499999999999998 -0.83166666666666655 273.06243896484381 1.0000000180025095e-35 782.25000000000011 28.411464691162113 -0.15499999999999997 -0.97833333333333317 354.12500000000006 23.472312927246097 -0.92833333333333323 0.12000000000000009 24.830000877380375 20.336251258850101 1009.4691772460939 10.529126167297365 166.62500000000003 21.575987815856937 1005.8706359863282
decision_type=2 2 2 2 2 2 2 2 2 2 2 2 2 2 2 2 2 2 2 2 2 2 2 2 2 2 2 2 2 2
left_child=1 24 5 13 6 11 -5 8 -8 15 -9 12 -3 14 -4 16 17 22 19 -19 21 -20 -7 -24 -1 29 -27 -28 -29 -26
right_child=-2 2 3 4 -6 9 7 10 -10 -11 -12 -13 -14 -15 -16 -17 -18 18 20 -21 -22 -23 23 -25 25 26 27 28 -30 -31
leaf_value=-7.7416462030176527e-06 0.0030356255361954844 -0.0084452378218993537 0.001067572183048545 6.4688663405831911e-05 -0.0033313920086419043 0.00057650171963420389 0.0077689366753805767 0.0047351955347472718 0.0015988183411935421 -0.003083638309356596 0.011958569385435271 0.00061535474191519576 -0.0016329900128766895 0.0044957463862374423 -0.0017763260522706175 -0.0020359474913073847 -0.0031042099146621435 0.0021880101598244872 0.00022054501608837138 0.010625128304430595 0.0044709171242882607 -0.0059461575256483188 -0.00017163005202662114 -0.0053125745687866589 -0.0028391842963173988 0.00028857622465304928 -0.0010267485669897838 -0.0061976298545293202 -0.00061950292943756247 0.0026305835511201744
leaf_weight=19809 29 25 192 40 22 300 22 21 73 58 23 21 20 23 114 65 28 42 86 24 36 21 43 25 32 227 289 90 38 127
leaf_count=19809 29 25 192 40 22 300 22 21 73 58 23 21 20 23 114 65 28 42 86 24 36 21 43 25 32 227 289 90 38 127
internal_value=-5.99233e-06 -1.00134e-05 0.000379925 0.00131564 0.00294236 -0.00024467 0.00371343 0.00476343 0.00302769 5.02756e-05 0.00851105 -0.003498 -0.00541757 0.000321808 8.08068e-06 0.00032157 0.000574857 0.00075339 0.00192321 0.00525605 0.000384969 -0.000989742 8.9011e-05 -0.00206168 -3.50609e-05 -0.000708993 -0.00126173 -0.00210565 -0.00454162 0.00152975
internal_weight=21965 21936 1324 530 201 794 179 139 95 728 44 66 45 329 306 670 605 577 209 66 143 107 368 68 20612 803 644 417 128 159
internal_count=21965 21936 1324 530 201 794 179 139 95 728 44 66 45 329 306 670 605 577 209 66 143 107 368 68 20612 803 644 417 128 159
is_linear=0
shrinkage=0.05


Tree=181
num_leaves=31
num_cat=0
split_feature=8 4 0 0 29 5 20 1 9 2 1 24 8 34 24 17 27 8 2 0 18 2 4 11 3 2 23 21 21 16
split_gain=0.0969814 0.0820153 0.257571 0.339194 0.496737 0.451531 0.287251 0.418338 0.339465 0.280444 0.752946 0.435259 0.547244 0.489789 0.66048 0.59986 0.380182 0.351968 0.300747 0.304515 0.904892 0.315826 0.293083 0.279922 0.312251 0.268245 0.276608 0.263398 0.601034 0.308581
threshold=361.50000000000006 23.605529785156254 9.0362496376037615 9.7237496376037615 2.5000000000000004 320.64282226562506 0.46833333333333338 84.739719390869155 194.13894653320315 1005.2876892089845 59.512018203735359 -0.87499999999999989 213.12500000000003 -0.9159756150367534 -0.69499999999999995 0.30166666666666675 -0.15666666666666654 279.50000000000006 1028.3296508789065 16.017500877380375 -0.47510416666666649 1009.7652587890626 30.029755592346195 0.50166666666666682 73.125000000000014 1009.3521728515626 0.51861507894575309 0.82166666666666677 0.87833333333333352 0.27166666666666672
decision_type=2 2 2 2 2 2 2 2 2 2 2 2 2 2 2 2 2 2 2 2 2 2 2 2 2 2 2 2 2 2
left_child=1 -1 6 5 -5 -4 7 27 -8 10 -6 12 -12 14 -13 -16 -15 18 19 20 21 -11 -18 24 -24 -21 -27 -3 -29 -30
right_child=-2 2 3 4 9 -7 8 -9 -10 17 11 13 -14 16 15 -17 22 -19 -20 25 -22 -23 23 -25 -26 26 -28 28 29 -31
leaf_value=-6.2268584134514773e-05 0.0028838442060454138 0.0019969242279799198 -0.0010087297561222127 0.0011123120293314167 0.0071803594003431509 -0.0086810015549417582 0.00034966293714780178 0.0051837575398488251 -0.0038167566005736886 0.0035589022123895123 -0.011164132634607646 -0.0095697867537015372 -0.00069397953338921079 0.0030196663765953138 -0.0075321163411717872 0.0036469157024597125 -0.00018203236837224622 0.0054069698260476194 -0.0045139908862954657 0.0010723171442301956 0.00034401562349628697 0.012338227299707277 -0.0058966885481415128 -0.0080281686456874016 0.00081690097705536886 -0.0022486659406949975 0.00027593183239506063 -0.006228784805695926 -0.0022528465913578136 0.0018893964090813443
leaf_weight=16903 29 326 466 846 25 20 1181 68 51 20 26 38 24 65 20 30 225 30 37 159 527 21 29 25 43 291 173 35 61 171
leaf_count=16903 29 326 466 846 25 20 1181 68 51 20 26 38 24 65 20 30 225 30 37 159 527 21 29 25 43 291 173 35 61 171
internal_value=-5.69272e-06 -9.51276e-06 0.000167664 -0.000110061 0.00011232 -0.00132446 0.000628339 0.00146921 0.000177189 -0.000355597 -0.00129738 -0.00170109 -0.00613846 -0.00123399 -0.00460099 -0.000824697 -0.000468373 5.61537e-05 -7.45666e-05 6.335e-05 0.000900664 0.00805563 -0.00117248 -0.00346991 -0.00188718 -0.000700044 -0.00130738 0.00104326 -0.00012114 0.000800272
internal_weight=21965 21936 5033 3140 2654 486 1893 661 1232 1808 550 525 50 475 88 50 387 1258 1228 1191 568 41 322 97 72 623 464 593 267 232
internal_count=21965 21936 5033 3140 2654 486 1893 661 1232 1808 550 525 50 475 88 50 387 1258 1228 1191 568 41 322 97 72 623 464 593 267 232
is_linear=0
shrinkage=0.05


Tree=182
num_leaves=31
num_cat=0
split_feature=8 21 8 20 13 2 26 5 19 24 5 5 8 20 14 26 22 8 13 28 34 10 13 27 23 5 23 14 7 0
split_gain=0.0875257 0.081431 1.158 0.256434 0.407047 0.358665 0.219097 0.214032 0.205214 0.196819 0.293783 0.324609 0.350551 0.406336 0.345743 0.310926 0.344484 0.31916 0.418816 0.391147 0.344916 0.368325 0.33109 0.352811 0.290081 0.49023 0.4443 0.326168 0.268543 0.265685
threshold=361.50000000000006 0.71166666666666678 245.62500000000003 -0.23833333333333329 0.43833333333333341 1005.0332336425782 -0.0066666666666667781 156.83252716064456 0.47615023258002137 -0.73333333333333328 278.56686401367193 351.73825073242193 197.62500000000003 -0.16499999999999995 0.28875000000000012 0.020000000000000028 0.21942708333333336 163.12500000000003 0.30166666666666675 9.5000000000000018 -0.9159756150367534 0.39166666666666672 -0.12499999999999999 0.059999999999999977 0.38464066337324526 232.68560028076175 0.37953075506132189 -0.53124999999999989 224.62500000000003 19.017500877380375
decision_type=2 2 2 2 2 2 2 2 2 2 2 2 2 2 2 2 2 2 2 2 2 2 2 2 2 2 2 2 2 2
left_child=1 8 3 4 5 -3 -6 -5 9 24 15 12 -12 28 -13 -11 -17 20 19 -19 21 -18 -21 -24 25 27 29 -1 -14 -27
right_child=-2 2 -4 7 6 -7 -8 -9 -10 10 11 14 13 -15 -16 16 17 18 -20 22 -22 -23 23 -25 -26 26 -28 -29 -30 -31
leaf_value=0.0058934567813676876 0.0027396521199863919 -0.010455741249024868 -0.010288600671836842 0.00046201499700780445 0.0013515049351411233 -0.0024861967607042366 -0.0013658082625651706 -0.00017935404183295662 0.0017124114787880136 -0.00019821148690100799 0.00098242571435593778 -0.0078268667455995457 0.00038682816893462159 0.0092255653081727892 0.0012564588719132272 0.0055398397441757362 0.0075420808614935818 0.0060876807370395577 -0.0038038154827563075 -0.002325791729028138 0.00088895376832699062 -0.00073435905505903065 0.0075016246082007208 -0.00089521460748952014 1.4414752112756137e-05 -0.0010181590500856039 -0.0067513662350829687 -0.00029259097256383412 0.0063329137761944116 -0.0050743598229018973
leaf_weight=22 29 20 28 1690 102 48 272 5648 186 2240 624 20 59 28 22 38 41 27 81 89 623 20 22 29 8899 254 50 678 28 48
leaf_count=22 29 20 28 1690 102 48 272 5648 186 2240 624 20 59 28 22 38 41 27 81 89 623 20 22 29 8899 254 50 678 28 48
internal_value=-5.40808e-06 -9.03712e-06 -0.000138623 -0.000102093 -0.00127172 -0.00483018 -0.000624723 -3.16416e-05 6.25798e-05 4.05694e-05 0.000337212 0.00120691 0.00144992 0.00398661 -0.00306893 0.000125612 0.00087341 0.000683148 -0.000853478 0.000577524 0.00124029 0.00482849 -0.00048515 0.00272695 -7.84036e-05 -0.000863565 -0.00238565 -9.81723e-05 0.00230051 -0.00166285
internal_weight=21965 21936 7808 7780 442 68 374 7338 14128 13942 3991 781 739 115 42 3210 970 932 248 167 684 61 140 51 9951 1052 352 700 87 302
internal_count=21965 21936 7808 7780 442 68 374 7338 14128 13942 3991 781 739 115 42 3210 970 932 248 167 684 61 140 51 9951 1052 352 700 87 302
is_linear=0
shrinkage=0.05


Tree=183
num_leaves=31
num_cat=0
split_feature=18 14 5 24 7 2 24 3 5 34 4 3 2 3 28 24 23 2 5 5 35 3 23 8 6 11 0 16 26 23
split_gain=0.0791558 0.441692 0.274423 0.420787 0.329437 0.391189 0.307 0.304727 0.262411 0.302479 0.304964 0.304832 0.333537 0.453915 0.26505 0.253232 0.323438 0.221788 0.353516 0.390578 0.530055 0.49233 0.520959 0.450704 0.394924 0.585986 0.471805 0.402812 0.399663 0.387633
threshold=0.23218750000000002 -0.11083333333333348 322.43710327148443 -1.0016666666666665 166.12500000000003 1014.6271057128907 -0.58166666666666655 79.125000000000014 295.55393981933599 -0.98296291314453399 22.917860031127933 64.125000000000014 1010.8997192382814 98.875000000000014 10.500000000000002 -0.22166666666666662 0.24283815546760981 1020.374969482422 226.5433044433594 147.08274841308597 0.6078576107927941 99.375000000000014 0.29731999299081485 267.62500000000006 611.12500000000011 -0.12499999999999999 21.686250686645511 -0.85166666666666657 0.14750000000000005 0.38773524818473976
decision_type=2 2 2 2 2 2 2 2 2 2 2 2 2 2 2 2 2 2 2 2 2 2 2 2 2 2 2 2 2 2
left_child=2 -2 8 -4 6 7 -5 -6 15 -10 11 14 -13 -14 -11 16 -1 18 19 -18 21 22 -21 -24 25 26 28 -26 -22 -20
right_child=1 -3 3 4 5 -7 -8 -9 9 10 -12 12 13 -15 -16 -17 17 -19 29 20 24 -23 23 -25 27 -27 -28 -29 -30 -31
leaf_value=-0.0060723838762247141 -0.004458987186744548 -4.9519322133470247e-05 -0.0027149439609188233 0.0025158157794961528 0.004510928506109243 0.0018980444024986867 -0.0038879214648019386 0.01254165100288533 -0.0059117771354654149 0.0050065132980727451 0.0042465765594637819 -0.0069241510015369094 -0.0050840586089718814 0.00080548453303222294 -0.00050987797770162685 0.0026849399086762678 0.00010692213264880339 -0.0006495642988106978 -0.0014822819201495898 -0.0052961516397772362 0.013279018670950524 -0.0012752418124111064 0.0014207126783411497 0.0087041521106253975 0.0036787056267775335 0.0020201036349286046 0.0028166257266309998 -0.004457315671606921 0.0049511576332151898 0.00014703854389538465
leaf_weight=21 57 15567 42 61 27 57 27 21 31 26 28 36 54 83 134 98 1525 760 472 28 34 237 615 22 29 163 42 32 25 1611
leaf_count=21 57 15567 42 61 27 57 27 21 31 26 28 36 54 83 134 98 1525 760 472 28 34 237 615 22 29 163 42 32 25 1611
internal_value=-5.13767e-06 -6.56061e-05 0.000143854 0.00182052 0.00280751 0.00469865 0.000551033 0.00802437 7.93251e-05 -0.00117211 -0.000765107 -0.00118651 -0.00264135 -0.00151594 0.000386536 0.000165178 0.000121208 0.000144455 0.000269264 0.000641225 0.00130529 0.000681491 0.00137885 0.00167226 0.00303658 0.0038744 0.00686697 -0.000589371 0.00975026 -0.000222159
internal_weight=21965 15624 6341 235 193 105 88 48 6106 392 361 333 173 137 160 5714 5616 5595 4835 2752 1227 902 665 637 325 264 101 61 59 2083
internal_count=21965 15624 6341 235 193 105 88 48 6106 392 361 333 173 137 160 5714 5616 5595 4835 2752 1227 902 665 637 325 264 101 61 59 2083
is_linear=0
shrinkage=0.05


Tree=184
num_leaves=31
num_cat=0
split_feature=8 2 27 25 33 7 25 14 21 18 15 23 0 15 0 9 23 29 23 9 10 7 2 22 3 2 18 2 23 32
split_gain=0.0791872 0.0785053 0.237489 0.170838 0.219701 0.344186 0.243077 0.225273 0.32316 0.359848 0.18212 0.171249 0.163651 0.220967 0.223489 0.180054 0.179379 0.168652 0.154229 0.190164 0.142839 0.324814 0.402918 0.456303 0.267135 0.371966 0.40274 0.523026 0.425785 0.297722
threshold=361.50000000000006 1020.0164794921876 0.5916666666666669 1.4083333333333334 0.60355339059327384 1.0000000180025095e-35 0.65833333333333344 0.90041666666666698 0.76833333333333342 0.55052083333333357 0.14470915914614182 0.36118412430673136 20.248750686645511 0.22877592323082377 9.4237494468688983 667.62332153320324 0.55603698091611597 5.5000000000000009 0.24650466265707852 132.17461395263675 0.16166666666666671 210.12500000000003 1012.4205627441407 0.29359375000000004 27.125000000000004 1017.2376708984376 0.095416666666666608 1017.931121826172 0.54861587906188625 3.5000000000000004
decision_type=2 2 2 2 2 2 2 2 2 2 2 2 2 2 2 2 2 2 2 2 2 2 2 2 2 2 2 2 2 2
left_child=1 20 3 4 12 -6 -7 8 9 -8 18 -10 13 -3 -15 16 -14 -17 19 -5 24 -22 -23 -24 29 -26 28 -28 -27 -1
right_child=-2 2 -4 10 5 6 7 -9 11 -11 -12 -13 15 14 -16 17 -18 -19 -20 -21 21 22 23 -25 25 26 27 -29 -30 -31
leaf_value=-0.00052435408200657372 0.0026061475110352684 -2.9480107740005959e-05 -0.0043621423407731686 6.8160838825367712e-06 0.00010327315586163959 0.00011522400729720378 -0.002367610001721547 0.0025895633188116811 -0.0037326159476138211 0.0026196053629264056 0.0051761315448120952 -0.0084392351641630128 -0.0052591665688793161 0.00037334805156840663 0.0058918331455060985 -0.0014731464977019791 -0.00031045878344836337 0.0037965562406250021 0.0011505320384847958 -0.0042836285738178112 -1.1111424382708143e-05 -0.00074672216917143056 -0.010598485671915115 -0.0015194461654661406 0.00032591863384073187 0.00037250741705747715 0.011249000416137279 0.0025937986018107042 0.0061107433312163513 0.0026628902173774223
leaf_weight=1208 29 2325 34 236 486 144 307 23 68 41 21 27 47 43 32 49 30 22 336 29 12834 190 25 31 2889 256 24 64 37 78
leaf_count=1208 29 2325 34 236 486 144 307 23 68 41 21 27 47 43 32 49 30 22 336 29 12834 190 25 31 2889 256 24 64 37 78
internal_value=-4.88079e-06 -8.33264e-06 -0.000199893 -0.00016672 -0.000297445 -0.000889404 -0.00168029 -0.00223513 -0.00248562 -0.00178004 0.000599133 -0.00507029 -4.28191e-05 5.66881e-05 0.0027279 -0.00165645 -0.0033311 0.000159719 0.000439205 -0.000462704 3.83736e-05 -4.56075e-05 -0.00184529 -0.00557259 0.000279478 0.000519577 0.00198803 0.00495431 0.00109713 -0.000331038
internal_weight=21965 21936 4300 4266 3644 1096 610 466 443 348 622 95 2548 2400 75 148 77 71 601 265 17636 13080 246 56 4556 3270 381 88 293 1286
internal_count=21965 21936 4300 4266 3644 1096 610 466 443 348 622 95 2548 2400 75 148 77 71 601 265 17636 13080 246 56 4556 3270 381 88 293 1286
is_linear=0
shrinkage=0.05


Tree=185
num_leaves=31
num_cat=0
split_feature=10 7 12 17 23 27 27 21 21 6 13 6 8 3 9 7 24 20 17 16 14 4 10 28 4 2 0 4 15 11
split_gain=0.0873573 0.512102 0.355594 0.264358 0.376702 0.324981 0.254796 0.289755 0.383854 0.283424 0.268393 0.204224 0.276433 0.519286 1.14734 0.522813 0.429621 0.62013 0.397804 0.372549 0.450737 0.39262 0.367857 0.338757 0.465501 0.432879 0.338585 0.382142 0.318408 0.338008
threshold=0.2116666666666667 199.62500000000003 0.55166666666666686 0.44833333333333336 0.42442500568652725 -0.59166666666666645 0.24500000000000002 0.42166666666666669 0.6083333333333335 452.62500000000006 0.048333333333333346 365.37500000000006 83.125000000000014 98.125000000000014 60.79924392700196 0.37500000000000006 0.25166666666666676 0.36166666666666675 0.45166666666666672 0.17166666666666672 0.51625000000000021 12.812755584716799 0.24166666666666672 11.500000000000002 17.3764762878418 1000.9904174804689 9.0987496376037615 22.464885711669925 0.13774641220052949 0.48166666666666674
decision_type=2 2 2 2 2 2 2 2 2 2 2 2 2 2 2 2 2 2 2 2 2 2 2 2 2 2 2 2 2 2
left_child=3 11 6 -1 5 -5 10 9 -9 -8 -3 12 -2 14 -14 18 19 -18 -15 28 26 -22 -16 24 -23 -26 27 -21 -17 -30
right_child=1 2 -4 4 -6 -7 7 8 -10 -11 -12 -13 13 15 22 16 17 -19 -20 20 21 23 -24 -25 25 -27 -28 -29 29 -31
leaf_value=9.546496443122861e-05 3.146936374992291e-05 -0.0079321724004907217 0.0038911905627520313 -0.0034957517914834522 0.0071046906872652476 0.0023777903752563029 -0.0024643530487082899 -0.0067922455673219591 0.0010684883426874878 0.0041397352547695243 -0.0025664449699602469 0.00233696492569935 -0.0078060423030235282 -0.010197555880877189 -0.005656083819339984 -0.003662615762901666 -0.0087594198681221445 -0.00084872567082022547 -0.0019216965556689452 0.0022930974325087545 0.002495069383803639 -0.0092312821012455974 -0.0006867659487249546 7.3880658432373298e-05 -0.0062953011057670085 0.0011175457117335301 0.0014023680146822153 0.0096431387571751011 0.0009988775218068304 -0.0051888946757222033
leaf_weight=5814 13567 41 21 31 31 98 32 41 25 33 54 90 70 20 40 86 29 170 53 48 96 26 540 198 31 54 467 28 146 26
leaf_count=5814 13567 41 21 31 31 98 32 41 25 33 54 90 70 20 40 86 29 170 53 48 96 26 540 198 31 54 467 28 146 26
internal_value=-1.25545e-05 -7.33663e-05 -0.00233243 0.000150642 0.00215563 0.000966319 -0.00291073 -0.00148105 -0.00381469 0.000888492 -0.00488218 -3.8017e-05 -5.16359e-05 -0.000581471 -0.00175926 -6.34983e-05 0.000150855 -0.00200154 -0.00418906 0.000506018 0.00096447 -0.000297939 -0.00102948 -0.00116567 -0.00337676 -0.00158596 0.00190604 0.00500101 -0.00117853 6.35166e-05
internal_weight=22006 16032 247 5974 160 129 226 131 66 65 95 15785 15695 2128 650 1478 1405 199 73 1206 948 405 580 309 111 85 543 76 258 172
internal_count=22006 16032 247 5974 160 129 226 131 66 65 95 15785 15695 2128 650 1478 1405 199 73 1206 948 405 580 309 111 85 543 76 258 172
is_linear=0
shrinkage=0.05


Tree=186
num_leaves=31
num_cat=0
split_feature=9 9 9 35 8 7 22 6 22 0 5 6 32 20 3 4 22 5 22 5 0 28 2 9 8 18 20 11 2 36
split_gain=0.0858874 0.254368 0.188628 0.292585 0.375161 0.288908 0.504523 0.350582 0.279155 0.475145 0.429516 0.294584 0.227613 0.300973 0.225734 0.207616 0.220954 0.225353 0.502787 0.426273 0.825233 0.671522 0.289038 0.325776 0.333327 0.432907 0.410953 0.367672 0.266612 0.331256
threshold=476.70773315429693 467.39701843261724 545.99746704101574 -0.8783796973249266 217.12500000000003 255.37500000000003 0.35546875000000006 465.37500000000006 0.12982638888888892 19.098750114440922 259.50752258300787 524.37500000000011 2.5000000000000004 -0.78583333333333327 52.125000000000007 37.809156417846687 0.33569444444444446 144.51995086669925 0.30055555555555563 226.5433044433594 15.623749732971193 9.5000000000000018 1015.2481079101564 572.43041992187511 140.12500000000003 -0.27843749999999995 -0.4549999999999999 -0.43166666666666659 1009.1392517089845 -0.56174490092936669
decision_type=2 2 2 2 2 2 2 2 2 2 2 2 2 2 2 2 2 2 2 2 2 2 2 2 2 2 2 2 2 2
left_child=1 -1 3 14 5 -5 8 -8 9 -7 11 -10 -6 -14 -2 16 17 18 28 20 21 -19 23 -22 26 -26 27 -25 -4 -30
right_child=2 -3 15 4 12 6 7 -9 10 -11 -12 -13 13 -15 -16 -17 -18 19 -20 -21 22 -23 -24 24 25 -27 -28 -29 29 -31
leaf_value=-4.3533032086531733e-05 -0.0049325375238965666 -0.0027082619882680269 -0.002520380994910058 0.00087288800502150496 0.0026522288387962455 -0.0042232417856298745 0.0034997370932251214 -0.0053817589096724992 0.011273802904826073 0.004823221370300397 0.00029925873726218322 0.0051432054064799709 -0.00058465154299763248 -0.0068650774649102941 0.00047559799020027005 0.0031664496090692967 -0.00093045298482714346 0.012681029664818197 0.0072617976460605865 2.7152044020710905e-05 0.0078122780044478455 0.0011801840382924473 -0.0010742524669744896 0.0030670464302106253 0.0011475422575604171 -0.0064498892554547636 -0.000619391905842349 0.010187026165425779 0.0018183988327861843 -0.00070112704036488652
leaf_weight=18170 35 90 147 297 29 21 20 25 36 47 24 43 65 27 43 52 545 30 21 1013 22 22 109 66 75 25 50 25 162 670
leaf_count=18170 35 90 147 297 29 21 20 25 36 47 24 43 65 27 43 52 545 30 21 1013 22 22 109 66 75 25 50 25 162 670
internal_value=-1.19268e-05 -5.6667e-05 0.000206161 0.000938576 0.00129409 0.00188479 0.00327616 -0.00143443 0.00451579 0.00202946 0.00615725 0.0079369 -0.00121029 -0.00242782 -0.00195113 3.42821e-05 -2.03365e-05 0.000183198 -0.000393173 0.000584291 0.00191538 0.00781529 0.00109066 0.00198791 0.00145622 -0.000751816 0.00302221 0.00502308 -0.000557375 -0.000210546
internal_weight=22006 18260 3746 712 634 513 216 45 171 68 103 79 121 92 78 3034 2982 2437 1000 1437 424 52 372 263 241 100 141 91 979 832
internal_count=22006 18260 3746 712 634 513 216 45 171 68 103 79 121 92 78 3034 2982 2437 1000 1437 424 52 372 263 241 100 141 91 979 832
is_linear=0
shrinkage=0.05


Tree=187
num_leaves=31
num_cat=0
split_feature=0 15 23 13 10 5 8 4 5 10 10 7 3 13 28 17 29 7 17 7 25 2 27 17 2 15 5 5 15 2
split_gain=0.0860624 0.203327 0.128226 0.107362 0.142959 0.127261 0.254666 0.154468 0.146985 0.0989668 0.0985423 0.446752 0.251399 0.268346 0.250704 0.225477 0.365166 0.318784 0.302333 0.288332 0.209114 0.275363 0.203073 0.191683 0.212847 0.356274 0.338036 0.285729 0.607835 0.518084
threshold=3.336249947547913 0.16470933994370629 0.18498618136617992 0.58166666666666678 0.70833333333333337 131.70607757568362 62.625000000000007 30.029755592346195 75.754657745361342 0.90083333333333349 0.2116666666666667 199.62500000000003 43.125000000000007 0.071666666666666684 15.500000000000002 0.44833333333333336 5.5000000000000009 65.625000000000014 0.55833333333333346 144.12500000000003 0.71500000000000019 1008.746063232422 0.24500000000000002 0.4316666666666667 1020.0164794921876 0.10056783227704548 202.29850769042972 228.89776611328128 0.12009833919629838 999.73117065429699
decision_type=2 2 2 2 2 2 2 2 2 2 2 2 2 2 2 2 2 2 2 2 2 2 2 2 2 2 2 2 2 2
left_child=1 2 -1 4 -4 6 7 8 -5 -6 15 -12 14 20 -13 23 17 -17 19 -19 -14 22 -22 24 27 -26 -27 28 29 -2
right_child=10 -3 3 5 9 -7 -8 -9 -10 -11 11 12 13 -15 -16 16 -18 18 -20 -21 21 -23 -24 -25 25 26 -28 -29 -30 -31
leaf_value=-0.0034255547669169539 -0.0036944078873946437 0.004248240832803828 0.00011926049175801585 0.0002779870302588062 0.0052192623650412053 -0.00025527250277939274 -0.0045968426912579505 0.0047024085522732809 0.0023357409466518578 0.0013451492619424245 -7.0354287514189253e-05 -0.0085181409509719492 0.0012715096881782467 0.00065409308564002547 -0.0015540027932729574 0.0058419694583530411 0.0083157460240181526 -0.0017729602979436037 -0.0036670993786687271 0.0046873322723116964 -0.0048694693141927321 -0.0080511166341602804 0.0012321738908067346 -0.004374982804680864 0.00024044963151671167 -0.0031366038359552533 -0.00029486701915394176 -0.00018280089637984692 0.0015630640185063896 0.00021073047629464062
leaf_weight=23 90 33 72 336 34 687 21 27 117 32 14439 28 22 88 24 28 20 31 39 39 30 30 25 24 582 203 216 2159 999 1508
leaf_count=23 90 33 72 336 34 687 21 27 117 32 14439 28 22 88 24 28 20 31 39 39 30 30 25 24 582 203 216 2159 999 1508
internal_value=-1.13305e-05 0.000370648 0.000275792 0.000339993 0.00166005 0.000186654 0.000792648 0.00102844 0.00080946 0.0033409 -3.69265e-05 -0.000106423 -0.00221491 -0.00139118 -0.00530392 0.000134954 0.00200457 0.00108323 -0.000139199 0.00182635 -0.00307327 -0.0041978 -0.002096 8.4179e-05 0.000102769 -0.00055992 -0.00167165 0.000242245 0.000595605 -9.20848e-06
internal_weight=22006 1382 1349 1326 138 1188 501 480 453 66 20624 14686 247 195 52 5938 157 137 109 70 107 85 55 5781 5757 1001 419 4756 2597 1598
internal_count=22006 1382 1349 1326 138 1188 501 480 453 66 20624 14686 247 195 52 5938 157 137 109 70 107 85 55 5781 5757 1001 419 4756 2597 1598
is_linear=0
shrinkage=0.05


Tree=188
num_leaves=31
num_cat=0
split_feature=0 15 23 21 8 24 15 7 19 36 2 1 34 18 33 26 23 29 24 24 36 20 5 25 33 32 22 4 21 21
split_gain=0.0776713 0.183502 0.115724 0.114313 1.02937 0.247166 0.236523 0.357132 0.232265 0.399017 0.206932 0.319695 0.469859 0.384841 0.19957 0.467181 0.298248 0.380888 0.363699 0.398296 0.335496 0.285656 0.208886 0.196159 0.349563 0.293167 0.270085 0.333626 0.246208 1.04606
threshold=3.336249947547913 0.16470933994370629 0.18498618136617992 0.71166666666666678 245.62500000000003 -1.0516666666666665 0.24642442957582725 93.125000000000014 0.47615023258002137 -0.22252093395631442 992.99566650390636 64.128887176513686 -0.78656609248549325 0.27031250000000001 0.60355339059327384 -0.023333333333333307 0.23021001457383969 2.5000000000000004 -0.2616666666666666 -0.09166666666666666 -0.56174490092936669 0.49166666666666675 28.752943038940433 0.71500000000000019 -0.78656609248549303 2.5000000000000004 0.010789930555555556 18.011717796325687 0.018333333333333337 0.071666666666666684
decision_type=2 2 2 2 2 2 2 2 2 2 2 2 2 2 2 2 2 2 2 2 2 2 2 2 2 2 2 2 2 2
left_child=1 2 -1 8 5 -5 14 -8 10 -10 11 -2 13 -13 22 16 20 18 -18 -20 -16 -19 -7 -12 25 -25 27 -26 -28 -30
right_child=3 -3 -4 4 -6 6 7 -9 9 -11 23 12 -14 -15 15 -17 17 21 19 -21 -22 -23 -24 24 26 -27 28 -29 29 -31
leaf_value=-0.0032542769756654039 0.004053067134910911 0.0040358287578617985 0.00032299348623323699 0.002390813085711211 -0.010333618365228177 0.0017883595794864352 0.00081133851230046474 -0.0056768171004174901 -0.0011376410612596473 0.0035578565995850672 -0.00012067085560962352 -0.0027717929756776853 -0.00063763966171646261 -0.011430259505730301 -0.0040248398148428855 -0.00017989486881572108 -0.00096123917386508901 0.0036270498372191055 -0.012946692523546516 -0.0050754090315765811 0.002389503854198104 -0.0038226224887635443 -0.00010966905321144105 0.002362570508769965 -0.0005177627858094279 0.00010335492495110877 0.0013495010318092032 -0.0064193250515553017 -0.0051088519992404866 0.0001904102315865368
leaf_weight=23 23 33 1326 93 25 149 38 48 73 119 7703 33 138 21 36 648 26 22 25 45 47 31 5344 343 81 247 419 34 95 4718
leaf_count=23 23 33 1326 93 25 149 38 48 73 119 7703 33 138 21 36 648 26 22 25 45 47 31 5344 343 81 247 419 34 95 4718
internal_value=-1.07639e-05 0.000352115 0.000262002 -3.50802e-05 -0.000207112 -0.000168473 -0.000205323 -0.00280996 4.54674e-05 0.00177259 2.15333e-05 -0.00151757 -0.00218489 -0.00613897 -0.000170175 -0.000869226 -0.0027946 -0.00413261 -0.00601097 -0.00788658 -0.000392621 -0.000730306 -5.81842e-05 4.57934e-05 0.000261774 0.00141676 0.000134329 -0.00226257 0.000187014 8.58123e-05
internal_weight=22006 1382 1349 20624 6577 6552 6459 86 14047 192 13855 215 192 54 6373 880 232 149 96 70 83 53 5493 13640 5937 590 5347 115 5232 4813
internal_count=22006 1382 1349 20624 6577 6552 6459 86 14047 192 13855 215 192 54 6373 880 232 149 96 70 83 53 5493 13640 5937 590 5347 115 5232 4813
is_linear=0
shrinkage=0.05


Tree=189
num_leaves=31
num_cat=0
split_feature=9 9 13 23 15 8 4 19 24 29 9 2 22 1 18 2 2 15 10 6 13 36 22 22 19 13 24 24 12 25
split_gain=0.0772999 0.227835 0.212046 0.176866 0.321363 0.392649 0.26277 0.693436 0.423095 0.438367 0.214462 0.378196 0.315781 0.381552 0.308282 0.306683 0.333336 0.24335 0.217559 0.216516 0.390329 0.246194 0.302872 0.231249 0.207132 0.203714 0.210072 0.199089 0.240512 0.239154
threshold=476.70773315429693 467.39701843261724 -0.34166666666666662 0.34565303197525959 0.19536291016133259 129.12500000000003 31.322642326354984 0.2675855693851113 -0.79833333333333323 3.5000000000000004 579.73037719726574 1000.9904174804689 0.13473958333333336 76.319694519042983 0.19177083333333331 1016.0298767089845 1016.9342651367189 0.077241204643282158 0.10500000000000002 615.25000000000011 -0.16166666666666665 1.0000000180025095e-35 0.047951388888888911 -0.014565972222222218 0.43809298416124748 -0.79833333333333323 -0.98499999999999988 -1.0749999999999997 -0.94833333333333314 0.68166666666666675
decision_type=2 2 2 2 2 2 2 2 2 2 2 2 2 2 2 2 2 2 2 2 2 2 2 2 2 2 2 2 2 2
left_child=1 -1 -3 4 -2 -6 10 -8 -9 -10 11 -5 19 14 15 -14 -17 -15 -19 20 21 -13 -23 -22 27 26 -21 28 -12 -29
right_child=3 2 -4 6 5 -7 7 8 9 -11 24 12 13 17 -16 16 -18 18 -20 25 23 22 -24 -25 -26 -27 -28 29 -30 -31
leaf_value=-4.0240257525537002e-05 -0.0001223707809842974 -0.0069614115581359895 -0.0012232634119109078 -0.0042364507543799631 -0.0080288617766552401 -0.00074842204036110129 -0.00301100370109182 0.0014441371469537875 0.0036174252806674871 0.013833744806193171 0.0016993703345930125 0.0010007887711062245 0.0003682044177206562 0.0011243067681789398 -0.003396397653178328 0.0095575949282978075 0.0025985916195248693 0.010957862756004034 0.0042931636199355127 -0.0012715731635986967 0.0019668594849346663 0.0093871724168171321 0.002266501996200532 -0.0014218145941259524 0.0035607612074818463 -0.0031990150142211836 0.0046483831712976096 0.00058882054445575293 -0.0023734117634812294 -0.00047880825980180155
leaf_weight=18170 362 21 69 34 31 46 37 38 21 21 46 57 119 21 29 22 79 24 25 47 78 28 32 142 40 71 22 1102 171 1001
leaf_count=18170 362 21 69 34 31 46 37 38 21 21 46 57 119 21 29 22 79 24 25 47 78 28 32 142 40 71 22 1102 171 1001
internal_value=-1.02257e-05 -5.26703e-05 -0.00256216 0.000196672 -0.000746288 -0.00367951 0.000321849 0.0026491 0.0052669 0.00872559 0.000236492 0.000927792 0.00114838 0.00236616 0.0014493 0.00208806 0.00411441 0.00562755 0.00755751 0.000333966 0.00102057 0.00335396 0.00558948 -0.000220376 -6.63507e-06 -0.00131878 0.000615949 -6.81419e-05 -0.00151006 8.06434e-05
internal_weight=22006 18260 90 3746 439 77 3307 117 80 42 3190 830 796 319 249 220 101 70 49 477 337 117 60 220 2360 140 69 2320 217 2103
internal_count=22006 18260 90 3746 439 77 3307 117 80 42 3190 830 796 319 249 220 101 70 49 477 337 117 60 220 2360 140 69 2320 217 2103
is_linear=0
shrinkage=0.05


Tree=190
num_leaves=31
num_cat=0
split_feature=26 25 36 23 8 9 4 3 5 2 1 23 27 1 6 23 13 32 13 24 27 25 27 24 8 13 25 25 7 1
split_gain=0.114271 0.300636 0.277123 0.201477 0.131207 0.102341 0.373661 0.319979 0.338981 0.686496 0.358415 0.794906 0.43265 0.383454 0.432511 0.322119 0.328827 0.319581 0.357214 0.306171 0.405845 0.529279 0.269679 0.314179 0.719328 0.274697 0.264133 0.354484 0.400996 0.35318
threshold=0.44166666666666676 0.77500000000000002 -0.22252093395631442 0.33582639331712943 199.62500000000003 476.70773315429693 41.209045410156257 27.625000000000004 190.21434020996097 1025.6352539062502 69.574111938476577 0.55862233889887181 -0.51166666666666649 71.843406677246108 314.37500000000006 0.51965670542592812 -0.69166666666666654 3.5000000000000004 -0.0083333333333333315 -0.66499999999999992 0.17333333333333339 0.7383333333333334 -0.0033333333333333821 -1.0016666666666665 165.62500000000003 -0.58166666666666655 0.67166666666666675 0.59833333333333349 515.12500000000011 63.055349349975593
decision_type=2 2 2 2 2 2 2 2 2 2 2 2 2 2 2 2 2 2 2 2 2 2 2 2 2 2 2 2 2 2
left_child=5 2 -2 -3 -5 -1 7 17 9 22 26 12 -12 15 -15 16 -14 -7 -19 20 -16 -22 -9 24 -24 -25 27 -10 -29 -30
right_child=1 3 -4 4 -6 6 -8 8 10 -11 11 -13 13 14 19 -17 -18 18 -20 -21 21 -23 23 25 -26 -27 -28 28 29 -31
leaf_value=-2.2839168638030148e-05 -0.0033405355825696301 -0.00021597464801743628 0.0035794632891431831 -0.0030858414527028801 -0.0087445260879273224 -0.00047705607886318444 0.0054832413232789434 -0.001207360712007734 -0.0015658193066800863 0.007823666450209342 0.0084218259900808341 0.011060594806137185 0.010965751474723222 0.0036806420300092126 0.0022245966215869262 -0.0014325235123661432 0.0036600643643803564 0.0054453113104197355 -0.0018315261823143095 -0.0028437076435445553 -0.0085739089210224145 0.0025476999767124653 0.00037264371360971101 -0.0036394404163584112 0.009799217340436631 0.00056551170609650558 -0.00026174382618740472 0.0013778980860408552 0.0093428642735151318 0.0011408910997921513
leaf_weight=18286 23 24 39 20 21 1505 34 464 66 26 23 24 20 84 126 22 67 48 26 88 23 20 73 50 28 174 478 167 35 21
leaf_count=18286 23 24 39 20 21 1505 34 464 66 26 23 24 20 84 126 22 67 48 26 88 23 20 73 50 28 174 478 167 35 21
internal_value=1.70002e-05 -0.00147849 0.00101237 -0.00385439 -0.00598419 2.56419e-05 0.000265763 0.000217268 0.00062481 -0.000170297 0.00113748 0.00218342 0.001733 0.00139112 0.000565926 0.0039727 0.00533953 -0.000319325 0.00288858 -0.000452113 0.000793215 -0.00340107 -0.000433723 0.000670794 0.00298595 -0.000373094 0.000459727 0.00165302 0.00260569 0.00626712
internal_weight=22105 127 62 65 41 21978 3692 3658 2079 815 1264 497 473 450 341 109 87 1579 74 257 169 43 789 325 101 224 767 289 223 56
internal_count=22105 127 62 65 41 21978 3692 3658 2079 815 1264 497 473 450 341 109 87 1579 74 257 169 43 789 325 101 224 767 289 223 56
is_linear=0
shrinkage=0.05


Tree=191
num_leaves=31
num_cat=0
split_feature=26 25 22 23 8 0 9 4 3 12 16 32 18 8 2 7 11 27 36 7 0 4 18 5 2 32 20 10 23 10
split_gain=0.103129 0.271324 0.275843 0.181833 0.118414 0.0998232 0.0923629 0.337229 0.288781 0.356083 0.372088 0.288422 0.334786 0.284456 0.255452 0.241362 0.766005 0.454899 0.424053 0.422109 0.548938 0.468979 0.407355 0.455679 0.391301 0.356117 0.327445 0.309408 0.287531 0.274401
threshold=0.44166666666666676 0.77500000000000002 0.088836805555555579 0.33582639331712943 199.62500000000003 17.917500495910648 476.70773315429693 41.209045410156257 27.625000000000004 0.24166666666666672 -0.078333333333333324 3.5000000000000004 1.0000000180025095e-35 101.12500000000001 1012.4728393554689 272.12500000000006 -0.21166666666666664 0.30166666666666681 -0.22252093395631442 249.12500000000003 17.267500877380375 16.395864486694339 -0.31093749999999992 219.74085235595706 1012.5431518554689 2.5000000000000004 -0.93833333333333313 -0.245 0.42971950527368524 -0.73166666666666658
decision_type=2 2 2 2 2 2 2 2 2 2 2 2 2 2 2 2 2 2 2 2 2 2 2 2 2 2 2 2 2 2
left_child=6 2 -2 -3 -5 -4 15 8 11 -10 -11 -8 13 -13 -12 19 22 18 -18 29 21 -21 26 24 -24 -25 -17 -22 -28 -1
right_child=1 3 5 4 -6 -7 7 -9 9 10 14 12 -14 -15 -16 16 17 -19 -20 20 27 -23 23 25 -26 -27 28 -29 -30 -31
leaf_value=-0.0036433375633070962 -0.0038712333212606608 -0.0002051758123949791 0.0058197374455630779 -0.0029315493651665748 -0.0083072998538790722 0.0009390148863365705 -0.00045320326904073116 0.0052090792471597737 0.00042596127596189855 0.0089082271488302427 0.00021694589360979284 0.0016650482627277774 -0.0027819600817747415 0.0090039219788235168 0.0055294134414218595 0.0011600812804568579 -0.0028624461448573052 0.0003241069658149688 -0.0095789969304299113 0.010181988585334752 0.0015509930598299679 0.0024662306216433304 0.0090131103937678477 0.0048918625987742258 0.00077282833773642784 -0.0025374861386673595 0.0008400928755493268 -0.006034676667768509 -0.0058543882455747084 -5.8710019827268728e-06
leaf_weight=52 20 24 20 20 21 22 1505 34 1951 23 72 31 20 23 33 58 47 37 47 31 41 54 34 23 25 54 23 20 53 17687
leaf_count=52 20 24 20 20 21 22 1505 34 1951 23 72 31 20 23 33 58 47 37 47 31 41 54 34 23 25 54 23 20 53 17687
internal_value=1.61502e-05 -0.00140457 0.000961749 -0.00366167 -0.00568498 0.00326317 2.43598e-05 0.000252474 0.000206404 0.000593569 0.00314828 -0.000303359 0.00274416 0.00479086 0.00188658 -2.16972e-05 -0.00123485 -0.00437218 -0.00622072 5.50301e-06 0.00268298 0.00528021 0.000287331 0.00221511 0.00552147 -0.00031833 -0.00166922 -0.000936112 -0.00382843 -1.65339e-05
internal_weight=22105 127 62 65 41 42 21978 3692 3658 2079 128 1579 74 54 105 18286 401 131 94 17885 146 85 270 136 59 77 134 61 76 17739
internal_count=22105 127 62 65 41 42 21978 3692 3658 2079 128 1579 74 54 105 18286 401 131 94 17885 146 85 270 136 59 77 134 61 76 17739
is_linear=0
shrinkage=0.05


Tree=192
num_leaves=31
num_cat=0
split_feature=26 25 22 17 0 9 19 27 0 24 2 13 10 21 10 29 20 15 2 17 0 10 0 27 8 20 0 4 29 2
split_gain=0.0930741 0.24487 0.248949 0.124971 0.0900905 0.0866746 0.256947 0.311378 0.255702 0.46333 0.370385 0.36882 0.321159 0.314467 0.603534 0.296203 0.659054 0.613371 0.407822 0.387496 0.474536 0.283612 0.642462 0.261986 0.310943 0.245479 0.396219 0.428063 0.259985 0.238946
threshold=0.44166666666666676 0.77500000000000002 0.088836805555555579 0.26833333333333337 17.917500495910648 165.83868408203128 0.11199121039574207 -0.23666666666666658 16.098750114440922 -0.59166666666666656 1015.1829528808595 -0.92499999999999993 0.16166666666666671 0.59166666666666679 0.27166666666666672 5.5000000000000009 -0.82499999999999984 0.13366278670151843 1005.4270019531251 -0.42166666666666658 15.967500209808351 0.79166666666666685 8.2549996376037615 0.25666666666666682 196.25000000000003 0.38833333333333336 7.4112501144409189 12.221250534057619 1.0000000180025095e-35 1019.6901855468751
decision_type=2 2 2 2 2 2 2 2 2 2 2 2 2 2 2 2 2 2 2 2 2 2 2 2 2 2 2 2 2 2
left_child=5 2 -2 -3 -4 6 7 -1 11 13 12 -7 -11 29 -15 19 17 -17 21 20 -13 22 -18 24 -24 -21 27 -27 -29 -10
right_child=1 3 4 -5 -6 8 -8 -9 9 10 -12 15 -14 14 -16 16 18 -19 -20 25 -22 -23 23 -25 -26 26 -28 28 -30 -31
leaf_value=0.0043031140079785304 -0.0036776715656742457 -0.0060795115272480032 0.005528750565135852 -0.0016305597364216261 0.0008920642060481689 0.0066631581868326368 -0.00033133095686398368 8.7244182565650498e-05 7.4387286911561896e-05 -0.0021635344089445427 0.0026216119461293735 -0.0021114614806083758 -0.0083082830344603682 0.0095935896019606545 0.00072876105360440615 0.011938884340364624 0.010145578030496837 0.0024452541309469586 -0.00042184449555995087 0.00062702124591484725 0.0052330315161574015 -0.0020169786889500056 0.0029599332446444103 0.0070262710377573968 -0.0032389489584602419 0.0019949288945645093 0.0010609949861614073 0.00032771365617268854 -0.0051232135742902765 -0.0010308953856951245
leaf_weight=44 20 27 20 38 22 24 5150 9535 3116 50 21 263 37 24 96 27 30 46 259 2208 24 26 55 20 32 40 143 28 100 580
leaf_count=44 20 27 20 38 22 24 5150 9535 3116 50 21 263 37 24 96 27 30 46 259 2208 24 26 55 20 32 40 143 28 100 580
internal_value=1.53427e-05 -0.00133434 0.000913661 -0.00347859 0.00310001 2.31418e-05 -4.65167e-05 0.000106609 0.000164679 -0.000108678 -0.00333823 0.00048728 -0.00477682 -1.7275e-05 0.00250173 0.000442378 0.00157005 0.0059566 0.000811241 0.000243448 -0.00149729 0.00277056 0.00367914 0.00186613 0.000679885 0.000441777 -0.000873395 -0.00251993 -0.00393082 -9.90608e-05
internal_weight=22105 127 62 65 42 21978 14729 9579 7249 3924 108 3325 87 3816 120 3301 495 73 422 2806 287 163 137 107 87 2519 311 168 128 3696
internal_count=22105 127 62 65 42 21978 14729 9579 7249 3924 108 3325 87 3816 120 3301 495 73 422 2806 287 163 137 107 87 2519 311 168 128 3696
is_linear=0
shrinkage=0.05


Tree=193
num_leaves=31
num_cat=0
split_feature=33 2 19 25 5 25 18 3 1 2 8 4 21 34 8 4 9 8 15 16 29 22 1 34 3 32 1 9 8 2
split_gain=0.0860126 0.217949 0.496316 0.366364 0.250069 0.303641 0.314041 0.227754 0.228103 0.224136 0.425116 0.358638 0.26197 0.326545 0.241602 0.333066 0.236007 0.278337 0.21415 0.195732 0.193227 0.278388 0.212092 0.230593 0.208042 0.180691 0.162959 0.162023 0.158607 0.158077
threshold=0.91597561503675362 1007.7436828613282 0.13245675394050299 0.67166666666666675 242.65390777587893 0.77166666666666683 0.54427083333333359 67.125000000000014 87.813262939453139 1009.3521728515626 48.125000000000007 15.945189476013185 0.36833333333333335 1.0000000180025095e-35 64.875000000000014 26.089751243591312 611.97592163085949 0.62500000000000011 0.080202290537177839 0.35166666666666674 2.5000000000000004 0.27841145833333342 77.097404479980483 1.0000000180025095e-35 58.125000000000007 3.5000000000000004 80.153274536132827 643.26354980468761 108.12500000000001 1006.6433105468751
decision_type=2 2 2 2 2 2 2 2 2 2 2 2 2 2 2 2 2 2 2 2 2 2 2 2 2 2 2 2 2 2
left_child=-1 2 3 19 7 -6 -7 8 -5 10 -3 16 -12 -14 -13 20 17 -11 26 29 21 22 -16 -24 28 -19 -9 -18 -22 -2
right_child=1 9 -4 4 5 6 -8 18 -10 11 12 14 13 -15 15 -17 27 25 -20 -21 24 -23 23 -25 -26 -27 -28 -29 -30 -31
leaf_value=-2.2771188223127117e-05 0.0069211391769349586 0.0011871513714140748 -0.0046211597433859037 -0.0048567538254428652 -0.0030665871951813728 0.0058277100197632213 0.0012869081946943577 -0.0018989916277369337 0.00036021685201293704 0.0013116292659675175 -0.0012225746451757658 0.0002683924475841832 -0.010805581440217794 -0.0022680498583386431 -0.0005709285345385849 -0.0034576872233301401 0.005860564134934027 -0.0012523052929357002 0.0050349825630999281 -0.00018940967441137351 0.00087699173309374601 0.0075193456883052697 0.0080494148113454383 0.0013135881163179874 0.003063949806758651 0.0018827483404845913 0.00087476554919309151 0.00045831040620604267 -0.0044564640021417289 0.0021734405515922441
leaf_weight=19333 50 64 38 40 22 66 90 63 44 147 39 514 24 21 35 25 23 741 27 21 46 39 24 27 79 49 332 35 20 27
leaf_count=19333 50 64 38 40 22 66 90 63 44 147 39 514 24 21 35 25 23 741 27 21 46 39 24 27 79 49 332 35 20 27
internal_value=1.45756e-05 0.000275046 0.00095909 0.00123025 0.000820607 0.0024325 0.00320802 0.000253576 -0.00212405 -1.2308e-05 -0.00188288 0.000141153 -0.00422195 -0.0068214 0.000922992 0.00206355 -0.000494533 -0.00068612 0.000726849 0.00408941 0.00257477 0.0040154 0.0024264 0.00448339 0.00133286 -0.00105785 0.000432369 0.00260058 -0.000739207 0.00525636
internal_weight=22105 2772 820 782 684 178 156 506 84 1952 148 1804 84 45 809 295 995 937 422 98 270 125 86 51 145 790 395 58 66 77
internal_count=22105 2772 820 782 684 178 156 506 84 1952 148 1804 84 45 809 295 995 937 422 98 270 125 86 51 145 790 395 58 66 77
is_linear=0
shrinkage=0.05


Tree=194
num_leaves=31
num_cat=0
split_feature=26 25 36 23 8 0 19 33 2 30 8 26 7 13 17 17 7 25 18 27 23 24 5 28 21 5 13 9 0 8
split_gain=0.0837549 0.220995 0.250052 0.157711 0.104422 0.0878821 0.254416 0.199761 0.407531 0.185447 0.26651 0.181179 0.166412 0.252033 0.535729 0.166653 0.315626 0.163845 0.163525 0.165892 0.190325 0.166556 0.156343 0.152522 0.143622 0.13134 0.12617 0.163071 0.123855 0.311369
threshold=0.44166666666666676 0.77500000000000002 -0.22252093395631442 0.33582639331712943 199.62500000000003 21.786250114440922 0.32676925826222925 0.37940952255126054 1017.0351562500001 1.0000000180025095e-35 117.12500000000001 0.12000000000000009 611.75000000000011 -0.92499999999999993 -0.72833333333333317 -0.25499999999999995 415.37500000000006 0.66833333333333345 -0.45677083333333329 0.016666666666666618 0.54335052697984121 -1.0449999999999997 96.578353881835952 14.500000000000002 0.17500000000000002 121.2159881591797 -0.16166666666666665 531.91213989257824 20.336251258850101 136.12500000000003
decision_type=2 2 2 2 2 2 2 2 2 2 2 2 2 2 2 2 2 2 2 2 2 2 2 2 2 2 2 2 2 2
left_child=5 2 -2 -3 -5 28 7 11 24 10 -8 12 13 14 -7 18 -17 -11 19 21 22 -15 -21 -22 -9 -12 27 -26 -1 -30
right_child=1 3 -4 4 -6 6 9 8 -10 17 25 -13 -14 15 -16 16 -18 -19 -20 20 23 -23 -24 -25 26 -27 -28 -29 29 -31
leaf_value=2.3931461600285581e-05 -0.0032657166720246491 -8.4444586536847066e-05 0.0033076081351818853 -0.0026022038469091062 -0.0076503770958100048 -0.001420052363895453 0.0014593357788126402 -0.0055021569574380232 0.0052532938052900144 0.0015302529510033006 0.003384624340881904 -0.0014218000420837401 -0.0010168324157004119 0.0029944165784399957 0.0079453215682627389 0.00039158308664880535 -0.0055307130436771197 -0.0031800853445505105 0.0055617068489284618 0.0061589360949016597 0.0031289033525224242 -0.0023892578092522408 0.0014155202872643713 -0.0010644214636270413 0.002148444504784879 0.0083470998972188688 -0.004324162438933854 -0.0021903209954625856 0.00023346567202331479 -0.0016005698616233879
leaf_weight=19848 23 24 39 20 21 26 141 29 20 48 30 115 111 20 37 167 26 30 23 38 35 51 32 57 33 24 32 63 533 409
leaf_count=19848 23 24 39 20 21 26 141 29 20 48 30 115 111 20 37 167 26 30 23 38 35 51 32 57 33 24 32 63 533 409
internal_value=1.38468e-05 -0.00126648 0.000869117 -0.00330352 -0.00518785 2.12452e-05 0.000439504 3.98315e-05 -0.00146871 0.00177907 0.00260326 0.000401636 0.000738225 0.00111872 0.00408025 0.000703178 -0.000406239 -0.000281416 0.00153958 0.00114254 0.00202578 -0.00087273 0.00399052 0.000530865 -0.00232501 0.00559017 -0.00160519 -0.00069887 -2.65533e-06 -0.000562841
internal_weight=22105 127 62 65 41 21978 1188 915 177 273 195 738 623 512 63 449 193 78 256 233 162 71 70 92 157 54 128 96 20790 942
internal_count=22105 127 62 65 41 21978 1188 915 177 273 195 738 623 512 63 449 193 78 256 233 162 71 70 92 157 54 128 96 20790 942
is_linear=0
shrinkage=0.05


Tree=195
num_leaves=31
num_cat=0
split_feature=3 34 2 1 2 16 31 6 27 11 6 4 28 23 21 8 4 1 28 23 19 36 18 25 19 7 19 5 27 2
split_gain=0.103472 0.245635 0.4724 0.419376 0.300254 0.299038 0.282903 0.852746 0.207132 0.266224 0.492967 0.24867 0.390961 0.476818 0.508043 0.511586 0.393539 0.33137 0.313971 0.305448 0.272332 0.237759 0.224781 0.215487 0.391866 0.27242 0.246617 0.257688 0.397257 0.23359
threshold=99.125000000000014 -0.5 987.04183959960949 78.79388809204103 995.44238281250011 0.46166666666666673 1.0000000180025095e-35 424.12500000000006 0.16000000000000011 0.61166666666666669 160.87500000000003 17.714307785034183 10.500000000000002 0.26188503453820833 0.46833333333333338 165.62500000000003 12.907044410705568 59.512018203735359 15.500000000000002 0.50129588704939121 0.11297902132364716 1.0000000180025095e-35 0.17177083333333337 1.3316666666666668 0.12966436355059477 20.625000000000004 0.052932084252447893 217.13871765136722 -0.24166666666666667 1008.5364074707032
decision_type=2 2 2 2 2 2 2 2 2 2 2 2 2 2 2 2 2 2 2 2 2 2 2 2 2 2 2 2 2 2
left_child=-1 2 3 -2 -4 -5 8 -8 11 -10 -11 12 13 -6 19 20 21 -13 -18 22 -16 -14 -15 26 -25 -26 -19 28 -28 -30
right_child=1 -3 4 5 6 -7 7 -9 9 10 -12 17 16 14 15 -17 18 23 -20 -21 -22 -23 -24 24 25 -27 27 -29 29 -31
leaf_value=-9.4061302673333966e-05 -0.0081241200670505078 -5.1054321560975827e-05 0.0026410658700458177 0.0043766424176283182 -0.0078163840510219774 -0.0026545517449361091 -0.0076129618750807523 0.0052638280927203599 0.00035175742898011105 -0.00086667542193373222 -0.0091411939337073516 -0.0046258030337807928 0.0011627418633937045 -0.0029124011921788187 0.0020319756791543435 0.0060221952132203365 -0.0014536341087973516 -0.00086051656668665027 0.0042676671171128491 0.00082482824675805344 -0.0045635749684277407 0.0043872185261494929 -0.0085998860774966681 0.0014928494626114709 -0.00037723725362281713 -0.0069940146067113216 0.0071574329928148026 0.0013039420386301234 0.0010261364382077225 0.0039295295041938518
leaf_weight=12873 27 6167 175 20 26 62 36 20 539 126 21 23 151 71 34 44 167 82 28 42 29 92 23 129 35 28 51 506 151 128
leaf_count=12873 27 6167 175 20 26 62 36 20 539 126 21 23 151 71 34 44 167 82 28 42 29 92 23 129 35 28 51 506 151 128
internal_value=-3.03319e-06 0.000126692 0.000509162 -0.00271927 0.0006368 -0.000939626 0.000500957 -0.00301411 0.000578884 -0.000162637 -0.00204875 0.000855343 0.000119512 -0.00138082 -0.000692243 0.00188523 0.00104095 0.00131451 -0.000632114 -0.00272011 -0.00100407 0.00238353 -0.00430402 0.00143759 -8.57194e-05 -0.00331803 0.0017562 0.00201286 0.00309987 0.00235816
internal_weight=21906 9033 2866 109 2757 82 2582 56 2526 686 147 1840 707 269 243 107 438 1133 195 136 63 243 94 1110 192 63 918 836 330 279
internal_count=21906 9033 2866 109 2757 82 2582 56 2526 686 147 1840 707 269 243 107 438 1133 195 136 63 243 94 1110 192 63 918 836 330 279
is_linear=0
shrinkage=0.05


Tree=196
num_leaves=31
num_cat=0
split_feature=26 27 3 3 26 5 29 23 18 25 27 1 3 3 10 8 2 25 32 21 0 23 15 9 21 25 7 9 26 33
split_gain=0.0947434 0.27525 0.172214 0.460351 0.127402 0.365904 0.244793 0.216064 0.230002 0.209676 0.284603 0.348689 0.259279 0.362577 0.351139 0.31735 0.352527 0.256945 0.244508 0.235728 0.302003 0.223585 0.210888 0.187527 0.176442 0.325943 0.183964 0.167483 0.164533 0.221772
threshold=-0.42499999999999993 -0.22833333333333325 88.625000000000014 55.625000000000007 -0.053333333333333115 351.73825073242193 1.5000000000000002 0.22583047811515197 0.70906250000000015 0.76833333333333342 -0.18166666666666656 83.136638641357436 99.625000000000014 97.125000000000014 -0.49499999999999994 224.62500000000003 1016.4371337890626 0.66166666666666674 2.5000000000000004 0.51166666666666683 10.011250019073488 0.5067685483211849 0.12009833919629838 229.30973052978518 -0.25499999999999995 0.71833333333333338 625.87500000000011 20.072591781616214 -0.11166666666666668 0.37940952255126054
decision_type=2 2 2 2 2 2 2 2 2 2 2 2 2 2 2 2 2 2 2 2 2 2 2 2 2 2 2 2 2 2
left_child=1 2 3 -1 5 6 7 8 -2 12 11 19 13 15 -14 16 17 -9 28 -11 -21 -18 -19 27 25 -8 -26 -16 -12 -30
right_child=4 -3 -4 -5 -6 -7 24 9 -10 10 18 -13 14 -15 23 -17 21 22 -20 20 -22 -23 -24 -25 26 -27 -28 -29 29 -31
leaf_value=0.0022281011480286164 0.0063375960336998112 0.0047859004116617143 0.0025694264193589335 -0.0075154994783753707 4.1737905031581304e-05 -0.0067174206440210014 0.00055656199851496647 -0.00019046183501748179 -6.4311540150578984e-05 -0.0054033320848602892 -0.0035573110165102273 -0.0077111602030192064 0.0075938832214368247 -0.0057589742678424557 -0.0021202007553802102 -0.0051529126016028005 -0.005631590214195765 0.0010489718891965988 0.0032092218982143097 -0.0026416467339004158 0.0038388814139179886 -0.00066268433230837469 0.0062091377848345376 -0.0037250892370052284 -7.8975979528712003e-06 0.00784279534855159 -0.004237534283087231 0.0033604671461786063 0.00059716415218157102 -0.0029281732556410136
leaf_weight=27 20 40 32 22 18344 22 66 138 47 41 67 38 21 36 20 33 36 44 32 64 25 61 36 21 2288 20 26 46 123 70
leaf_count=27 20 40 32 22 18344 22 66 138 47 41 67 38 21 36 20 33 36 44 32 64 25 61 36 21 2288 20 26 46 123 70
internal_value=-2.88153e-06 0.00139236 -0.000283464 -0.00214658 -1.06311e-05 -0.000289811 -0.000248451 -0.000897741 0.00184671 -0.00109089 -0.0018583 -0.00349794 -0.00037339 -0.00098211 0.00179095 -0.000487951 7.58724e-07 0.00111651 -0.000914951 -0.00226638 -0.000821274 -0.00250681 0.00337105 0.000390237 2.72264e-05 0.00225103 -5.54216e-05 0.00169966 -0.00142254 -0.000681456
internal_weight=21906 121 81 49 21785 3441 3419 1019 67 952 460 168 492 384 108 348 315 218 292 130 89 97 80 87 2400 86 2314 66 260 193
internal_count=21906 121 81 49 21785 3441 3419 1019 67 952 460 168 492 384 108 348 315 218 292 130 89 97 80 87 2400 86 2314 66 260 193
is_linear=0
shrinkage=0.05


Tree=197
num_leaves=31
num_cat=0
split_feature=3 34 2 1 2 16 31 21 16 11 11 23 20 5 0 2 4 13 35 16 2 16 1 5 2 14 15 8 20 28
split_gain=0.0911762 0.221294 0.426313 0.378459 0.272827 0.269923 0.255832 0.723347 0.195037 0.511069 0.442629 0.423789 0.383226 0.490697 0.472644 0.313745 0.343249 0.440797 0.276129 0.274305 0.27059 0.269683 0.286408 0.263983 0.256485 0.254896 0.253362 0.241209 0.307154 0.342855
threshold=99.125000000000014 -0.5 987.04183959960949 78.79388809204103 995.44238281250011 0.46166666666666673 1.0000000180025095e-35 0.58166666666666678 0.17166666666666672 0.36833333333333335 0.53166666666666684 0.27811180209182701 -0.12833333333333333 276.13940429687506 15.492499828338625 1022.2298583984376 11.301109313964846 -0.2283333333333333 0.87837969732492682 -0.46166666666666661 1024.3782348632815 0.045000000000000005 75.741744995117202 228.89776611328128 1009.3521728515626 0.095833333333333284 0.11045151344302516 328.62500000000006 -0.39499999999999996 9.5000000000000018
decision_type=2 2 2 2 2 2 2 2 2 2 2 2 2 2 2 2 2 2 2 2 2 2 2 2 2 2 2 2 2 2
left_child=-1 2 3 -2 -4 -5 8 -8 10 18 11 -6 15 14 25 16 17 23 26 -19 -17 22 27 -13 -21 -14 -10 28 29 -18
right_child=1 -3 4 5 6 -7 7 -9 9 -11 -12 12 13 -15 -16 20 21 19 -20 24 -22 -23 -24 -25 -26 -27 -28 -29 -30 -31
leaf_value=-8.8186108068764291e-05 -0.0077192655678286594 -4.9673736045397561e-05 0.0025138474299954919 0.004156592027284205 0.0038381545883902097 -0.0025235508099872425 0.0013667456113681611 -0.010492880407255142 0.0038671240827870164 0.00062103744604918084 -0.0070983509976594228 0.002892598188832723 -0.0039280801299028103 -0.0092168713581155647 -0.0063040130470386332 -0.0048132584183750785 -0.0061201145842104503 -0.0044515467864195152 -5.2313092035344907e-05 0.0051373973195613541 0.0016249567872970755 -0.0042042125249281527 0.0028869359665449064 0.0080978836723123535 -0.0015283996254325874 0.0018559567997272098 0.010082489377819002 -0.0031759833206486858 0.0040334499865518104 0.00014421847339908373
leaf_weight=12873 27 6167 175 20 76 62 36 20 91 1144 21 93 25 22 34 51 23 28 36 27 24 35 92 33 31 80 20 58 48 434
leaf_count=12873 27 6167 175 20 76 62 36 20 91 1144 21 93 25 22 34 51 23 28 36 27 24 35 92 33 31 80 20 58 48 434
internal_value=-2.73745e-06 0.000119036 0.000482062 -0.00258485 0.000603315 -0.000894248 0.000473825 -0.00286884 0.00054793 0.000977647 9.87282e-05 0.000223225 -1.81942e-05 -0.00227847 -0.0011803 0.000354276 0.000612644 0.0023723 0.00375289 -0.000387372 -0.00275303 7.19963e-05 0.000300496 0.00425589 0.00157464 0.000478805 0.00498701 -0.000122155 0.000228582 -0.000171054
internal_weight=21906 9033 2866 109 2757 82 2582 56 2526 1291 1235 1214 1138 161 139 977 902 212 147 86 75 690 655 126 58 105 111 563 505 457
internal_count=21906 9033 2866 109 2757 82 2582 56 2526 1291 1235 1214 1138 161 139 977 902 212 147 86 75 690 655 126 58 105 111 563 505 457
is_linear=0
shrinkage=0.05


Tree=198
num_leaves=31
num_cat=0
split_feature=26 12 9 13 26 5 4 34 12 23 5 27 5 32 3 9 26 28 36 23 26 13 27 0 18 15 26 2 18 22
split_gain=0.084599 0.407741 0.207755 0.21521 0.115491 0.326946 0.244933 0.236963 0.333896 0.294899 0.260959 0.266969 0.245265 0.335245 0.267317 0.479784 0.308649 0.298558 0.407848 0.289699 0.227483 0.226918 0.225184 0.221265 0.222153 0.269108 0.207961 0.195595 0.198342 0.216888
threshold=-0.42499999999999993 0.26166666666666671 596.87341308593761 -0.058333333333333327 -0.053333333333333115 351.73825073242193 24.009590148925785 -0.37940952255126015 -0.49499999999999994 0.37782394676491227 14.325294494628908 0.2816666666666669 53.753158569335945 2.5000000000000004 98.875000000000014 218.23894500732425 -0.22166666666666668 8.5000000000000018 -0.22252093395631442 0.5374625740624791 -0.11999999999999997 -0.84833333333333327 -0.25833333333333319 21.573750495910648 -0.35802083333333323 0.2002440640148844 -0.11999999999999997 1007.4965820312501 -0.53218749999999981 0.13817708333333337
decision_type=2 2 2 2 2 2 2 2 2 2 2 2 2 2 2 2 2 2 2 2 2 2 2 2 2 2 2 2 2 2
left_child=1 2 3 -1 5 6 7 8 9 -2 -10 12 13 -12 15 16 -14 18 -16 23 -18 -8 26 24 -19 -26 -9 -11 29 -29
right_child=4 -3 -4 -5 -6 -7 21 22 10 27 11 -13 14 -15 17 -17 20 19 -20 -21 -22 -23 -24 -25 25 -27 -28 28 -30 -31
leaf_value=0.00147493417572343 0.0056248792590430155 -0.0037392685484761998 -0.0011255130065483568 0.0071030689210497908 3.9937409251286309e-05 -0.006351542306682942 0.0038904946307530223 0.0059948327495095008 0.0043186740240170841 0.0039606141764670609 -0.001467682820094644 -0.0059617440526684128 -0.00037473781137830681 -0.0081545294390927107 0.0019857595884241164 -0.0010919866493311833 -0.010738565173486005 -0.004790085554122925 -0.005285362054483914 0.0064752926584333188 -0.0046259251495616308 0.00028581663324342763 -2.3466402949899656e-05 0.0052411462025096023 -0.0002500767821219776 0.0044922070094959481 -0.0001343785710632801 4.5230399593021031e-05 -0.0013939626485682374 0.0046768076647298804
leaf_weight=33 26 30 23 35 18344 22 46 31 21 30 53 30 27 29 30 646 23 23 54 20 45 858 783 21 249 34 25 108 174 33
leaf_count=33 26 30 23 35 18344 22 46 31 21 30 53 30 27 29 30 646 23 23 54 20 45 858 783 21 249 34 25 108 174 33
internal_value=-2.60058e-06 0.00131583 0.00298235 0.00437177 -9.92351e-06 -0.000275733 -0.000236637 -0.00049036 -0.000833748 0.000489853 -0.00121004 -0.00130046 -0.00118894 -0.00383254 -0.00100398 -0.00157989 -0.0048976 -1.38582e-05 -0.00268853 0.000633613 -0.00669344 0.000469241 0.000195597 0.000276324 -6.43989e-05 0.000319668 0.00325858 0.000102865 -0.00026454 0.00112922
internal_weight=21906 121 91 68 21785 3441 3419 2515 1676 371 1305 1284 1254 82 1172 741 95 431 84 347 68 904 839 327 306 283 56 345 315 141
internal_count=21906 121 91 68 21785 3441 3419 2515 1676 371 1305 1284 1254 82 1172 741 95 431 84 347 68 904 839 327 306 283 56 345 315 141
is_linear=0
shrinkage=0.05


end of trees

feature_importances:
demand_mw_lag_15m=357
surface_pressure=335
hour=327
temperature_2m=306
diffuse_radiation=287
wind_direction_10m=282
wind_speed_10m=277
shortwave_radiation=250
demand_mw_roll_max_96=240
cloud_cover=224
demand_mw_roll_std_96=223
direct_normal_irradiance=215
demand_mw_roll_mean_96=210
sin_hour=196
relative_humidity_2m=184
demand_mw_roll_std_16=173
demand_mw_diff_1h=169
direct_radiation=156
demand_mw_lag_1440m=147
demand_mw_roll_min_96=146
demand_mw_roll_max_16=121
demand_mw_roll_max_4=115
demand_mw_diff_15m=114
demand_mw_roll_std_4=110
cos_hour=109
demand_mw_roll_mean_16=104
demand_mw_roll_min_16=97
demand_mw_roll_min_4=93
day_of_week=77
season=64
cos_dow=55
demand_mw_roll_mean_4=53
demand_mw_lag_60m=51
demand_mw_lag_30m=44
sin_dow=41
is_holiday=13
is_weekend=5

parameters:
[boosting: gbdt]
[objective: regression]
[metric: l1]
[tree_learner: serial]
[device_type: cpu]
[data_sample_strategy: bagging]
[data: ]
[valid: ]
[num_iterations: 500]
[learning_rate: 0.05]
[num_leaves: 31]
[num_threads: 0]
[seed: 42]
[deterministic: 0]
[force_col_wise: 0]
[force_row_wise: 0]
[histogram_pool_size: -1]
[max_depth: -1]
[min_data_in_leaf: 20]
[min_sum_hessian_in_leaf: 0.001]
[bagging_fraction: 0.9]
[pos_bagging_fraction: 1]
[neg_bagging_fraction: 1]
[bagging_freq: 5]
[bagging_seed: 400]
[bagging_by_query: 0]
[feature_fraction: 0.9]
[feature_fraction_bynode: 1]
[feature_fraction_seed: 30056]
[extra_trees: 0]
[extra_seed: 12879]
[early_stopping_round: 0]
[early_stopping_min_delta: 0]
[first_metric_only: 0]
[max_delta_step: 0]
[lambda_l1: 0]
[lambda_l2: 0]
[linear_lambda: 0]
[min_gain_to_split: 0]
[drop_rate: 0.1]
[max_drop: 50]
[skip_drop: 0.5]
[xgboost_dart_mode: 0]
[uniform_drop: 0]
[drop_seed: 17869]
[top_rate: 0.2]
[other_rate: 0.1]
[min_data_per_group: 100]
[max_cat_threshold: 32]
[cat_l2: 10]
[cat_smooth: 10]
[max_cat_to_onehot: 4]
[top_k: 20]
[monotone_constraints: ]
[monotone_constraints_method: basic]
[monotone_penalty: 0]
[feature_contri: ]
[forcedsplits_filename: ]
[refit_decay_rate: 0.9]
[cegb_tradeoff: 1]
[cegb_penalty_split: 0]
[cegb_penalty_feature_lazy: ]
[cegb_penalty_feature_coupled: ]
[path_smooth: 0]
[interaction_constraints: ]
[verbosity: -1]
[saved_feature_importance_type: 0]
[use_quantized_grad: 0]
[num_grad_quant_bins: 4]
[quant_train_renew_leaf: 0]
[stochastic_rounding: 1]
[linear_tree: 0]
[max_bin: 255]
[max_bin_by_feature: ]
[min_data_in_bin: 3]
[bin_construct_sample_cnt: 200000]
[data_random_seed: 175]
[is_enable_sparse: 1]
[enable_bundle: 1]
[use_missing: 1]
[zero_as_missing: 0]
[feature_pre_filter: 1]
[pre_partition: 0]
[two_round: 0]
[header: 0]
[label_column: ]
[weight_column: ]
[group_column: ]
[ignore_column: ]
[categorical_feature: ]
[forcedbins_filename: ]
[precise_float_parser: 0]
[parser_config_file: ]
[objective_seed: 16083]
[num_class: 1]
[is_unbalance: 0]
[scale_pos_weight: 1]
[sigmoid: 1]
[boost_from_average: 1]
[reg_sqrt: 0]
[alpha: 0.9]
[fair_c: 1]
[poisson_max_delta_step: 0.7]
[tweedie_variance_power: 1.5]
[lambdarank_truncation_level: 30]
[lambdarank_norm: 1]
[label_gain: ]
[lambdarank_position_bias_regularization: 0]
[eval_at: ]
[multi_error_top_k: 1]
[auc_mu_weights: ]
[num_machines: 1]
[local_listen_port: 12400]
[time_out: 120]
[machine_list_filename: ]
[machines: ]
[gpu_platform_id: -1]
[gpu_device_id: -1]
[gpu_device_id_list: ]
[gpu_use_dp: 0]
[num_gpu: 1]

end of parameters

pandas_categorical:[]
