tree
version=v4
num_class=1
num_tree_per_iteration=1
label_index=0
max_feature_idx=36
objective=regression
feature_names=temperature_2m relative_humidity_2m surface_pressure cloud_cover wind_speed_10m wind_direction_10m shortwave_radiation direct_radiation diffuse_radiation direct_normal_irradiance demand_mw_lag_15m demand_mw_lag_30m demand_mw_lag_60m demand_mw_lag_1440m demand_mw_roll_mean_4 demand_mw_roll_std_4 demand_mw_roll_min_4 demand_mw_roll_max_4 demand_mw_roll_mean_16 demand_mw_roll_std_16 demand_mw_roll_min_16 demand_mw_roll_max_16 demand_mw_roll_mean_96 demand_mw_roll_std_96 demand_mw_roll_min_96 demand_mw_roll_max_96 demand_mw_diff_15m demand_mw_diff_1h hour day_of_week is_weekend is_holiday season sin_hour cos_hour sin_dow cos_dow
feature_infos=[-3.8824999332427979:29.317501068115234] [42.7220458984375:100] [971.64984130859375:1035.9075927734375] [0:100] [0.35999998450279236:57.250186920166016] [0.88138610124588013:360] [0:861] [0:750] [0:407] [0:886.70318603515625] [-1.1299999999999999:1.6133333333333333] [-1.1299999999999999:1.6133333333333333] [-1.1299999999999999:1.6133333333333333] [-1.1299999999999999:1.6133333333333333] [-1.1008333333333333:1.5758333333333334] [0:0.73274724053971263] [-1.1299999999999999:1.5633333333333332] [-1.0800000000000001:1.6133333333333333] [-1.0310416666666666:1.4789583333333334] [0:0.78475709853667242] [-1.1299999999999999:1.3500000000000001] [-0.94999999999999996:1.6133333333333333] [-0.1134722222222222:1.0564236111111112] [0.11148151163604555:0.65025716535200817] [-1.1299999999999999:0.75] [0.54000000000000004:1.6133333333333333] [-1.0666666666666667:1.0666666666666667] [-1.5266666666666668:1.4133333333333333] [0:23] [0:6] [0:1] [0:1] [1:4] [-1:1] [-1:1] [-0.97492791218182362:0.97492791218182362] [-0.90096886790241903:1]
tree_sizes=2796 2928 2904 2904 2915 2946 2931 2931 2937 2944 2930 2937 2941 2906 2921 2939 2946 2920 2920 2946 2911 2941 2930 2953 2938 2936 2936 2923 2930 2925 2943 2943 2941 2955 2952 2941 2974 2931 2957 2962 2946 2963 2975 2938 2958 2953 2928 2964 2956 2934 2966 2948 2958 2969 2935 2955 2952 2959 2962 2942 2963 2963 2955 2944 2944 2961 2967 2967 2940 2954 2952 2934 2957 2970 2949 2948 2931 2903 2941 2942 2948 2914 2956 2929 2932 2956 2917 2941 2936 2947 2911 2927 2916 2925 2930 2919 2948 2933 2911 2924 2939 2950 2934 2927 2951 2984 2980 2934 2902 2967 2906 2925 2950 2952 2879 2936 2941 2950 2924 2895 2940 2931 2938 2923 2930 2896 2930 2883 2922 2908 2885 2893 2898 2896 2923 2912 2903 2904 2908 2914 2882 2914 2902 2877 2947 2890 2918 2885 2940 2916 2941 2939 2887 2923 2970 2904 2931 2942 2908 2890 2891 2949 2913 2873 2924 2937 2943 2914 2932 2894 2888 2893 2886 2901 2900 2947 2930 2930 2875 2924 2930 2942 2941 2930 2949 2924 2907 2927 2911 2941 2878 2929 2893 2896 2928 2903 2922 2907 2903 2929 2927 2956 2907 2934 2957

Tree=0
num_leaves=31
num_cat=0
split_feature=10 10 10 10 10 10 10 10 10 28 28 10 10 6 6 10 28 6 28 33 14 6 6 10 6 10 10 28 9 7
split_gain=3625.77 747.827 425.168 146.635 111.247 61.5676 47.537 22.2731 20.4175 20.2467 19.3327 15.9079 13.9317 13.259 10.7687 8.10005 7.95783 7.3112 5.60513 5.00187 4.79207 4.13714 3.43783 3.02624 2.96163 2.77874 2.58546 2.48967 2.48948 2.44816
threshold=0.18166666666666667 0.71166666666666678 -0.36499999999999994 0.48166666666666674 0.9816666666666668 -0.66833333333333322 -0.11166666666666665 0.30166666666666675 1.1950000000000003 13.500000000000002 14.500000000000002 0.59166666666666679 0.84166666666666679 625.37500000000011 502.75000000000006 0.39833333333333337 14.500000000000002 261.75000000000006 14.500000000000002 -0.60355339059327362 -0.85291666666666643 361.87500000000006 452.62500000000006 1.0783333333333336 515.12500000000011 1.3183333333333336 0.048333333333333346 12.500000000000002 709.99658203125011 324.62500000000006
decision_type=2 2 2 2 2 2 2 2 2 2 2 2 2 2 2 2 2 2 2 2 2 2 2 2 2 2 2 2 2 2
left_child=2 3 5 7 12 13 9 16 23 29 17 -5 -3 -1 27 19 21 -8 28 -9 -15 -2 -17 -6 -11 -10 -12 -7 -16 -4
right_child=1 4 6 11 8 14 10 15 25 24 26 -13 -14 20 18 22 -18 -19 -20 -21 -22 -23 -24 -25 -26 -27 -28 -29 -30 -31
leaf_value=0.31311556634564219 0.35401402599809573 0.38210406308623712 0.33064249313188798 0.37039710250191049 0.39487275394239885 0.32392667755529758 0.34735461555471325 0.36869337983808526 0.40575061159837761 0.34445513276050949 0.35112337386465037 0.37574859354417267 0.38884053424488785 0.29896159892038759 0.31820851480530576 0.36553856032986642 0.36332075107246287 0.33992807575801587 0.32854175060125251 0.3605598119138313 0.30611800774366171 0.3430657626594259 0.34520805266850701 0.39998810400895657 0.33322491804214049 0.41298815989725768 0.35872630661454957 0.3314597961814526 0.31175883913500851 0.32500007766942618
leaf_weight=450 722 1811 520 2902 680 225 544 205 323 318 233 2663 1332 451 533 2115 225 848 109 2425 486 98 21 503 72 225 215 214 208 305
leaf_count=450 722 1811 520 2902 680 225 544 205 323 318 233 2663 1332 451 533 2115 225 848 109 2425 486 98 21 503 72 225 215 214 208 305
internal_value=0.362118 0.374178 0.327924 0.367157 0.390565 0.313373 0.34067 0.361602 0.400744 0.332994 0.345738 0.372958 0.384959 0.306061 0.32124 0.363051 0.354991 0.34283 0.317955 0.361194 0.302673 0.352706 0.365339 0.397048 0.342382 0.408722 0.354772 0.327599 0.316398 0.328557
internal_weight=21981 16250 5731 11376 4874 2676 3055 5811 1731 1215 1840 5565 3143 1387 1289 4766 1045 1392 850 2630 937 820 2136 1183 390 548 448 439 741 825
internal_count=21981 16250 5731 11376 4874 2676 3055 5811 1731 1215 1840 5565 3143 1387 1289 4766 1045 1392 850 2630 937 820 2136 1183 390 548 448 439 741 825
is_linear=0
shrinkage=1


Tree=1
num_leaves=31
num_cat=0
split_feature=10 10 10 10 10 10 10 10 10 28 28 10 10 28 10 33 7 16 28 7 7 7 10 7 7 7 27 10 8 10
split_gain=3272.26 675.278 383.714 122.865 109.662 55.5939 42.9022 19.2028 18.499 18.2727 17.4477 15.0956 13.6939 10.6668 9.87532 7.98497 7.43875 6.94618 6.47884 6.20761 4.8497 3.15729 3.12924 3.10689 3.08377 2.63797 2.59428 2.38906 2.33883 2.33338
threshold=0.18166666666666667 0.69833333333333336 -0.36499999999999994 0.47833333333333339 0.9816666666666668 -0.69166666666666654 -0.11166666666666665 0.29166666666666669 1.1750000000000003 13.500000000000002 14.500000000000002 0.83166666666666678 0.57166666666666677 13.500000000000002 -0.84833333333333327 -0.60355339059327362 362.62500000000006 0.36833333333333335 14.500000000000002 169.12500000000003 297.62500000000006 285.12500000000006 1.3183333333333336 452.75000000000006 585.12500000000011 407.12500000000006 0.056666666666666664 0.64833333333333343 194.62500000000003 0.048333333333333346
decision_type=2 2 2 2 2 2 2 2 2 2 2 2 2 2 2 2 2 2 2 2 2 2 2 2 2 2 2 2 2 2
left_child=2 3 5 7 11 14 9 18 26 -4 19 -3 28 16 24 -9 -7 20 21 -8 -17 -2 -10 -16 -1 -11 -6 -14 -5 -12
right_child=1 4 6 12 8 13 10 15 22 25 29 -13 27 -15 23 17 -18 -19 -20 -21 -22 -23 -24 -25 -26 -27 -28 -29 -30 -31
leaf_value=-0.055080196199489763 -0.0087426123730264763 0.018356652116294649 -0.031880957288695784 0.0073927946453384887 0.031254617039454639 -0.036926440116083294 -0.015306677149688492 0.0068715334705525604 0.040938247498219393 -0.017318279590476413 -0.010442434789292123 0.025080969072776439 0.011155044972442033 -0.032250449709185731 -0.045295609107247961 -0.0018635884465485215 -0.045675574033996282 0.0019457018638389771 0.00059294931354231142 -0.022019639602459503 -0.026013059293230376 -0.023935695504769684 0.048329109191894537 -0.052329612505530809 -0.062044510801493286 -0.030583770475572064 0.03651839751805832 0.01417477639131362 -0.0022882682303588808 -0.0032196487385649669
leaf_weight=361 682 1945 825 2475 777 414 767 461 394 348 233 1462 1979 383 269 2072 588 2139 204 625 21 36 225 377 284 42 335 979 64 215
leaf_count=361 682 1945 825 2475 777 414 767 461 394 348 233 1462 1979 383 269 2072 588 2139 204 625 21 36 225 377 284 42 335 979 64 215
internal_value=2.81167e-06 0.0114595 -0.0324821 0.00452866 0.0264489 -0.0463057 -0.0203734 -0.000673407 0.0366968 -0.0276651 -0.0155586 0.0212422 0.0098424 -0.0393478 -0.0537702 0.00062263 -0.0420607 -5.8075e-05 -0.00727027 -0.0183208 -0.00210589 -0.00950438 0.0436247 -0.0494006 -0.0581467 -0.0187469 0.0328404 0.0121545 0.00714877 -0.00697614
internal_weight=21981 16250 5731 11112 5138 2676 3055 5615 1731 1215 1840 3407 5497 1385 1291 4693 1002 4232 922 1392 2093 718 619 646 645 390 1112 2958 2539 448
internal_count=21981 16250 5731 11112 5138 2676 3055 5615 1731 1215 1840 3407 5497 1385 1291 4693 1002 4232 922 1392 2093 718 619 646 645 390 1112 2958 2539 448
is_linear=0
shrinkage=0.05


Tree=2
num_leaves=31
num_cat=0
split_feature=10 10 10 10 10 10 10 10 10 33 10 33 10 6 6 33 33 6 6 33 17 10 7 10 8 6 27 17 7 33
split_gain=2953.96 636.377 305.674 118.14 106.932 50.4375 31.0549 23.485 20.7247 16.4911 13.7866 12.8729 11.9276 11.0402 9.14754 8.48921 6.85638 5.08237 4.87493 4.62311 4.46766 4.25864 3.43132 3.41142 3.09447 2.50439 2.31166 2.25991 2.25007 2.11339
threshold=0.14166666666666669 0.68166666666666675 -0.36499999999999994 0.45833333333333343 0.95166666666666677 -0.66833333333333322 -0.11166666666666665 0.29166666666666669 1.1516666666666668 -0.25881904510252113 0.56833333333333347 -0.5 0.81166666666666687 625.37500000000011 502.75000000000006 -0.25881904510252113 -0.60355339059327362 261.75000000000006 439.87500000000006 -0.5 -0.72833333333333317 0.37833333333333335 69.125000000000014 1.3183333333333336 194.62500000000003 515.12500000000011 0.043333333333333349 0.075000000000000011 366.25000000000006 1.0000000180025095e-35
decision_type=2 2 2 2 2 2 2 2 2 2 2 2 2 2 2 2 2 2 2 2 2 2 2 2 2 2 2 2 2 2
left_child=2 3 5 7 12 13 9 15 26 25 24 -8 -3 -1 29 -2 -9 -13 21 -16 -15 -18 -17 -10 -5 -4 -6 -21 -11 -7
right_child=1 4 6 10 8 14 11 16 23 28 -12 17 -14 20 19 22 18 -19 -20 27 -22 -23 -24 -25 -26 -27 -28 -29 -30 -31
leaf_value=-0.044170890865433549 -0.00093594579176400428 0.016703221090937373 -0.01590300698584508 0.006547192697012906 0.02862184316621107 -0.027451596995728595 -0.0075564421024767962 0.0064910937878528367 0.038433655812926827 -0.028722050693221746 0.011155065053089353 -0.013770325693434905 0.022685083139206832 -0.056666100506216344 -0.030282455173517589 -0.0073894240868601531 -0.0018466297795813099 -0.020627047013518116 -0.019291259208694102 -0.041888129659206935 -0.049681461612745448 0.0015019822543915868 -0.013676239752774311 0.04591265587011973 -0.0028257920345992546 -0.026229992426104017 0.03313461561368105 -0.028096532401057986 -0.034644105757682515 -0.034392145225661808
leaf_weight=450 335 1931 318 2724 850 214 376 393 473 607 2903 420 1466 539 109 469 2022 758 34 710 398 1790 404 225 91 72 426 31 218 225
leaf_count=450 335 1931 318 2724 850 214 376 393 473 607 2903 420 1466 539 109 469 2022 758 34 710 398 1790 404 225 91 72 426 31 218 225
internal_value=2.67117e-06 0.0105207 -0.0319396 0.0037175 0.0246628 -0.0439904 -0.0202934 -0.00155216 0.0339176 -0.0262818 0.00873742 -0.0156114 0.0192847 -0.0506079 -0.0368698 -0.0077023 0.000200462 -0.0181824 -0.00044234 -0.0398969 -0.0536993 -0.000274223 -0.0102988 0.0408445 0.00624419 -0.0178095 0.0301285 -0.0413112 -0.0302869 -0.0310088
internal_weight=21981 16536 5445 11165 5371 2676 2769 5447 1974 1215 5718 1554 3397 1387 1289 1208 4239 1178 3846 850 937 3812 873 698 2815 390 1276 741 825 439
internal_count=21981 16536 5445 11165 5371 2676 2769 5447 1974 1215 5718 1554 3397 1387 1289 1208 4239 1178 3846 850 937 3812 873 698 2815 390 1276 741 825 439
is_linear=0
shrinkage=0.05


Tree=3
num_leaves=31
num_cat=0
split_feature=10 10 10 10 10 10 10 28 10 10 28 6 10 10 10 28 33 7 6 6 7 33 6 7 15 6 10 7 27 6
split_gain=2666.2 545.709 321.663 110.153 76.9792 45.6259 37.6389 16.3288 16.3268 12.9018 12.03 11.7687 11.676 10.5577 6.10963 5.53695 5.31647 8.85924 5.2918 4.23858 3.82095 3.5885 3.53461 3.36699 3.21915 3.14437 2.72605 2.46949 2.27425 2.00171
threshold=0.19166666666666674 0.72166666666666679 -0.36499999999999994 0.49166666666666675 1.0008333333333337 -0.75499999999999989 -0.031666666666666655 13.500000000000002 0.35833333333333339 1.2083333333333337 12.500000000000002 591.12500000000011 0.60166666666666679 0.84166666666666679 -0.14166666666666664 13.500000000000002 -0.5 21.375000000000004 682.12500000000011 477.37500000000006 123.37500000000001 -0.60355339059327362 387.37500000000006 285.12500000000006 0.1423073742266048 515.12500000000011 0.41833333333333339 324.62500000000006 0.11833333333333319 261.75000000000006
decision_type=2 2 2 2 2 2 2 2 2 2 2 2 2 2 2 2 2 2 2 2 2 2 2 2 2 2 2 2 2 2
left_child=2 3 5 8 13 18 7 14 16 28 20 15 29 -3 27 24 -2 -18 -1 21 -8 -10 -12 -19 -7 -9 -23 -4 -6 -5
right_child=1 4 6 12 9 11 10 25 19 -11 22 -13 -14 -15 -16 -17 17 23 -20 -21 -22 26 -24 -25 -26 -27 -28 -29 -30 -31
leaf_value=-0.046244405400146238 0.0027058662461478897 0.017476949898311989 -0.027038066630656124 0.0077568203142593523 0.029441803329801043 -0.039290742387962638 -0.012323222069799985 -0.014314321476223378 0.0068368555838674494 0.040287468089993062 -0.003889312974648812 -0.041799521326349398 0.012133787538929842 0.023299441233539941 -0.021896078603099778 -0.028129186996984364 -0.0019294861867100409 -0.0078804781043042959 -0.053529388394881 -0.018030221459160275 -0.018773857437821184 2.1398332984121631e-05 -0.013557027779496557 -0.0223264140033618 -0.03222899664588591 -0.025135189712731335 0.0030203929769267411 -0.033022604062626727 0.035121347988024354 0.00034179702658761061
leaf_weight=458 329 1627 441 2867 827 344 440 447 377 519 398 679 2557 1493 438 344 1481 651 547 26 480 1381 124 43 304 79 1679 283 224 94
leaf_count=458 329 1627 441 2867 827 344 440 447 377 519 398 679 2557 1493 438 344 1481 651 547 26 480 1381 124 43 304 79 1679 283 224 94
internal_value=2.5376e-06 0.0104355 -0.0290629 0.00456674 0.0248072 -0.0417909 -0.018181 -0.0232487 -0.000142126 0.0338374 -0.0122487 -0.0367277 0.00965876 0.0202632 -0.0265574 -0.0332561 -0.00321788 -0.00411393 -0.0502095 0.00208187 -0.0156888 0.00223401 -0.00618586 -0.00877554 -0.0359778 -0.0159395 0.00166693 -0.0293773 0.0306523 0.00752142
internal_weight=21981 16175 5806 11485 4690 2676 3130 1688 5967 1570 1442 1671 5518 3120 1162 992 2504 2175 1005 3463 920 3437 522 694 648 526 3060 724 1051 2961
internal_count=21981 16175 5806 11485 4690 2676 3130 1688 5967 1570 1442 1671 5518 3120 1162 992 2504 2175 1005 3463 920 3437 522 694 648 526 3060 724 1051 2961
is_linear=0
shrinkage=0.05


Tree=4
num_leaves=31
num_cat=0
split_feature=10 10 10 10 10 10 10 10 10 28 10 10 28 6 28 33 7 16 9 6 6 6 10 6 28 8 10 6 27 9
split_gain=2407.57 532.655 231.505 95.4401 95.3196 36.1242 27.3999 19.9695 17.7598 14.6588 13.1646 10.8908 10.7399 8.62407 8.04013 4.85668 4.2026 3.88309 3.69971 3.69587 3.44434 3.4285 3.19934 2.97965 2.54555 2.33688 2.16969 2.07075 2.03174 1.91332
threshold=0.115 0.66833333333333345 -0.47166666666666662 0.4316666666666667 0.94500000000000017 -0.14166666666666664 -0.80166666666666664 0.29166666666666669 1.1416666666666668 13.500000000000002 0.53166666666666684 0.80083333333333351 12.500000000000002 591.12500000000011 13.500000000000002 -0.60355339059327362 324.62500000000006 -0.028333333333333332 72.990608215332045 682.12500000000011 403.25000000000006 278.12500000000006 1.3183333333333336 524.37500000000011 13.500000000000002 194.62500000000003 0.6083333333333335 465.37500000000006 0.038333333333333337 563.54611206054699
decision_type=2 2 2 2 2 2 2 2 2 2 2 2 2 2 2 2 2 2 2 2 2 2 2 2 2 2 2 2 2 2
left_child=2 3 6 7 11 9 19 14 28 16 25 -3 17 24 21 -9 -4 -7 -17 -1 -14 -2 -10 -11 29 -5 -12 -20 -6 -8
right_child=1 4 5 10 8 12 13 15 22 23 26 -13 20 -15 -16 18 -18 -19 27 -21 -22 -23 -24 -25 -26 -27 -28 -29 -30 -31
leaf_value=-0.044844838023509186 -0.0079901105743547998 0.014587920620685747 -0.026393939399431028 0.0047093474001677245 0.025429791419242204 -0.02110957077000538 -0.033305129256364634 0.0056538440044460007 0.034453573550463655 -0.016367985871415278 0.0080950554528381232 0.020127242399843759 -0.0072838800851639969 -0.04130837315982077 -0.001255260065717062 -8.1757979406989954e-05 -0.032790357517498217 -0.014694883651827804 -0.0039115626211841956 -0.051676776600472721 -0.015716246465950857 -0.014769092190034867 0.041602647542953494 -0.025988320961522943 -0.029527136869910466 -0.0028460430421988333 0.01061248937224968 -0.017888985687334623 0.029567582416650535 -0.040057780532674364
leaf_weight=334 726 2103 572 2352 829 545 288 320 514 356 2043 1535 415 710 392 2843 466 416 494 486 171 251 225 104 256 107 1473 28 462 165
leaf_count=334 726 2103 572 2352 829 545 288 320 514 356 2043 1535 415 710 392 2843 466 416 494 486 171 251 225 104 256 107 1473 28 462 165
internal_value=2.41063e-06 0.00931131 -0.0294129 0.00290923 0.0217687 -0.0204386 -0.0416179 -0.00214807 0.0304489 -0.0259729 0.00718699 0.0169252 -0.0150796 -0.0374132 -0.00730455 -0.000232405 -0.0292655 -0.0183328 -0.000792167 -0.048894 -0.00974452 -0.00973169 0.0366302 -0.018543 -0.0335125 0.00438058 0.00914971 -0.00466131 0.0269106 -0.0357647
internal_weight=21981 16697 5284 11029 5668 3045 2239 5054 2030 1498 5975 3638 1547 1419 1369 3685 1038 961 3365 820 586 977 739 460 709 2459 3516 522 1291 453
internal_count=21981 16697 5284 11029 5668 3045 2239 5054 2030 1498 5975 3638 1547 1419 1369 3685 1038 961 3365 820 586 977 739 460 709 2459 3516 522 1291 453
is_linear=0
shrinkage=0.05


Tree=5
num_leaves=31
num_cat=0
split_feature=10 10 10 10 10 10 10 10 10 28 28 10 10 7 28 28 33 20 7 14 17 10 7 7 10 7 4 28 33 7
split_gain=2176.32 464.33 229.291 89.1821 76.2059 37.3088 24.4792 17.0452 13.8368 13.7619 11.4052 10.5289 9.03272 7.72195 6.24309 4.88838 4.83615 4.47186 3.93464 3.27159 3.11042 3.08705 3.00864 2.69531 2.68788 2.35439 2.18998 2.16201 1.94538 2.04886
threshold=0.14166666666666669 0.68833333333333335 -0.47166666666666662 0.45833333333333343 0.96166666666666678 -0.14166666666666664 -0.80166666666666664 0.29166666666666669 1.1516666666666668 13.500000000000002 12.500000000000002 0.56833333333333347 0.82833333333333348 373.37500000000006 13.500000000000002 14.500000000000002 -0.60355339059327362 0.011666666666666669 297.62500000000006 -0.2133333333333334 0.061666666666666675 0.37833333333333335 466.12500000000006 85.375000000000014 1.3516666666666668 369.62500000000006 25.937077522277836 13.500000000000002 -0.78656609248549303 72.375000000000014
decision_type=2 2 2 2 2 2 2 2 2 2 2 2 2 2 2 2 2 2 2 2 2 2 2 2 2 2 2 2 2 2
left_child=2 3 6 7 12 9 22 14 -6 19 17 28 -3 27 23 -15 -9 -7 21 -4 -12 -18 -1 -2 -10 -11 -21 -8 -5 -30
right_child=1 4 5 11 8 10 13 16 24 25 20 -13 -14 15 -16 -17 18 -19 -20 26 -22 -23 -24 -25 -26 -27 -28 -29 29 -31
leaf_value=-0.041702496745759043 -0.006513887346695355 0.014633128624171116 -0.030468581147316182 0.0085410405213600868 0.026082732516379815 -0.019533722433643482 -0.032720612774888067 0.0055351392732234375 0.033291286626514399 -0.015348346477916094 -0.011836094112840711 0.0096203237484239618 0.019906990951212653 -0.04011016924377242 -0.00076819898380884244 -0.029720465074244303 -0.0015943465259972327 -0.012837485916591085 -0.020552005727464955 -0.026495342127337763 -0.0048174735278535144 0.0012497688739958668 -0.048443796191785224 -0.012150983063445892 0.040685665160417557 -0.023660809264452964 -0.017870664276081669 -0.025149144392137925 0.0052031603129759725 -0.00081124618932425924
leaf_weight=227 538 1993 567 413 1173 679 366 381 530 337 345 2990 1370 761 340 133 2009 394 24 385 291 1817 611 350 160 114 91 127 2275 151
leaf_count=227 538 1993 567 413 1173 679 366 381 530 337 345 2990 1370 761 340 133 2009 394 24 385 291 1817 611 350 160 114 91 127 2275 151
internal_value=-7.44533e-05 0.00895346 -0.0275407 0.00324875 0.0212755 -0.0189757 -0.0398705 -0.00134367 0.0293876 -0.0247472 -0.0139302 0.00754965 0.0167816 -0.035794 -0.00652973 -0.0385645 0.000161529 -0.0170749 -0.000370249 -0.0279028 -0.00862474 -0.000243652 -0.0466177 -0.00873572 0.0350059 -0.0174495 -0.0248465 -0.0307702 0.00536884 0.00482881
internal_weight=21942 16514 5428 11288 5226 3203 2225 5459 1863 1494 1709 5829 3363 1387 1228 894 4231 1073 3850 1043 636 3826 838 888 690 451 476 493 2839 2426
internal_count=21942 16514 5428 11288 5226 3203 2225 5459 1863 1494 1709 5829 3363 1387 1228 894 4231 1073 3850 1043 636 3826 838 888 690 451 476 493 2839 2426
is_linear=0
shrinkage=0.05


Tree=6
num_leaves=31
num_cat=0
split_feature=10 10 10 10 10 10 6 10 28 10 10 28 10 17 28 33 7 28 9 14 7 6 6 7 10 22 27 8 10 17
split_gain=1964.13 419.297 206.935 83.7516 65.3018 33.7869 22.1279 15.3833 14.1679 11.617 10.3371 9.2516 8.7852 6.28226 5.63439 4.40533 4.22302 4.13963 3.97135 3.52155 3.25091 3.19658 2.67722 2.15091 2.13276 2.10548 2.10545 2.05444 2.00562 1.92746
threshold=0.14166666666666669 0.69833333333333336 -0.47166666666666662 0.45833333333333343 1.0083333333333335 -0.11166666666666665 625.37500000000011 0.29166666666666669 13.500000000000002 0.85166666666666679 0.56833333333333347 14.500000000000002 1.2416666666666669 -0.72833333333333317 13.500000000000002 -0.37940952255126059 189.12500000000003 14.500000000000002 78.81879043579103 -0.22916666666666666 362.62500000000006 465.37500000000006 365.37500000000006 301.75000000000006 0.37833333333333335 0.29359375000000004 0.11833333333333319 194.62500000000003 0.76166666666666683 -0.57833333333333325
decision_type=2 2 2 2 2 2 2 2 2 2 2 2 2 2 2 2 2 2 2 2 2 2 2 2 2 2 2 2 2 2
left_child=2 3 6 7 9 8 17 14 19 28 27 16 26 -8 22 -9 -7 20 24 -4 29 -10 -2 -20 -17 -21 -6 -5 -3 -1
right_child=1 4 5 10 12 11 13 15 21 -11 -12 -13 -14 -15 -16 18 -18 -19 23 25 -22 -23 -24 -25 -26 -27 -28 -29 -30 -31
leaf_value=-0.037519001235303127 -0.0072827476057860541 0.012925880249444081 -0.029008241297884121 0.00534792792623339 0.025815055262931944 -0.012314701174435932 -0.046444380033645913 0.0042800227969700911 -0.012650290727742068 0.020306709784026367 0.0092621113023185469 -0.0057258212302479568 0.035615359325157969 -0.03916458545421881 -0.00072978901621193956 -0.0010208695619116906 -0.018352945975307376 -0.025695043830760839 -0.0038306262983150742 -0.0254817391137728 -0.037382747997566093 -0.020716018038823919 -0.015716110600733035 -0.020158650903474719 0.0015914252905902607 -0.019177901522757917 0.031208052951435857 -0.0022083409416213287 0.015980351635967144 -0.029532682497639885
leaf_weight=95 781 1049 540 2746 863 688 549 561 294 1429 3145 362 399 644 340 1673 500 183 510 413 385 211 107 21 1466 195 229 93 1102 369
leaf_count=95 781 1049 540 2746 863 688 549 561 294 1429 3145 362 399 644 340 1673 500 183 510 413 385 211 107 21 1466 195 229 93 1102 369
internal_value=-7.07306e-05 0.00850578 -0.0261637 0.00320205 0.020474 -0.0180269 -0.037877 -0.00127648 -0.0229996 0.0168123 0.00728766 -0.0127237 0.029266 -0.0425146 -0.00620324 0.000153452 -0.014856 -0.0325159 -0.00047734 -0.0260698 -0.0339861 -0.0160203 -0.00829893 -0.00447637 0.000199145 -0.0234599 0.026946 0.0051004 0.0144907 -0.0311678
internal_weight=21942 16514 5428 11443 5071 3203 2225 5459 1653 3580 5984 1550 1491 1193 1228 4231 1188 1032 3670 1148 849 505 888 531 3139 608 1092 2839 2151 464
internal_count=21942 16514 5428 11443 5071 3203 2225 5459 1653 3580 5984 1550 1491 1193 1228 4231 1188 1032 3670 1148 849 505 888 531 3139 608 1092 2839 2151 464
is_linear=0
shrinkage=0.05


Tree=7
num_leaves=31
num_cat=0
split_feature=10 10 10 10 10 10 6 10 10 28 28 10 6 10 6 28 33 10 10 14 28 9 10 10 6 14 27 6 27 6
split_gain=1772.63 378.897 186.797 69.9701 65.843 32.4335 19.6052 13.5312 12.6688 9.24334 9.141 8.70693 7.31245 7.28969 6.05141 5.08503 3.71953 3.64468 3.17951 3.14446 2.85123 2.8494 2.77574 2.59986 2.49409 2.43571 2.07029 2.05715 1.97534 1.78459
threshold=0.14166666666666669 0.66833333333333345 -0.36499999999999994 0.93833333333333335 0.44166666666666671 -0.66833333333333322 384.37500000000006 1.1316666666666668 0.29166666666666669 13.500000000000002 11.500000000000002 0.53166666666666684 595.12500000000011 0.77833333333333343 502.75000000000006 13.500000000000002 -0.60355339059327362 -0.14166666666666664 -0.90166666666666651 0.067916666666666667 12.500000000000002 74.900096893310561 -0.021666666666666664 1.301666666666667 291.25000000000006 0.026666666666666668 0.050000000000000107 432.75000000000006 0.043333333333333349 465.37500000000006
decision_type=2 2 2 2 2 2 2 2 2 2 2 2 2 2 2 2 2 2 2 2 2 2 2 2 2 2 2 2 2 2
left_child=2 4 5 13 8 12 10 28 15 17 19 27 -1 -3 -7 24 -10 -8 -14 -4 -16 -18 -12 -9 -2 -11 -15 -6 -5 -23
right_child=1 3 6 7 11 14 9 23 16 25 22 -13 18 26 20 -17 21 -19 -20 -21 -22 29 -24 -25 -26 -27 -28 -29 -30 -31
leaf_value=-0.033083317684353734 -0.0064552845997325695 0.012107380460707803 -0.01876254141546678 0.021469455842075318 0.0040327539820836427 -0.023606037266004614 -0.025354647128962706 0.0292518485500699 0.0049418885533862545 -0.014816297763238916 -0.010332623165108204 0.0078702087857739148 -0.044753175331571984 0.015525221898940823 -0.03308236393922892 -0.00069329961969154231 5.4074906703686867e-05 -0.018971546186782821 -0.03922683839946986 -0.012465287089975383 -0.026953529869046779 -0.003181057790963903 -0.0036066824843155733 0.035515899648351119 -0.012798707050445958 0.00047275594967816558 0.019253224994477031 -0.012074613729491831 0.025600828711671395 -0.015725451285640398
leaf_weight=337 688 1766 345 864 2232 425 563 525 338 374 315 3523 446 1236 542 340 3026 371 625 466 292 516 299 242 200 28 533 20 435 30
leaf_count=337 688 1766 345 864 2232 425 563 525 338 374 315 3523 446 1236 542 340 3026 371 625 466 292 516 299 242 200 28 533 20 435 30
internal_value=-6.71941e-05 0.00808049 -0.0248555 0.0186522 0.00265467 -0.034293 -0.0157393 0.0259623 -0.00146281 -0.0200907 -0.0116597 0.00631798 -0.0395069 0.0143799 -0.028462 -0.00589308 -7.14067e-05 -0.0228192 -0.0415282 -0.0151441 -0.0309365 -0.000545789 -0.00705729 0.0312283 -0.00788398 -0.0137514 0.0166485 0.0038897 0.0228529 -0.00387031
internal_weight=21942 16514 5428 5601 10913 2667 2761 2066 5138 1336 1425 5775 1408 3535 1259 1228 3910 934 1071 811 834 3572 614 767 888 402 1769 2252 1299 546
internal_count=21942 16514 5428 5601 10913 2667 2761 2066 5138 1336 1425 5775 1408 3535 1259 1228 3910 934 1071 811 834 3572 614 767 888 402 1769 2252 1299 546
is_linear=0
shrinkage=0.05


Tree=8
num_leaves=31
num_cat=0
split_feature=10 10 10 10 10 10 10 10 28 10 28 10 10 6 28 10 16 6 6 6 6 6 28 28 33 9 27 36 26 33
split_gain=1599.8 342.242 169.191 77.0874 46.154 27.7966 18.6061 14.7302 11.9025 7.90633 7.71585 7.45092 6.85506 6.0095 4.87712 3.80188 3.72981 3.50875 3.45535 3.22725 2.76478 2.53173 2.44513 2.06017 1.97135 1.94337 1.84071 1.78551 1.76573 1.68224
threshold=0.14166666666666669 0.72166666666666679 -0.47166666666666662 0.48166666666666674 1.0116666666666669 -0.098333333333333342 -0.80166666666666664 0.30166666666666675 12.500000000000002 0.61166666666666669 14.500000000000002 0.88166666666666671 1.2416666666666669 586.62500000000011 14.500000000000002 0.38833333333333336 -0.33833333333333332 465.37500000000006 432.75000000000006 473.12500000000006 365.37500000000006 665.75000000000011 11.500000000000002 13.500000000000002 -0.37940952255126059 318.60993957519537 0.049999999999999885 1.0000000180025095e-35 0.043333333333333383 -0.78656609248549303
decision_type=2 2 2 2 2 2 2 2 2 2 2 2 2 2 2 2 2 2 2 2 2 2 2 2 2 2 2 2 2 2
left_child=2 3 6 7 11 8 21 14 16 29 18 26 28 23 20 24 25 -10 22 -17 -2 -1 -7 -8 -9 -4 -3 -22 -6 -5
right_child=1 4 5 9 12 10 13 15 17 -11 -12 -13 -14 -15 -16 19 -18 -19 -20 -21 27 -23 -24 -25 -26 -27 -28 -29 -30 -31
leaf_value=-0.036227478547325581 -0.0059385151368285842 0.013008408974304393 -0.021319623371540024 0.0079610866244857002 0.023489615482253 -0.013160759601591011 -0.029313965838179495 0.0036850755999065852 -0.011899830252538678 0.0096248981417939999 -0.0046341361199660402 0.019057063856525169 0.032182035963039354 -0.033817835855815152 0.00035320015953680094 0.0021831636073936303 -0.020964036544673281 -0.01922878315293252 -0.01849299332912057 -0.015875927200540901 -0.0087601324211057461 -0.042043669164019956 -0.0068553847731726075 -0.02352414805267472 -0.0012822064379915108 -0.028564165256856018 0.016267855166287891 -0.020431212114843739 0.02870008296782698 0.0052666137522659126
leaf_weight=282 919 1401 121 735 851 688 427 220 357 2286 343 1148 399 720 295 2369 559 301 242 25 79 556 198 240 2169 394 627 56 201 2734
leaf_count=282 919 1401 121 735 851 688 427 220 357 2286 343 1148 399 720 295 2369 559 301 242 25 79 556 198 240 2169 394 627 56 201 2734
internal_value=-6.38344e-05 0.00767647 -0.0236127 0.00318566 0.0192136 -0.0162553 -0.0342041 -0.00071508 -0.0205479 0.00734194 -0.0112011 0.0158382 0.0266017 -0.0306501 -0.0053295 0.000586374 -0.0237922 -0.0152524 -0.0131979 0.00199458 -0.00692001 -0.0400864 -0.0117517 -0.0272307 -0.000824776 -0.026862 0.0140161 -0.0136015 0.0244852 0.00583751
internal_weight=21942 16514 5428 11887 4627 3203 2225 6132 1732 5755 1471 3176 1451 1387 1349 4783 1074 658 1128 2394 1054 838 886 667 2389 515 2028 135 1052 3469
internal_count=21942 16514 5428 11887 4627 3203 2225 6132 1732 5755 1471 3176 1451 1387 1349 4783 1074 658 1128 2394 1054 838 886 667 2389 515 2028 135 1052 3469
is_linear=0
shrinkage=0.05


Tree=9
num_leaves=31
num_cat=0
split_feature=10 10 10 10 10 6 10 10 10 10 28 28 10 28 7 28 6 10 6 28 7 17 6 10 10 14 27 27 20 11
split_gain=1445.11 332.695 122.027 62.718 60.9052 17.51 16.792 13.5293 11.6434 9.11299 8.58758 7.00808 6.61646 5.80109 5.61697 3.82022 3.00496 2.87418 2.76308 2.49642 2.78889 2.47507 2.28488 2.27881 2.25059 2.15669 1.81387 1.7046 1.67214 1.62616
threshold=0.069166666666666682 0.65833333333333344 -0.47166666666666662 0.41833333333333339 0.93083333333333351 432.75000000000006 -0.80166666666666664 0.28166666666666673 1.1316666666666668 0.53166666666666684 11.500000000000002 12.500000000000002 0.76166666666666683 12.500000000000002 366.25000000000006 14.500000000000002 439.87500000000006 -0.098333333333333342 278.12500000000006 13.500000000000002 54.125000000000007 -0.14166666666666664 665.75000000000011 -0.11166666666666665 1.3683333333333336 1.0000000180025095e-35 0.050000000000000107 0.050000000000000017 -0.068333333333333315 -0.43166666666666659
decision_type=2 2 2 2 2 2 2 2 2 2 2 2 2 2 2 2 2 2 2 2 2 2 2 2 2 2 2 2 2 2
left_child=2 3 6 7 12 10 22 11 27 16 17 18 -3 21 -8 29 28 -4 -2 20 -9 -7 -1 -12 -10 -15 -14 -6 -5 -16
right_child=1 4 5 9 8 13 14 19 24 -11 23 -13 26 25 15 -17 -18 -19 -20 -21 -22 -23 -24 -25 -26 -27 -28 -29 -30 -31
leaf_value=-0.034416104154578735 -0.0069294959687378355 0.010534531673924015 -0.019896136426678167 0.0065144966207194011 0.019296627700329336 -0.026995007828872437 -0.024644389165959586 -0.00073336612417174607 0.026983043811211683 0.0069384444247168834 -0.012145910284727605 -0.0014140761049759145 0.013739484228483402 -0.017462123179236778 -0.033684872575299424 -0.023806983427679604 -0.016197753204323817 -0.013878076520399988 -0.012554671165097285 0.0024333070597766728 -0.0063235674155234572 -0.021314618055061598 -0.039941485197343633 -0.0063776478934823664 0.034074441650334526 -0.0023593801558017733 0.017099667619103972 0.023099806059537265 0.0028149505760558685 -0.027174561636430946
leaf_weight=282 768 1814 362 346 913 332 466 2497 631 3288 313 511 1332 434 668 141 20 439 305 559 245 454 556 378 136 25 575 435 2605 112
leaf_count=282 768 1814 362 346 913 332 466 2497 631 3288 313 511 1332 434 668 141 20 439 305 559 245 454 556 378 136 25 575 435 2605 112
internal_value=-6.06426e-05 0.00687587 -0.0237974 0.00181108 0.0165472 -0.0167278 -0.0324939 -0.00243478 0.0233223 0.00512488 -0.0130746 -0.00623335 0.0126963 -0.0211058 -0.0291176 -0.0313809 0.00311781 -0.0165978 -0.00852845 -0.000612018 -0.00123286 -0.023714 -0.0380821 -0.00899048 0.0282404 -0.0166395 0.0147526 0.0205239 0.00324872 -0.0327501
internal_weight=21942 16980 4962 11144 5836 2737 2225 4885 2115 6259 1492 1584 3721 1245 1387 921 2971 801 1073 3301 2742 786 838 691 767 459 1907 1348 2951 780
internal_count=21942 16980 4962 11144 5836 2737 2225 4885 2115 6259 1492 1584 3721 1245 1387 921 2971 801 1073 3301 2742 786 838 691 767 459 1907 1348 2951 780
is_linear=0
shrinkage=0.05


Tree=10
num_leaves=31
num_cat=0
split_feature=10 10 10 10 10 10 6 28 10 10 28 10 6 10 6 10 6 10 6 28 7 7 28 33 2 24 27 5 17 17
split_gain=1305.09 270.111 159.335 54.7901 39.8926 23.8981 19.0142 8.30906 8.12645 7.63593 7.07106 5.56739 5.10743 4.7436 4.74343 4.60817 3.50344 3.23054 2.71179 2.5931 3.72543 2.42908 2.28498 2.15055 1.99736 1.86737 1.7119 1.70922 1.60438 1.5698
threshold=0.19166666666666674 0.72166666666666679 -0.36499999999999994 0.49833333333333335 1.0416666666666667 -0.66833333333333322 357.87500000000006 12.500000000000002 0.36833333333333335 0.89166666666666672 14.500000000000002 0.61166666666666669 595.12500000000011 -0.14166666666666664 502.75000000000006 1.2416666666666669 465.37500000000006 -1.0000000180025095e-35 477.37500000000006 13.500000000000002 21.375000000000004 591.62500000000011 12.500000000000002 -0.60355339059327362 1008.3301696777345 -0.53499999999999981 0.049999999999999885 310.36950683593756 0.025000000000000005 0.075000000000000011
decision_type=2 2 2 2 2 2 2 2 2 2 2 2 2 2 2 2 2 2 2 2 2 2 2 2 2 2 2 2 2 2
left_child=2 3 5 8 9 12 7 17 16 26 13 -5 -1 24 27 -6 19 -4 23 20 -2 -14 29 -10 25 -8 -3 -7 -9 -16
right_child=1 4 6 11 15 14 10 28 18 -11 -12 -13 21 -15 22 -17 -18 -19 -20 -21 -22 -23 -24 -25 -26 -27 -28 -29 -30 -31
leaf_value=-0.028579410336837904 -0.0012229906934505806 0.011822728997072922 -0.015359229847531436 0.0054691906087659305 0.022778285785558464 -0.02081557478876387 -0.018347672688747374 -0.0076934168067064783 0.0052609703804579978 0.017684537295479624 -0.010017310787260102 0.0087071603660210106 -0.03381491593121156 -0.014913505986187375 -0.029129853297091165 0.029145125371332355 -0.014321119218182408 -0.0093666486970421237 -0.01447222610541548 0.0016997736232443859 -0.0057335410667166071 -0.038852611708271534 -0.023030431540840765 0.0012750414817396735 -0.022514496087965876 -0.0029430568602907916 0.0148576044884976 -0.0061902295531971116 -0.0020186179322551874 -0.016758631394003277
leaf_weight=344 1647 1506 351 3125 897 410 136 186 383 1232 333 2308 674 590 510 416 57 626 26 444 634 371 295 2906 526 23 672 21 377 27
leaf_count=344 1647 1506 351 3125 897 410 136 186 383 1232 333 2308 674 590 510 416 57 626 26 444 634 371 295 2906 526 23 672 21 377 27
internal_value=5.27206e-05 0.00731887 -0.0203088 0.00319344 0.01739 -0.0293378 -0.0127023 -0.00873156 -6.0192e-05 0.0145386 -0.0165052 0.00684472 -0.0338639 -0.0181997 -0.0243603 0.0247955 -0.00205282 -0.0115196 0.00161205 -0.00179619 -0.00247669 -0.0356034 -0.0265657 0.0017392 -0.0210301 -0.0161193 0.0127591 -0.020103 -0.00389342 -0.0285078
internal_weight=22053 16253 5800 11530 4723 2652 3148 1540 6097 3410 1608 5433 1389 1275 1263 1313 2782 977 3315 2725 2281 1045 832 3289 685 159 2178 431 563 537
internal_count=22053 16253 5800 11530 4723 2652 3148 1540 6097 3410 1608 5433 1389 1275 1263 1313 2782 977 3315 2725 2281 1045 832 3289 685 159 2178 431 563 537
is_linear=0
shrinkage=0.05


Tree=11
num_leaves=31
num_cat=0
split_feature=10 10 10 10 10 10 6 28 10 10 28 10 10 28 10 10 6 6 33 9 6 10 14 28 7 10 16 6 28 28
split_gain=1177.85 244.024 143.8 52.4592 33.5474 21.568 17.2651 7.68447 7.35089 6.98954 6.13702 5.74872 4.7167 4.41675 3.70859 3.26449 2.77292 2.65536 2.60721 2.40674 2.29596 2.22526 2.19056 2.06305 2.23237 1.8254 1.8034 1.70766 1.57629 1.50142
threshold=0.19166666666666674 0.7383333333333334 -0.36499999999999994 0.49833333333333335 1.0650000000000002 -0.66833333333333322 381.12500000000006 13.500000000000002 0.33833333333333343 0.89166666666666672 12.500000000000002 0.61166666666666669 -0.90166666666666651 12.500000000000002 -1.0000000180025095e-35 1.2550000000000001 439.87500000000006 493.87500000000006 -0.60355339059327362 639.45980834960949 540.12500000000011 -0.044999999999999991 0.026666666666666668 13.500000000000002 21.375000000000004 -0.12499999999999999 0.39833333333333337 615.25000000000011 11.500000000000002 14.500000000000002
decision_type=2 2 2 2 2 2 2 2 2 2 2 2 2 2 2 2 2 2 2 2 2 2 2 2 2 2 2 2 2 2
left_child=2 3 5 8 9 12 7 14 17 -3 25 -5 -1 19 -4 -6 18 23 -10 -7 -14 -9 29 24 -2 -8 -20 -15 -22 -12
right_child=1 4 6 11 15 13 10 21 16 -11 22 -13 20 27 -16 -17 -18 -19 26 -21 28 -23 -24 -25 -26 -27 -28 -29 -30 -31
leaf_value=-0.0362318330374349 -0.0017280544810802389 0.01238230233035046 -0.014298485512417811 0.0051957310616970072 0.022300678623919323 -0.023237012980566112 -0.020652903364811015 -0.008272300962254002 0.004841644078995986 0.017024986389674254 -0.015726926382236599 0.0084029532776914977 -0.024699331278358501 -0.017978951683549238 -0.0086421043013012542 0.027931087133172272 -0.01123544838693407 -0.015724623580095604 -0.00027439745271111226 -0.028989696223288775 -0.033905929710599594 -0.0015098501403592618 -0.00043647949534811477 0.0011225057189777059 -0.0057272780208740019 -0.015959266193737835 0.0019319569075555935 -0.024904146698384505 -0.029280487347977915 -0.010269580492678988
leaf_weight=472 970 1959 493 3125 777 448 523 184 449 1383 242 2527 163 394 703 385 45 38 1889 306 320 359 38 344 545 343 1817 115 434 263
leaf_count=472 970 1959 493 3125 777 448 523 184 449 1383 242 2527 163 394 703 385 45 38 1889 306 320 359 38 344 545 343 1817 115 434 263
internal_value=5.00846e-05 0.00695292 -0.0192933 0.00315961 0.016848 -0.0278709 -0.0120672 -0.00873415 -5.71824e-05 0.0143036 -0.0161809 0.00662967 -0.0321707 -0.0231423 -0.0109737 0.0241662 0.0011096 -0.00264047 0.0012433 -0.0255717 -0.0300803 -0.00380136 -0.0120136 -0.00237302 -0.00316672 -0.0187939 0.000807347 -0.0195436 -0.0312435 -0.0128848
internal_weight=22053 16253 5800 11749 4504 2652 3148 1739 6097 3342 1409 5652 1389 1263 1196 1162 4200 1897 4155 754 917 543 543 1859 1515 866 3706 509 754 505
internal_count=22053 16253 5800 11749 4504 2652 3148 1739 6097 3342 1409 5652 1389 1263 1196 1162 4200 1897 4155 754 917 543 543 1859 1515 866 3706 509 754 505
is_linear=0
shrinkage=0.05


Tree=12
num_leaves=31
num_cat=0
split_feature=10 10 10 10 10 6 10 10 28 10 28 10 28 6 10 10 17 6 6 28 9 10 9 33 10 26 14 8 6 2
split_gain=1063.01 220.232 129.957 47.3901 30.2765 18.3823 16.0496 7.26101 7.01469 6.30806 6.03304 4.70115 3.86759 3.85686 3.53609 2.97291 2.91339 2.87811 2.52606 2.12259 3.039 2.11215 2.0489 1.91222 1.86611 1.72682 1.57321 1.56318 1.49614 1.38218
threshold=0.19166666666666674 0.7383333333333334 -0.41166666666666657 0.50166666666666682 1.0650000000000002 381.12500000000006 -0.69166666666666654 0.36833333333333335 13.500000000000002 0.89166666666666672 13.500000000000002 0.62833333333333352 12.500000000000002 595.12500000000011 -1.0000000180025095e-35 1.301666666666667 0.061666666666666675 465.37500000000006 291.25000000000006 13.500000000000002 78.81879043579103 -0.031666666666666655 709.99658203125011 -0.60355339059327362 -0.90166666666666651 0.046666666666666919 0.014166666666666721 170.62500000000003 524.37500000000011 1009.7652587890626
decision_type=2 2 2 2 2 2 2 2 2 2 2 2 2 2 2 2 2 2 2 2 2 2 2 2 2 2 2 2 2 2
left_child=2 3 6 7 9 8 13 17 14 -3 16 -5 22 -1 -4 25 29 19 23 20 -2 -10 -8 -9 -15 -6 28 -13 -12 -7
right_child=1 4 5 11 15 10 12 18 21 -11 26 27 -14 24 -16 -17 -18 -19 -20 -21 -22 -23 -24 -25 -26 -27 -28 -29 -30 -31
leaf_value=-0.025846508487209253 -0.0010395385807063877 0.011763187179725382 -0.013694562264614379 0.005241560761194022 0.020583037299078864 -0.016281822262385833 -0.023545544112823523 0.005368520877454804 -0.0077325767517893345 0.016173737082463391 -0.010364033344855824 0.0084253773390914975 -0.019347751275484409 -0.034777198155603643 -0.0082099990922792736 0.027763807531150559 -0.014319339612185289 -0.012980498406186439 -0.0042632365004701472 0.0015346906326928408 -0.0050094721554543838 -0.0013215439403719829 -0.029715930104581387 0.0014574934787055099 -0.030424835479489584 0.026171256799031706 -0.00055739412817991147 -0.0023824407982722148 -0.017507506443828504 -0.021127608113817888
leaf_weight=297 1589 1959 505 3325 740 207 508 349 204 1383 346 2091 483 439 703 252 382 57 177 444 692 347 183 2991 561 170 33 34 93 509
leaf_count=297 1589 1959 505 3325 740 207 508 349 204 1383 346 2091 483 439 703 252 382 57 177 444 692 347 183 2991 561 170 33 34 93 509
internal_value=4.75803e-05 0.00660528 -0.0183287 0.00300163 0.0160056 -0.0118805 -0.0270158 4.78674e-05 -0.00837033 0.0135884 -0.0158133 0.00641553 -0.0227803 -0.0308496 -0.0105028 0.0229579 -0.0178454 -0.00186084 0.00155769 -0.00162825 -0.00224392 -0.00369514 -0.0251797 0.00186616 -0.0323355 0.021627 -0.0110859 0.00825245 -0.0118773 -0.0197267
internal_weight=22053 16253 5800 11749 4504 3329 2471 6299 1759 3342 1570 5450 1174 1297 1208 1162 1098 2782 3517 2725 2281 551 691 3340 1000 910 472 2125 439 716
internal_count=22053 16253 5800 11749 4504 3329 2471 6299 1759 3342 1570 5450 1174 1297 1208 1162 1098 2782 3517 2725 2281 551 691 3340 1000 910 472 2125 439 716
is_linear=0
shrinkage=0.05


Tree=13
num_leaves=31
num_cat=0
split_feature=17 11 6 17 13 17 6 6 33 33 13 26 11 33 17 33 2 33 9 33 26 7 27 6 33 27 17 17 25 4
split_gain=935.892 195.81 108.92 36.715 32.8099 17.6385 14.4194 8.83742 7.00561 6.58061 6.37133 6.14565 5.78929 5.20989 4.84427 4.69262 4.34659 3.38845 3.84698 3.37653 3.18851 2.6222 2.57188 2.5624 2.55413 2.4078 2.24695 2.08972 1.99042 1.91728
threshold=0.28500000000000009 0.69833333333333336 502.75000000000006 0.49166666666666675 0.9816666666666668 -0.4449999999999999 333.37500000000006 229.37500000000003 -0.5 -0.25881904510252113 1.1516666666666668 -0.059999999999999984 0.89166666666666672 -0.5 0.64833333333333343 -0.25881904510252113 1009.7652587890626 -0.37940952255126059 54.993469238281257 -0.5 1.0000000180025095e-35 466.12500000000006 1.0000000180025095e-35 543.12500000000011 -0.78656609248549303 -0.19333333333333325 -0.18166666666666662 -0.14166666666666664 1.1783333333333335 19.9812126159668
decision_type=2 2 2 2 2 2 2 2 2 2 2 2 2 2 2 2 2 2 2 2 2 2 2 2 2 2 2 2 2 2
left_child=2 3 6 7 12 13 9 17 -8 -1 -6 -5 20 -4 24 -9 29 -2 -19 -18 -3 -15 -16 25 -13 -17 -21 -10 -26 -7
right_child=1 4 5 11 10 16 8 15 27 -11 -12 14 -14 21 22 23 19 18 -20 26 -22 -23 -24 -25 28 -27 -28 -29 -30 -31
leaf_value=-0.0023477265066517298 0.0043305347795226995 0.0087937616332915049 -0.019563281599103529 -0.00059237656806262443 0.017122798757240161 -0.019779297522264511 -0.008921955900747713 -0.00036862000332334768 -0.019384936626950264 -0.0097599769987242891 0.023313930655145448 0.0068498474351796432 0.014460619490329391 -0.026344563114148054 0.0060167108770477649 -0.012680405472758517 -0.012265533352644563 0.00034669896274668326 -0.0037642954491467749 -0.02579106314333254 0.012697793115053747 -0.031329811413944107 0.0099583468944748881 -0.019119919478544037 0.0030459652983526545 -0.0048331831601681197 -0.020240963594846405 -0.014811801181684976 0.0059553413415860453 -0.012794058913840271
leaf_weight=465 424 1702 136 464 963 199 457 264 361 841 731 860 1029 374 1023 145 71 3247 690 475 755 895 695 52 2350 300 296 811 784 194
leaf_count=465 424 1702 136 464 963 199 457 264 361 841 731 860 1029 374 1023 145 71 3247 690 475 755 895 695 52 2350 300 296 811 784 194
internal_value=4.52013e-05 0.00603648 -0.0176632 0.00234586 0.014086 -0.0250321 -0.0110349 -0.000784001 -0.0141729 -0.00712085 0.0197944 0.00494157 0.011312 -0.0288638 0.00539111 -0.0057558 -0.0206729 8.35851e-05 -0.000373795 -0.0226994 0.00999341 -0.0298606 0.00761126 -0.0086174 0.00443612 -0.00739014 -0.0236603 -0.0162204 0.00377377 -0.0163311
internal_weight=22053 16478 5575 11298 5180 2640 2935 5122 1629 1306 1694 6176 3486 1405 5712 761 1235 4361 3937 842 2457 1269 1718 497 3994 445 771 1172 3134 393
internal_count=22053 16478 5575 11298 5180 2640 2935 5122 1629 1306 1694 6176 3486 1405 5712 761 1235 4361 3937 842 2457 1269 1718 497 3994 445 771 1172 3134 393
is_linear=0
shrinkage=0.05


Tree=14
num_leaves=31
num_cat=0
split_feature=10 10 10 10 10 10 10 10 10 28 10 10 28 28 7 7 33 28 7 6 7 6 2 6 9 27 6 4 0 10
split_gain=869.58 204.184 73.2432 38.399 37.0088 11.4348 9.59595 8.12658 6.75941 5.76709 5.48075 5.05383 4.45314 3.89956 3.48394 2.58789 2.43217 2.16596 2.13506 1.98513 1.91692 1.90551 1.73832 1.60121 1.49225 1.45183 1.42209 1.41564 1.78898 1.4142
threshold=0.069166666666666682 0.65833333333333344 -0.49499999999999994 0.95166666666666677 0.41833333333333339 -0.19499999999999998 -0.80166666666666664 0.24166666666666672 1.1650000000000003 13.500000000000002 0.53833333333333344 0.80083333333333351 12.500000000000002 12.500000000000002 351.12500000000006 255.37500000000003 -0.60355339059327362 13.500000000000002 14.125000000000002 307.37500000000006 585.12500000000011 365.37500000000006 1013.4920654296876 357.87500000000006 624.16513061523449 0.050000000000000107 326.12500000000006 25.191341400146488 12.598749637603762 1.3683333333333336
decision_type=2 2 2 2 2 2 2 2 2 2 2 2 2 2 2 2 2 2 2 2 2 2 2 2 2 2 2 2 2 2
left_child=2 4 6 11 7 12 20 13 25 19 15 -3 24 21 22 -6 -9 -16 -18 -7 -1 -2 -8 -14 27 -5 -12 -4 -29 -10
right_child=1 3 5 8 10 9 14 16 29 -11 26 -13 23 -15 17 -17 18 -19 -20 -21 -22 -23 -24 -25 -26 -27 -28 28 -30 -31
leaf_value=-0.027647480335885672 -0.0063290659193108237 0.0085515347622824138 -0.018602776558468228 0.015316502677506484 0.0025664756420774523 -0.0094726470439122634 -0.015261175424061919 0.0031045474211954457 0.021400694322508219 -0.005716517245500821 0.0055355966403577289 0.012201393234592923 -0.0056356099623589041 -0.0014872255052019343 -0.025971394810569759 -0.014644549808210948 -0.00039601648981113784 -0.020576667854155618 -0.0033766049581538055 -0.013992424553509953 -0.032571179797929346 -0.012861395169287547 -0.021930890564428832 -0.013940435327788814 -0.021637946971685897 0.018886276634006077 -0.003416353563597012 -0.0026880075853756248 -0.016329308008141929 0.027012646397654438
leaf_weight=493 669 2366 401 908 3022 389 185 382 536 491 3140 1583 67 423 648 22 2509 261 790 647 330 134 207 434 298 415 45 34 82 142
leaf_count=493 669 2366 401 908 3022 389 185 382 536 491 3140 1583 67 423 648 22 2509 261 790 647 330 134 207 434 298 415 45 34 82 142
internal_value=4.29412e-05 0.00539619 -0.0183717 0.0128739 0.00140085 -0.0131237 -0.0253963 -0.00184672 0.0185166 -0.0101799 0.00395918 0.0100146 -0.0165395 -0.00537249 -0.0227233 0.00244209 -0.000672422 -0.0244224 -0.00110977 -0.0122953 -0.0296217 -0.00741914 -0.0187832 -0.0128298 -0.0188199 0.0164363 0.00540912 -0.0171956 -0.012331 0.0225761
internal_weight=22053 17086 4967 5950 11136 2843 2124 4907 2001 1527 6229 3949 1316 1226 1301 3044 3681 909 3299 1036 823 803 392 501 815 1323 3185 517 116 678
internal_count=22053 17086 4967 5950 11136 2843 2124 4907 2001 1527 6229 3949 1316 1226 1301 3044 3681 909 3299 1036 823 803 392 501 815 1323 3185 517 116 678
is_linear=0
shrinkage=0.05


Tree=15
num_leaves=31
num_cat=0
split_feature=10 10 10 10 10 10 10 10 10 28 10 10 28 28 7 4 3 33 9 6 7 7 6 7 27 27 28 33 28 17
split_gain=789.072 182.918 67.7763 33.3371 32.9841 10.3465 8.35558 6.66861 5.49604 5.38821 5.07542 4.84452 4.73036 4.58821 2.63173 2.34913 2.04636 1.68362 1.78885 1.63716 1.60129 1.58053 1.5705 1.49092 1.39017 1.33481 1.26909 1.25304 1.23391 1.23932
threshold=0.069166666666666682 0.65833333333333344 -0.49499999999999994 0.96166666666666678 0.41833333333333339 -0.19499999999999998 -0.80166666666666664 0.27166666666666672 1.1650000000000003 13.500000000000002 0.53166666666666684 0.81166666666666687 12.500000000000002 14.500000000000002 410.87500000000006 24.919889450073246 53.875000000000007 -0.37940952255126059 78.81879043579103 307.37500000000006 585.12500000000011 246.25000000000003 299.37500000000006 234.37500000000003 0.11833333333333319 0.040000000000000153 14.500000000000002 -0.78656609248549303 11.500000000000002 -0.57833333333333325
decision_type=2 2 2 2 2 2 2 2 2 2 2 2 2 2 2 2 2 2 2 2 2 2 2 2 2 2 2 2 2 2
left_child=2 4 6 11 7 13 20 12 24 19 21 -3 22 15 28 -4 -17 -9 -19 -7 -1 27 -2 -12 -5 -13 -16 -6 -8 -30
right_child=1 3 5 8 10 9 14 17 -10 -11 23 25 -14 -15 26 16 -18 18 -20 -21 -22 -23 -24 -25 -26 -27 -28 -29 29 -31
leaf_value=-0.026233299127500505 -0.0053793735051239503 0.0082646728553519896 -0.018350261829947041 0.014935087754544038 0.0054341830570647657 -0.0090064298349840106 -0.021923686108994683 0.0025009530849705998 0.021401009639255873 -0.0052690202946909341 0.0051815117999844916 0.010743415839246666 -0.00057515681088898243 -0.00981422432855838 -0.024483029284829028 -0.018008281484148219 -0.0082212801631463724 -0.00034930769755679063 -0.0035279860449059612 -0.01315389611381328 -0.030673096440623555 -0.010022535440153801 -0.0099862288421600585 -0.0078782727105797031 0.019275143412786612 0.013795574891269813 -0.0182575371393815 0.0020156038757995214 -0.021384710128359449 -0.015128863052318614
leaf_weight=500 737 2464 828 1005 298 375 244 409 655 491 3282 1017 503 269 634 95 122 2475 539 651 342 26 247 22 226 553 94 2667 121 229
leaf_count=500 737 2464 828 1005 298 375 244 409 655 491 3282 1017 503 269 634 95 122 2475 539 651 342 26 247 22 226 553 94 2667 121 229
internal_value=3.7795e-06 0.00510399 -0.0174819 0.0122133 0.00134789 -0.0123898 -0.0241436 -0.00172377 0.0177007 -0.00957659 0.00374374 0.00964778 -0.0045195 -0.0156376 -0.0216641 -0.0171367 -0.0125059 -0.00050927 -0.000917757 -0.011638 -0.0280366 0.00225156 -0.00653577 0.00509455 0.0157319 0.0118185 -0.0236792 0.00235919 -0.0191943 -0.0172916
internal_weight=22120 17125 4995 5920 11205 2831 2164 4910 1886 1517 6295 4034 1487 1314 1322 1045 217 3423 3014 1026 842 2991 984 3304 1231 1570 728 2965 594 350
internal_count=22120 17125 4995 5920 11205 2831 2164 4910 1886 1517 6295 4034 1487 1314 1322 1045 217 3423 3014 1026 842 2991 984 3304 1231 1570 728 2965 594 350
is_linear=0
shrinkage=0.05


Tree=16
num_leaves=31
num_cat=0
split_feature=10 10 10 10 10 10 10 10 10 10 28 28 28 10 17 4 28 17 7 33 16 7 7 7 10 7 26 27 27 6
split_gain=712.137 165.196 61.1681 31.4014 28.3894 9.33771 7.58709 6.01842 5.21366 5.09123 4.86286 4.26915 4.14086 3.87638 2.32708 2.12009 2.10918 1.7391 1.70899 1.51947 1.74396 1.49044 1.44668 1.4375 1.38113 1.36758 1.36242 1.32929 1.28666 1.23337
threshold=0.069166666666666682 0.66833333333333345 -0.49499999999999994 0.41833333333333339 0.99500000000000011 -0.19499999999999998 -0.75499999999999989 0.27166666666666672 0.83833333333333349 0.53166666666666684 13.500000000000002 12.500000000000002 14.500000000000002 1.2083333333333337 -0.42166666666666658 24.919889450073246 12.500000000000002 -0.14166666666666664 320.87500000000006 -0.37940952255126059 -0.22166666666666662 278.62500000000006 99.125000000000014 259.25000000000006 -0.94833333333333314 234.37500000000003 0.013333333333333282 0.11833333333333319 0.046666666666666648 232.37500000000003
decision_type=2 2 2 2 2 2 2 2 2 2 2 2 2 2 2 2 2 2 2 2 2 2 2 2 2 2 2 2 2 2
left_child=2 3 6 7 8 12 14 11 28 23 21 22 15 27 24 -4 17 -8 -17 -9 -21 -7 -2 -5 -1 -11 -10 -6 -3 -13
right_child=1 4 5 9 13 10 16 19 26 25 -12 29 -14 -15 -16 18 -18 -19 -20 20 -22 -23 -24 -25 -26 -27 -28 -29 -30 -31
leaf_value=-0.029922382376104031 -0.0045199457280521048 0.0074512750535435648 -0.017432748736550183 0.0022311536878776997 0.014899101065005055 -0.0099229616065742154 -0.023035564966287878 0.0023759054217156262 0.010793806872793929 0.0050208961022815612 -0.0050055692810517813 0.0030457322960388907 -0.0093235131090448047 0.02106112516364805 -0.019390800792692054 -0.0071691197463865947 -0.01752579997609921 -0.016075756124690803 -0.01605950915896202 -0.014296315982937813 -0.00076411486398382208 -0.0142610551452537 -0.008385086064255691 -0.010896719513194902 -0.025641574528146156 -0.0074843593288361184 0.013916965308304892 0.019202667416797745 0.0098865474949532597 -0.0022529247055401006
leaf_weight=265 554 1765 828 2970 886 758 557 409 995 3507 491 162 269 503 117 102 466 107 115 24 2990 268 430 21 652 22 538 225 783 341
leaf_count=265 554 1765 828 2970 886 758 557 409 995 3507 491 162 269 503 117 102 466 107 115 24 2990 268 430 21 652 22 538 225 783 341
internal_value=3.5905e-06 0.00484879 -0.0166078 0.0013824 0.0118059 -0.0117703 -0.0229364 -0.00163759 0.00958584 0.00365664 -0.00909776 -0.00429353 -0.0148557 0.0174194 -0.0260314 -0.0162798 -0.0201044 -0.021914 -0.0118806 -0.000483807 -0.00087187 -0.0110561 -0.00620898 0.00213898 -0.0268787 0.00494294 0.0118899 0.0157707 0.00819963 -0.000546399
internal_weight=22120 17125 4995 11430 5695 2831 2164 4910 4081 6520 1517 1487 1314 1614 1034 1045 1130 664 217 3423 3014 1026 984 2991 917 3529 1533 1111 2548 503
internal_count=22120 17125 4995 11430 5695 2831 2164 4910 4081 6520 1517 1487 1314 1614 1034 1045 1130 664 217 3423 3014 1026 984 2991 917 3529 1533 1111 2548 503
is_linear=0
shrinkage=0.05


Tree=17
num_leaves=31
num_cat=0
split_feature=10 10 10 10 10 28 7 10 10 10 10 28 10 7 4 17 10 25 10 26 28 5 6 6 27 28 7 8 5 13
split_gain=642.704 149.114 55.2042 27.3001 26.8378 8.44813 7.06714 6.45253 5.81 5.43163 4.14492 3.8529 3.08152 2.36586 2.03874 1.93703 1.85557 1.80653 1.56997 1.54334 1.41507 1.88003 1.37693 1.3452 1.34128 1.32956 1.28359 1.27488 1.20023 1.18896
threshold=0.069166666666666682 0.65833333333333344 -0.49499999999999994 0.93083333333333351 0.41833333333333339 14.500000000000002 483.12500000000006 -0.16166666666666665 1.1016666666666668 0.27166666666666672 0.52750000000000008 12.500000000000002 0.76166666666666683 366.25000000000006 25.344450950622562 -0.6349999999999999 -0.92499999999999993 0.7316666666666668 -0.245 0.053333333333333358 13.500000000000002 149.97371673583987 465.37500000000006 299.37500000000006 0.050000000000000107 12.500000000000002 246.25000000000003 221.87500000000003 242.65390777587893 0.67166666666666675
decision_type=2 2 2 2 2 2 2 2 2 2 2 2 2 2 2 2 2 2 2 2 2 2 2 2 2 2 2 2 2 2
left_child=2 4 6 12 9 7 15 13 -5 11 26 23 -3 14 -4 -1 -8 -9 -7 -10 21 -17 25 -2 -14 -11 -6 -12 -25 -27
right_child=1 3 5 8 10 18 16 17 19 22 27 -13 24 -15 -16 20 -18 -19 -20 -21 -22 -23 -24 28 -26 29 -28 -29 -30 -31
leaf_value=-0.0226133975563798 -0.0048282922129433059 0.0069861509187123701 -0.014718816729563195 0.013252062727048323 0.0020581799306903579 -0.0096916085120097237 -0.028096090858181318 -0.011775896147166631 0.01753852738902149 -0.00081704672020409892 0.0046149645151025119 -0.0005190790045704872 0.0089911661473113108 -0.018119119583251596 -0.0079860277333890731 -0.023376070224490102 -0.023426071202819441 -0.007535837812042233 -0.0044440770340459018 0.022820634606498233 -0.014289732439817782 -0.017332923666257098 -0.0095674822947419275 -0.011526595046379077 0.011863089490212204 0.0009090074895544228 -0.009102802035900262 -0.0069490004631613082 -0.0041023328440424837 0.0074786681482933845
leaf_weight=287 737 1826 607 1220 2802 212 300 520 761 2766 3443 503 1365 433 138 179 731 486 435 169 209 458 41 166 579 537 26 24 81 79
leaf_count=287 737 1826 607 1220 2802 212 300 520 761 2766 3443 503 1365 433 138 179 731 486 435 169 209 458 41 166 579 537 26 24 81 79
internal_value=3.411e-06 0.00460635 -0.0157774 0.0110252 0.00121503 -0.0111818 -0.0217896 -0.0126684 0.0155214 -0.00155571 0.00337615 -0.00407885 0.00846111 -0.0151799 -0.0134717 -0.0190639 -0.024785 -0.00972752 -0.00616352 0.0184984 -0.0178598 -0.0190311 -0.000459616 -0.00589853 0.00984654 -0.000349201 0.00195557 0.00453491 -0.00909192 0.00175155
internal_weight=22120 17125 4995 5920 11205 2831 2164 2184 2150 4910 6295 1487 3770 1178 745 1133 1031 1006 647 930 846 637 3423 984 1944 3382 2828 3467 247 616
internal_count=22120 17125 4995 5920 11205 2831 2164 2184 2150 4910 6295 1487 3770 1178 745 1133 1031 1006 647 930 846 637 3423 984 1944 3382 2828 3467 247 616
is_linear=0
shrinkage=0.05


Tree=18
num_leaves=31
num_cat=0
split_feature=10 10 10 10 10 28 10 10 10 13 10 10 6 33 7 17 6 28 7 4 15 8 10 25 3 27 10 28 17 2
split_gain=580.176 137.276 46.4703 26.1431 24.2785 7.39368 6.38307 5.26037 4.95003 4.64306 4.61919 3.18384 2.29655 2.07798 2.84925 1.98017 1.92262 1.82875 1.81785 1.92894 1.76485 1.58154 1.54488 1.50345 1.3633 1.29914 1.27864 1.27327 1.24825 1.24535
threshold=0.048333333333333346 0.64833333333333343 -0.49499999999999994 0.93083333333333351 0.38833333333333336 14.500000000000002 -0.75499999999999989 1.091666666666667 -0.17833333333333332 0.23166666666666672 0.51166666666666683 0.75833333333333341 436.37500000000006 -0.37940952255126059 21.375000000000004 -0.42166666666666658 477.37500000000006 13.500000000000002 366.25000000000006 25.344450950622562 0.2002440640148844 269.87500000000006 1.3683333333333336 0.74500000000000011 98.625000000000014 0.050000000000000107 -0.245 13.500000000000002 0.36166666666666675 1011.2410888671876
decision_type=2 2 2 2 2 2 2 2 2 2 2 2 2 2 2 2 2 2 2 2 2 2 2 2 2 2 2 2 2 2
left_child=2 4 6 11 9 8 15 -5 18 12 16 -3 24 -11 -15 27 -6 20 19 -4 -8 -14 -9 -10 -2 -13 -7 -1 -25 -22
right_child=1 3 5 7 10 26 17 22 23 13 -12 25 21 14 -16 -17 -18 -19 -20 -21 29 -23 -24 28 -26 -27 -28 -29 -30 -31
leaf_value=-0.025282445317359376 -0.0051672942542191807 0.0064851458717981496 -0.014263637450033201 0.012494547264993473 0.0015816246643184503 -0.0092070281291424458 -0.020525518503362455 0.016647054871870317 -0.011525968006502935 0.0023486942684472971 0.0040926611943730281 0.008484926401431718 -0.0081014294721489227 -0.00049312386155506832 -0.0046041734836599268 -0.017413251659570216 -0.01207149255161102 -0.014823793819171158 -0.017172996887324828 -0.0074851339237129158 -0.0098728709554376272 -0.022922306445737683 0.02232314644115312 -0.0086437856984456617 -0.0018437527931113402 0.011266409917914265 -0.004414207522207972 -0.020711912191352311 -0.0010612751815527205 -0.018499462272287631
leaf_weight=724 658 1982 563 1176 3120 212 650 834 522 444 3593 1420 126 2000 534 117 26 309 419 129 73 21 140 392 581 596 405 193 63 98
leaf_count=724 658 1982 563 1176 3120 212 650 834 522 444 3593 1420 126 2000 534 117 26 309 419 129 73 21 140 392 581 596 405 193 63 98
internal_value=3.24043e-06 0.00430524 -0.0152389 0.0102992 0.000986241 -0.0108698 -0.0207001 0.0147453 -0.0122908 -0.00191923 0.00286775 0.00790819 -0.00430985 -0.0008066 -0.00135946 -0.0235389 0.00146879 -0.0181025 -0.0145738 -0.013 -0.0193365 -0.0102187 0.0174629 -0.00969476 -0.0036088 0.00930723 -0.00606101 -0.0243205 -0.0075939 -0.0148168
internal_weight=22120 17251 4869 6148 11103 2705 2164 2150 2088 4364 6739 3998 1386 2978 2534 1034 3146 1130 1111 692 821 147 974 977 1239 2016 617 917 455 171
internal_count=22120 17251 4869 6148 11103 2705 2164 2150 2088 4364 6739 3998 1386 2978 2534 1034 3146 1130 1111 692 821 147 974 977 1239 2016 617 917 455 171
is_linear=0
shrinkage=0.05


Tree=19
num_leaves=31
num_cat=0
split_feature=10 10 10 10 10 6 10 10 28 10 10 10 28 6 10 2 6 15 17 18 6 33 6 6 33 9 16 26 26 28
split_gain=523.61 121.584 44.9363 23.1103 21.0507 7.16907 5.83229 4.52845 4.49938 3.94929 3.82754 3.01154 2.93985 2.3894 1.92927 1.87393 1.66176 1.6325 1.57102 1.54787 1.53239 1.58452 1.41304 1.36901 1.27834 1.26779 1.26687 1.15735 1.14658 1.14352
threshold=0.069166666666666682 0.66833333333333345 -0.49499999999999994 0.41833333333333339 0.99500000000000011 502.75000000000006 -0.84833333333333327 0.24166666666666672 11.500000000000002 0.83833333333333349 0.54083333333333339 1.2083333333333337 12.500000000000002 591.12500000000011 -0.058333333333333327 1011.4349060058595 357.87500000000006 0.22304292337248408 0.30166666666666675 -0.21583333333333329 465.37500000000006 -0.37940952255126059 278.12500000000006 299.37500000000006 -0.78656609248549303 78.81879043579103 -0.22166666666666662 0.060000000000000046 0.023333333333333331 14.500000000000002
decision_type=2 2 2 2 2 2 2 2 2 2 2 2 2 2 2 2 2 2 2 2 2 2 2 2 2 2 2 2 2 2
left_child=2 3 6 7 9 8 19 12 14 -3 22 27 23 -8 -4 17 -10 -7 -18 -1 21 -9 24 -2 -5 -23 -22 -6 -11 -17
right_child=1 4 5 10 11 15 13 20 16 28 -12 -13 -14 -15 -16 29 18 -19 -20 -21 26 25 -24 -25 -26 -27 -28 -29 -30 -31
leaf_value=-0.023987069576789172 -0.0045868731992510436 0.0070080697398065403 -0.012327596376816586 0.0051331182640569758 0.012871697918306689 -0.01347712574287188 -0.015757168116269576 0.0023294485218821725 -0.0037086863058175797 0.0093618987474632879 0.0043246590686969984 0.018169917687625582 -0.00070785922163288427 -0.019764989373485555 -0.0078777843925371405 -0.017223514068495118 -0.008534563950414964 -0.0059872566499107049 0.0036341686699805521 -0.0098632288855151282 -0.01779467917006949 -0.00029648257458403474 -0.0026486448452442911 -0.0092846741979675639 0.0017921042489660727 -0.0027858811605094552 -0.0021973991518219314 0.017607347642215308 0.012399302779505456 -0.0094564260578610844
leaf_weight=645 593 2548 685 320 962 267 684 463 429 1100 3319 503 434 815 378 387 503 100 28 20 23 2515 162 210 2719 642 30 149 433 54
leaf_count=645 593 2548 685 320 962 267 684 463 429 1100 3319 503 434 815 378 387 503 100 28 20 23 2515 162 210 2719 642 30 149 433 54
internal_value=3.07841e-06 0.00415772 -0.0142408 0.0011839 0.0101263 -0.0100945 -0.0196651 -0.0014069 -0.00850438 0.00821454 0.00313494 0.0149601 -0.00402345 -0.0179362 -0.0107453 -0.0140758 -0.00602308 -0.0114363 -0.0078929 -0.0235623 -0.000525689 -0.000402115 0.00190136 -0.00581544 0.00214391 -0.000802721 -0.00896603 0.0135068 0.0102198 -0.0162724
internal_weight=22120 17125 4995 11430 5695 2831 2164 4910 2023 4081 6520 1614 1237 1499 1063 808 960 367 531 665 3673 3620 3201 803 3039 3157 53 1111 1533 441
internal_count=22120 17125 4995 11430 5695 2831 2164 4910 2023 4081 6520 1614 1237 1499 1063 808 960 367 531 665 3673 3620 3201 803 3039 3157 53 1111 1533 441
is_linear=0
shrinkage=0.05


Tree=20
num_leaves=31
num_cat=0
split_feature=10 10 6 10 10 10 10 13 10 28 13 10 6 2 7 28 7 15 5 34 10 28 6 6 10 24 18 28 15 28
split_gain=471.555 113.067 38.1868 21.3538 20.0591 8.60945 5.43117 4.92406 4.42469 4.04776 3.49094 2.38732 2.20522 2.07406 2.03303 1.91667 2.25761 1.74957 1.34426 1.33436 1.2538 1.22461 1.19369 1.18981 1.18594 1.14852 1.11699 1.08274 1.14632 1.07574
threshold=0.048333333333333346 0.64833333333333343 511.12500000000006 0.91166666666666674 0.36833333333333335 -0.66833333333333322 -0.28499999999999998 1.1516666666666668 0.51166666666666683 10.500000000000002 0.29166666666666669 0.77833333333333343 407.12500000000006 1010.5955505371095 585.12500000000011 12.500000000000002 24.375000000000004 0.22304292337248408 324.08554077148443 -0.5 1.4316666666666669 14.500000000000002 477.37500000000006 284.62500000000006 1.0850000000000002 -0.83833333333333326 0.29312500000000008 14.500000000000002 0.15935633903362451 13.500000000000002
decision_type=2 2 2 2 2 2 2 2 2 2 2 2 2 2 2 2 2 2 2 2 2 2 2 2 2 2 2 2 2 2
left_child=2 4 6 11 10 14 18 24 22 -8 12 -3 -2 17 27 16 -12 -7 29 -9 -21 25 -6 26 -5 -15 -10 28 -4 -1
right_child=1 3 5 7 8 13 9 19 23 -11 15 -13 -14 21 -16 -17 -18 -19 -20 20 -22 -23 -24 -25 -26 -27 -28 -29 -30 -31
leaf_value=-0.0141955767539738 -0.0032209278016616045 0.0059617796974770331 -0.021074841631019699 0.010795645709054839 0.0012511871731085619 -0.013997055862357086 -0.010082517559819974 0.02153678854045115 0.0061015313581382451 -0.0049421700403431638 -0.00063319953177570353 0.0085076539228636228 -0.0090320619639965728 -0.018926425796081805 -0.023813621484427241 0.0021723610480135556 -0.0050665524873074047 -0.0064790525835579137 2.9490174104770027e-06 0.014837941906951141 0.022354127298439705 -0.011190395436592794 -0.010174808230089106 -0.0024679109854146078 0.013902075072057055 -0.014875712126918506 0.0034334482696082892 -0.013942727397042741 -0.016509857736011987 -0.010309538516119812
leaf_weight=502 1389 2231 629 1217 3711 331 733 114 450 802 1389 1568 185 418 403 431 362 101 21 528 62 95 23 78 411 301 3058 79 176 276
leaf_count=502 1389 2231 629 1217 3711 331 733 114 450 802 1389 1568 185 418 403 431 362 101 21 528 62 95 23 78 411 301 3058 79 176 276
internal_value=-9.8352e-06 0.0038768 -0.0137508 0.00932448 0.000861294 -0.0180022 -0.00913696 0.0130908 0.00238549 -0.00739681 -0.00210919 0.00701256 -0.00390394 -0.0150396 -0.0208704 -0.000814536 -0.00154975 -0.0122394 -0.01248 0.0165846 0.0156278 -0.0165257 0.00118081 0.0036399 0.0115799 -0.0172306 0.00377571 -0.0195286 -0.0200768 -0.012817
internal_weight=22074 17207 4867 6131 11076 2533 2334 2332 7320 1535 3756 3799 1574 1246 1287 2182 1751 432 799 704 590 814 3734 3586 1628 719 3508 884 805 778
internal_count=22074 17207 4867 6131 11076 2533 2334 2332 7320 1535 3756 3799 1574 1246 1287 2182 1751 432 799 704 590 814 3734 3586 1628 719 3508 884 805 778
is_linear=0
shrinkage=0.05


Tree=21
num_leaves=31
num_cat=0
split_feature=10 10 10 10 10 6 13 28 10 7 13 10 6 28 7 6 10 4 2 28 10 33 15 26 0 28 18 6 25 26
split_gain=425.578 102.066 34.6523 18.6844 18.6008 9.38789 4.36574 3.82614 3.31212 3.19426 3.16367 3.06402 1.94772 1.76595 2.29225 1.72763 1.69394 1.60398 1.51039 1.45988 1.36907 1.22684 1.58838 1.15567 1.15363 1.12311 1.1155 1.34927 1.18017 1.0721
threshold=0.048333333333333346 0.65166666666666673 -0.60166666666666657 0.96166666666666678 0.36833333333333335 502.75000000000006 0.50166666666666682 11.500000000000002 1.1950000000000003 483.12500000000006 0.23166666666666672 0.78166666666666684 506.12500000000006 11.500000000000002 24.375000000000004 407.12500000000006 -0.2616666666666666 19.9812126159668 1013.0408325195314 14.500000000000002 -0.2283333333333333 -0.60355339059327362 0.074155742016955475 0.040000000000000029 16.098750114440922 10.500000000000002 0.3611458333333335 278.12500000000006 1.0216666666666669 0.023333333333333543
decision_type=2 2 2 2 2 2 2 2 2 2 2 2 2 2 2 2 2 2 2 2 2 2 2 2 2 2 2 2 2 2
left_child=2 4 9 11 10 7 12 20 23 18 15 -3 21 14 -12 25 -9 19 -1 -7 -4 -6 -23 -5 -19 -2 28 -28 -8 -13
right_child=1 3 5 8 6 17 26 16 -10 -11 13 29 -14 -15 -16 -17 -18 24 -20 -21 -22 22 -24 -25 -26 -27 27 -29 -30 -31
leaf_value=-0.013713807697617604 -0.004404848353064544 0.0057585631376579757 -0.012538473827081044 0.01095964874267053 0.0036824885698464489 -0.016334728334129984 0.0045557453511855936 -0.0086868389051694573 0.016273518845332138 -0.02083292318445807 -0.00069360379151150965 0.0077703523683490044 -0.013412917854831272 0.0017541324425891522 -0.00483841115508376 -0.0085358206770648187 -0.0043060655047332469 -0.0085931608727380562 -0.018280777527207141 -0.0094907275431758767 -0.0087821620593678176 0.0011770739984666471 -0.0028836215843130193 0.01461221968816985 -0.013565212323333006 -0.0011282648243235076 0.0031988766012687447 -0.009228062947196039 0.010828070129202895 0.010417736878364602
leaf_weight=302 745 2178 369 1078 433 542 586 331 558 928 1512 1387 23 489 428 179 662 198 452 91 708 2979 262 271 284 403 3060 22 86 528
leaf_count=302 745 2178 369 1078 433 542 586 331 558 928 1512 1387 23 489 428 179 662 198 452 91 708 2979 262 271 284 403 3060 22 86 528
internal_value=-9.34344e-06 0.00368296 -0.0130633 0.00894587 0.000865301 -0.00999732 0.00231156 -0.00800504 0.0130336 -0.0188689 -0.00200373 0.00704134 0.00109197 -0.000931164 -0.00160803 -0.003967 -0.00576632 -0.013696 -0.0164516 -0.0153508 -0.0100691 0.00118277 0.00084881 0.0116934 -0.0115228 -0.00325462 0.00351263 0.00311017 0.00535845 0.00850028
internal_weight=22074 17207 4867 6000 11207 3185 7451 2070 1907 1682 3756 4093 3697 2429 1940 1327 993 1115 754 633 1077 3674 3241 1349 482 1148 3754 3082 672 1915
internal_count=22074 17207 4867 6000 11207 3185 7451 2070 1907 1682 3756 4093 3697 2429 1940 1327 993 1115 754 633 1077 3674 3241 1349 482 1148 3754 3082 672 1915
is_linear=0
shrinkage=0.05


Tree=22
num_leaves=31
num_cat=0
split_feature=10 10 10 10 10 7 6 13 10 33 13 10 6 33 16 33 7 2 33 10 2 6 17 9 3 34 10 25 10 35
split_gain=384.084 92.1685 31.4385 17.4833 16.3249 5.09779 5.03095 4.12114 3.86264 3.45405 2.86258 1.92449 1.80247 1.57454 1.9516 1.52398 1.59174 1.49676 1.64103 1.34859 1.34439 1.31291 1.23382 1.22497 1.52453 1.20634 1.12832 1.12002 1.10647 1.08775
threshold=0.048333333333333346 0.64833333333333343 -0.47166666666666662 0.91166666666666674 0.36833333333333335 483.12500000000006 502.75000000000006 1.1516666666666668 0.54833333333333345 0.25881904510252091 0.29166666666666669 0.76166666666666683 407.12500000000006 -1.0000000180025095e-35 0.22166666666666668 -0.60355339059327362 28.125000000000004 1013.1219787597657 -0.5 -0.92499999999999993 1011.4349060058595 357.87500000000006 0.30166666666666675 467.39701843261724 45.125000000000007 -0.5 -0.058333333333333327 0.87333333333333341 1.4083333333333334 0.87837969732492682
decision_type=2 2 2 2 2 2 2 2 2 2 2 2 2 2 2 2 2 2 2 2 2 2 2 2 2 2 2 2 2 2
left_child=2 4 5 11 10 17 9 -5 15 21 12 -3 -2 -12 -15 -6 27 23 -19 -7 -8 -4 -23 24 -1 -9 -11 -17 -27 -14
right_child=1 3 6 7 8 19 20 25 -10 26 13 -13 29 14 -16 16 -18 18 -20 -21 -22 22 -24 -25 -26 28 -28 -29 -30 -31
leaf_value=-0.022328758472576739 -0.0029112618729069378 0.0052892394347657887 -0.0030412340630185759 0.010443023765741114 0.0033975356983653345 -0.022165003305417486 -0.0098803219425756105 0.019730192926107795 0.0036310133927539151 -0.010510351665622303 0.0019760363966181606 0.0075476445267548681 -0.0099842869540189231 -0.0054973009416934508 -0.00071790046828916617 0.00055368964739720356 -0.0020324696277419212 -0.010395331462280376 -0.017103508712413409 -0.018201559647066164 -0.014157076272214722 -0.0074550409992888908 0.0039473752453923231 -0.014416886071404428 -0.007725602833531975 0.013260419797261634 -0.0068901950166783098 0.0024371609457188655 0.019618743563754648 -8.5274249602876166e-05
leaf_weight=20 1389 2056 411 1628 705 304 335 114 2752 694 431 1743 151 249 1502 2216 421 108 585 730 407 465 25 303 168 511 312 1226 79 34
leaf_count=20 1389 2056 411 1628 705 304 335 114 2752 694 431 1743 151 249 1502 2216 421 108 585 730 407 465 25 303 168 511 312 1226 79 34
internal_value=-8.87626e-06 0.00349881 -0.0124101 0.00841733 0.000776216 -0.0168018 -0.00873296 0.0118252 0.00215124 -0.00737377 -0.00190354 0.00632541 -0.00352876 -0.000731184 -0.00139755 0.00125975 0.0008696 -0.0145617 -0.0160581 -0.0193668 -0.0122262 -0.00512526 -0.00687329 -0.0124497 -0.00927913 0.0150216 -0.0093876 0.00122456 0.0141118 -0.00816501
internal_weight=22074 17207 4867 6131 11076 2218 2649 2332 7320 1907 3756 3799 1574 2182 1751 4568 3863 1184 693 1034 742 901 490 491 188 704 1006 3442 590 185
internal_count=22074 17207 4867 6131 11076 2218 2649 2332 7320 1907 3756 3799 1574 2182 1751 4568 3863 1184 693 1034 742 901 490 491 188 704 1006 3442 590 185
is_linear=0
shrinkage=0.05


Tree=23
num_leaves=31
num_cat=0
split_feature=10 10 10 10 10 6 10 28 10 15 28 6 10 28 7 10 17 24 23 22 28 9 27 28 10 4 13 26 18 33
split_gain=346.636 83.2874 28.5239 18.0929 12.9899 7.6184 4.5143 3.13529 2.90325 2.8706 2.56539 2.56449 2.12864 2.10399 1.73476 1.49909 1.45711 1.44876 1.51041 1.55759 1.41098 1.2841 1.28398 1.18175 1.15953 1.11448 1.07839 1.09949 1.07731 1.01952
threshold=0.048333333333333346 0.68833333333333335 -0.60166666666666657 0.44166666666666671 1.0416666666666667 502.75000000000006 0.30166666666666675 11.500000000000002 0.84166666666666679 0.14470915914614182 14.500000000000002 278.12500000000006 0.57833333333333348 13.500000000000002 83.875000000000014 1.2550000000000001 -0.18166666666666662 -0.35166666666666663 0.30570928501679878 0.12477430555555558 14.500000000000002 687.17272949218761 0.050000000000000107 12.500000000000002 -0.2283333333333333 37.057340621948249 -0.0083333333333333315 -0.076666666666666605 0.2412500000000001 -0.60355339059327362
decision_type=2 2 2 2 2 2 2 2 2 2 2 2 2 2 2 2 2 2 2 2 2 2 2 2 2 2 2 2 2 2
left_child=2 3 9 6 8 7 10 24 -3 13 14 12 28 -1 -2 -6 -9 18 -7 20 -20 -11 -10 -13 -4 -16 27 -18 -5 -8
right_child=1 4 5 11 15 17 29 16 22 21 -12 23 -14 -15 25 -17 26 -19 19 -21 -22 -23 -24 -25 -26 -27 -28 -29 -30 -31
leaf_value=-0.019400439047090271 -0.0022997273789318404 0.0059175775282637524 -0.011354218746079914 0.0048979024593397086 0.011785957405248702 -0.023876263226928384 0.0026814303618939391 -0.0079579042081106052 0.0077330302620224741 -0.011914231189437012 0.00043221381622636544 -0.007350458358641624 0.0041210144021378292 -0.014793204636132318 -0.0060176821623266702 0.01551440465520686 -0.010380919834815268 -0.00067559981969400097 -0.015433264867708744 -0.010440155649090335 -0.0083859390414128196 -0.01907553008728801 0.01064105392902333 0.00061097675352357334 -0.0078973025359946047 0.0056697210341337184 -0.0020204516367572311 -0.0039843147614988623 0.0019130725561369865 -0.00025456461302127115
leaf_weight=952 786 2213 369 337 922 29 323 321 1230 317 433 82 2679 335 711 381 99 26 432 543 85 78 549 108 708 21 364 209 2936 3496
leaf_count=952 786 2213 369 337 922 29 323 321 1230 317 433 82 2679 335 711 381 99 26 432 543 85 78 549 108 708 21 364 209 2936 3496
internal_value=-8.43245e-06 0.00332387 -0.0117896 0.00100462 0.00854142 -0.00900795 -0.00100586 -0.00721322 0.00712654 -0.0170569 -0.00296256 0.00289333 0.00307587 -0.0182012 -0.00393089 0.0128762 -0.00518667 -0.0123399 -0.0126184 -0.0123104 -0.0142746 -0.0133284 0.00863045 -0.00282501 -0.00908171 -0.00568239 -0.00386291 -0.00604037 0.0022204 -6.24663e-06
internal_weight=22074 17207 4867 11912 5295 3185 5770 2070 3992 1682 1951 6142 5952 1287 1518 1303 993 1115 1089 1060 517 395 1779 190 1077 732 672 308 3273 3819
internal_count=22074 17207 4867 11912 5295 3185 5770 2070 3992 1682 1951 6142 5952 1287 1518 1303 993 1115 1089 1060 517 395 1779 190 1077 732 672 308 3273 3819
is_linear=0
shrinkage=0.05


Tree=24
num_leaves=31
num_cat=0
split_feature=10 10 10 10 10 10 28 10 6 8 28 13 7 10 22 9 26 26 18 28 6 36 3 21 36 3 1 21 7 33
split_gain=312.941 68.7193 36.839 14.4177 9.91792 7.64424 3.60476 3.04518 2.58521 2.19007 2.18147 2.12004 1.86767 1.84549 1.66267 1.44699 1.32421 1.28392 1.26593 1.22013 1.39274 1.4155 1.54365 1.19463 1.16957 1.25499 1.07939 1.02143 0.966169 0.98411
threshold=0.1516666666666667 0.72166666666666679 -0.28499999999999998 0.48166666666666674 1.0650000000000002 -0.66833333333333322 14.500000000000002 0.33166666666666672 307.37500000000006 194.62500000000003 12.500000000000002 0.91833333333333345 585.12500000000011 0.60166666666666679 0.29025173611111116 709.99658203125011 0.053333333333333358 1.0000000180025095e-35 -0.16083333333333322 14.500000000000002 361.87500000000006 1.0000000180025095e-35 93.125000000000014 0.66166666666666674 -0.56174490092936669 42.625000000000007 58.261209487915046 0.10500000000000002 294.87500000000006 -0.60355339059327362
decision_type=2 2 2 2 2 2 2 2 2 2 2 2 2 2 2 2 2 2 2 2 2 2 2 2 2 2 2 2 2 2
left_child=2 3 5 7 11 12 8 19 -4 13 15 -3 -1 -5 26 -7 -6 -13 -12 20 -2 -22 -23 -11 -16 -26 -10 -8 29 -9
right_child=1 4 6 9 16 10 27 28 14 23 18 17 -14 -15 24 -17 -18 -19 -20 -21 21 22 -24 -25 25 -27 -28 -29 -30 -31
leaf_value=-0.015579430219759161 -0.0018942185909020925 0.0064561834795337893 -0.0045264560298958791 0.0025091132944964705 0.011804222555491337 -0.012115953320008024 -0.004070819761231542 0.0029895651548061866 -0.02060697932134975 -0.00093993274650226049 -0.010067433707243121 0.0075171626791016291 -0.019615874309370077 0.0043237516261679472 -0.009755518388737984 -0.016654068175662617 0.016247051108203941 0.011031492195126922 -0.0017795935844769702 0.0010059986089024496 -0.0031904232625839949 -0.020135515408985546 -0.003469972145588448 -0.013949114556598944 -0.010661735241873223 -0.002381211644405053 -0.0093718605491289377 0.00017292125320429415 -0.0090747842368168324 0.00033406022519358466
leaf_weight=992 1658 2503 717 3137 943 754 375 387 22 60 587 564 403 2532 128 229 204 482 50 326 97 33 24 25 57 232 756 228 26 3543
leaf_count=992 1658 2503 717 3137 943 754 375 387 22 60 587 564 403 2532 128 229 204 482 50 326 97 33 24 25 57 232 756 228 26 3543
internal_value=-8.01083e-06 0.00343393 -0.0103052 0.00140517 0.00855248 -0.0140324 -0.00583696 -0.000289676 -0.00690001 0.00320016 -0.0116962 0.00724618 -0.0167455 0.0033196 -0.00832414 -0.0131732 0.0125944 0.00913658 -0.0094169 -0.00181005 -0.00231669 -0.00686508 -0.0131184 -0.00476616 -0.00577666 -0.00401439 -0.00968956 -0.00246622 0.000532 0.000595557
internal_weight=22074 16544 5530 11848 4696 3015 2515 6094 1912 5754 1620 3549 1395 5669 1195 983 1147 1046 637 2138 1812 154 57 85 417 289 778 603 3956 3930
internal_count=22074 16544 5530 11848 4696 3015 2515 6094 1912 5754 1620 3549 1395 5669 1195 983 1147 1046 637 2138 1812 154 57 85 417 289 778 603 3956 3930
is_linear=0
shrinkage=0.05


Tree=25
num_leaves=31
num_cat=0
split_feature=10 10 10 10 10 10 28 6 28 6 33 10 10 28 15 3 27 2 9 6 10 2 17 8 26 27 1 17 1 22
split_gain=283.818 58.319 37.7361 11.6266 8.61804 6.54339 4.19698 2.83893 2.18655 2.0868 1.93166 1.90166 1.72095 1.64532 1.64777 1.52319 1.37427 1.31715 1.29399 1.18916 1.18254 1.16891 1.12133 1.11177 1.14446 1.08021 0.987478 0.979457 0.907437 0.903529
threshold=0.20166666666666672 0.7316666666666668 -0.30166666666666664 0.48166666666666674 1.071666666666667 -0.66833333333333322 14.500000000000002 295.12500000000006 12.500000000000002 291.25000000000006 -0.60355339059327362 0.8716666666666667 0.59166666666666679 14.500000000000002 0.16470933994370629 48.125000000000007 0.1333333333333335 1008.3301696777345 318.60993957519537 255.37500000000003 0.33833333333333343 1004.6378479003907 0.51166666666666683 196.25000000000003 0.023333333333333543 0.0033333333333333067 58.664770126342781 -0.3216666666666666 65.338756561279311 0.34088541666666677
decision_type=2 2 2 2 2 2 2 2 2 2 2 2 2 2 2 2 2 2 2 2 2 2 2 2 2 2 2 2 2 2
left_child=2 3 5 9 11 13 7 -4 18 10 29 -3 -5 14 -1 -11 -6 22 -7 -8 -12 -16 -9 24 -14 -13 -19 -20 -10 -2
right_child=1 4 6 12 16 8 19 17 28 15 20 25 23 -15 21 -17 -18 26 27 -21 -22 -23 -24 -25 -26 -27 -28 -29 -30 -31
leaf_value=-0.0171789052471789 0.0021576834586032444 0.0058804236513793967 -0.0042180841860464868 0.0022482759919031261 0.011110221415214838 -0.0086047059804753925 0.0017875267064645856 -0.006067132350749729 -0.010776704788161761 -0.010439102709642612 -0.0013149153366267879 0.0070563537268417314 0.0034915153626809275 -0.0093784391700934902 -0.0030010771272437915 -0.0021240507152382451 0.01525142183913937 -0.019103998626055926 -0.01570674106748805 -0.0031457727394430882 0.00042306492762605817 -0.013864868348894128 0.0060796123836189507 -0.0072407531001689764 0.0057979745718757039 0.0096022034370111357 -0.0086194842275588053 -0.012071912405675555 -0.0068770693617750747 0.0075877969324133019
leaf_weight=1064 414 1786 863 2904 821 163 156 380 292 64 1379 908 2258 91 28 395 265 23 306 563 3372 214 20 22 706 770 953 470 305 94
leaf_count=1064 414 1786 863 2904 821 163 156 380 292 64 1379 908 2258 91 28 395 265 23 306 563 3372 214 20 22 706 770 953 470 305 94
internal_value=1.11628e-05 0.00343644 -0.0093838 0.00155579 0.00823438 -0.0134026 -0.00539895 -0.00646623 -0.0111503 -5.02382e-05 0.000231953 0.00701596 0.00311493 -0.015879 -0.0163319 -0.00328345 0.0121207 -0.00787622 -0.0126546 -0.0020754 -8.1392e-05 -0.0126079 -0.0054598 0.00395777 0.00404089 0.00822459 -0.00886656 -0.0135052 -0.00878443 0.00316247
internal_weight=22049 16158 5891 11608 4550 2933 2958 2239 1536 5718 5259 3464 5890 1397 1306 459 1086 1376 939 719 4751 242 400 2986 2964 1678 976 776 597 508
internal_count=22049 16158 5891 11608 4550 2933 2958 2239 1536 5718 5259 3464 5890 1397 1306 459 1086 1376 939 719 4751 242 400 2986 2964 1678 976 776 597 508
is_linear=0
shrinkage=0.05


Tree=26
num_leaves=31
num_cat=0
split_feature=10 10 10 10 10 10 28 6 28 13 10 10 9 26 0 8 7 27 8 0 12 2 15 1 6 18 27 28 5 13
split_gain=256.146 52.6329 34.0799 10.5022 7.78319 6.69023 3.76122 2.31314 2.0681 2.03849 1.79378 1.55099 1.53275 1.44819 1.31622 1.26072 1.22273 1.19103 1.1782 1.0022 0.991142 0.984793 0.98309 0.963551 0.962911 0.954695 0.928592 0.923149 0.922674 0.885423
threshold=0.20166666666666672 0.7316666666666668 -0.2616666666666666 0.50166666666666682 1.0783333333333336 -0.66833333333333322 14.500000000000002 229.37500000000003 12.500000000000002 0.35833333333333339 0.88166666666666671 -0.84833333333333327 318.60993957519537 1.0000000180025095e-35 15.367499828338625 153.12500000000003 269.12500000000006 0.1333333333333335 196.25000000000003 16.386250495910648 -0.80166666666666664 1012.3406677246095 0.2002440640148844 58.664770126342781 255.37500000000003 -0.16083333333333322 0.0033333333333333067 13.500000000000002 324.08554077148443 0.82833333333333348
decision_type=2 2 2 2 2 2 2 2 2 2 2 2 2 2 2 2 2 2 2 2 2 2 2 2 2 2 2 2 2 2
left_child=2 3 5 9 10 11 7 -4 12 16 -3 19 -7 -5 -9 29 -2 -6 -18 21 -14 -1 27 -16 -8 -10 -12 -13 -22 -15
right_child=1 4 6 13 17 8 24 14 25 -11 26 22 20 15 23 -17 18 -19 -20 -21 28 -23 -24 -25 -26 -27 -28 -29 -30 -31
leaf_value=-0.0022770152427256107 -0.00078608776269421137 0.0056588627468557732 -0.0028721143485622874 0.0025166863638741311 0.010634687690177773 -0.0076970065734100175 0.0017984973490914151 -0.0052602031905263063 -0.0087869925503603653 0.00086875563266867724 0.0068179214164326351 -0.015486428727185928 -0.021619963645935061 0.0042635762279199692 -0.017997594656966008 -0.00038826880907570876 -0.0013721104203594022 0.014537367909931792 -0.014557927193527576 -0.017695104038706423 -0.012674677237466873 -0.014764030846456687 -0.0091240388198962647 -0.0078432671698202318 -0.0026885571429816684 -0.0017890433814345841 0.0092417937485092215 -0.011300138052792064 -0.0032775857761778216 0.0082217510461281892
leaf_weight=20 2622 1911 475 3594 788 187 155 732 606 3535 860 457 30 1498 24 135 36 260 32 552 803 75 108 879 523 53 731 185 27 156
leaf_count=20 2622 1911 475 3594 788 187 155 732 606 3535 860 457 30 1498 24 135 36 260 32 552 803 75 108 879 523 53 731 185 27 156
internal_value=1.06047e-05 0.00326462 -0.00891461 0.001478 0.00782266 -0.0125194 -0.00490253 -0.00594355 -0.0104185 7.94666e-05 0.00669139 -0.015085 -0.0117996 0.0030953 -0.00683587 0.00425769 -0.000957759 0.0116029 -0.0075772 -0.0168787 -0.0126917 -0.0121352 -0.0135376 -0.00811315 -0.00166276 -0.00822418 0.00793159 -0.0142801 -0.012369 0.0046369
internal_weight=22049 16158 5891 11608 4550 3103 2788 2110 1706 6225 3502 1397 1047 5383 1635 1789 2690 1048 68 647 860 95 750 903 678 659 1591 642 830 1654
internal_count=22049 16158 5891 11608 4550 3103 2788 2110 1706 6225 3502 1397 1047 5383 1635 1789 2690 1048 68 647 860 95 750 903 678 659 1591 642 830 1654
is_linear=0
shrinkage=0.05


Tree=27
num_leaves=31
num_cat=0
split_feature=10 10 10 10 10 10 28 6 6 28 33 10 8 27 10 3 28 2 15 10 3 24 21 9 2 34 17 27 8 25
split_gain=231.172 47.5012 30.802 9.52547 7.02682 5.31117 3.41859 2.36309 1.79746 1.78322 1.73327 1.56394 1.56144 1.83489 1.4143 1.37161 1.34492 1.2295 1.1927 1.18962 1.17293 1.10701 1.07372 1.04737 1.02634 0.939086 0.930174 0.888148 0.875252 0.862193
threshold=0.20166666666666672 0.7316666666666668 -0.30166666666666664 0.48166666666666674 1.071666666666667 -0.66833333333333322 14.500000000000002 284.62500000000006 291.25000000000006 12.500000000000002 -0.60355339059327362 0.8650000000000001 169.12500000000003 0.049999999999999885 -0.97499999999999998 48.125000000000007 12.500000000000002 1008.3301696777345 0.16470933994370629 1.3516666666666668 98.375000000000014 -0.49166666666666664 0.10500000000000002 6.6037981510162362 1001.5091857910157 -0.5 -0.3216666666666666 0.0033333333333333067 267.62500000000006 1.031666666666667
decision_type=2 2 2 2 2 2 2 2 2 2 2 2 2 2 2 2 2 2 2 2 2 2 2 2 2 2 2 2 2 2
left_child=2 3 5 8 11 14 7 -4 10 20 29 -3 13 -5 -1 -10 -16 21 -18 25 26 28 -8 -12 -23 -6 -7 -13 -9 -2
right_child=1 4 6 12 19 9 22 17 15 -11 23 27 -14 -15 16 -17 18 -19 -20 -21 -22 24 -24 -25 -26 -27 -28 -29 -30 -31
leaf_value=-0.01846744297589693 0.002255969857714426 0.005243470488485137 -0.0036681424836625832 0.0024296379477594153 0.013991409762185332 -0.014789351801695442 -0.003653793670598612 -0.0053039580096595623 -0.0098405728014768108 -0.0079339901562903003 0.00040948130707881307 0.006337873123725051 -0.0021366114933193932 0.0044887495740336845 -0.015169119503941756 -0.0019500879814171917 -0.012777184296823807 -0.0079809014605181274 -0.0059295016907256201 0.014907397200231967 -0.0085269659645782099 -0.010119609506800771 0.00022280301976236504 -0.0012001949747830539 0.0026104086826212315 0.0095719569497105424 -0.011018917619851026 0.0085835413054602579 -0.014152093946693407 0.008782439625805669
leaf_weight=180 451 1691 807 4288 142 270 388 284 64 597 3293 959 155 1447 691 395 452 1021 74 161 254 20 331 1458 76 783 415 814 31 57
leaf_count=180 451 1691 807 4288 142 270 388 284 64 597 3293 959 155 1447 691 395 452 1021 74 161 254 20 331 1458 76 783 415 814 31 57
internal_value=1.00744e-05 0.00310139 -0.00846888 0.0014041 0.00743153 -0.0120997 -0.00486871 -0.00583195 -4.95807e-05 -0.0100706 0.000212318 0.00633133 0.00281534 0.00294917 -0.0143308 -0.00305029 -0.0137189 -0.00705136 -0.0118138 0.0109408 -0.011429 -0.00474219 -0.00186916 -8.45006e-05 -4.16784e-05 0.0102504 -0.0125051 0.00736888 -0.00617473 0.00298827
internal_weight=22049 16158 5891 11608 4550 2933 2958 2239 5718 1536 5259 3464 5890 5735 1397 459 1217 1432 526 1086 939 411 719 4751 96 925 685 1773 315 508
internal_count=22049 16158 5891 11608 4550 2933 2958 2239 5718 1536 5259 3464 5890 5735 1397 459 1217 1432 526 1086 939 411 719 4751 96 925 685 1773 315 508
is_linear=0
shrinkage=0.05


Tree=28
num_leaves=31
num_cat=0
split_feature=10 10 10 10 13 10 28 10 6 6 10 6 33 28 22 17 5 26 2 2 3 22 0 6 22 28 6 1 10 2
split_gain=208.632 42.8887 27.8593 7.93816 7.13951 5.42144 3.07238 2.10989 1.94126 1.78014 1.61588 1.42153 1.51817 1.35307 1.3175 1.24564 1.1269 1.11641 1.07657 1.06833 1.06315 0.951084 0.948889 0.869213 1.15825 0.843402 0.837135 0.830667 0.828784 0.820334
threshold=0.20166666666666672 0.71166666666666678 -0.2616666666666666 0.45833333333333343 1.091666666666667 -0.66833333333333322 14.500000000000002 0.89166666666666672 229.37500000000003 502.75000000000006 0.57166666666666677 291.25000000000006 -0.60355339059327362 14.500000000000002 0.1049479166666667 0.52750000000000008 324.08554077148443 0.060000000000000046 1009.4691772460939 1004.6378479003907 48.125000000000007 0.34088541666666677 15.023749828338625 278.12500000000006 0.52151041666666675 14.500000000000002 255.37500000000003 58.664770126342781 1.3683333333333336 1002.5975952148439
decision_type=2 2 2 2 2 2 2 2 2 2 2 2 2 2 2 2 2 2 2 2 2 2 2 2 2 2 2 2 2 2
left_child=2 3 5 11 7 13 8 -3 29 16 23 12 21 14 -1 22 -7 28 -11 -16 -13 -2 -10 -5 -25 -20 -8 -24 -6 -4
right_child=1 4 6 10 17 9 26 -9 15 18 -12 20 -14 -15 19 -17 -18 -19 25 -21 -22 -23 27 24 -26 -27 -28 -29 -30 -31
leaf_value=-0.015283904568799668 0.0017070639743022268 0.0049392869565689276 0.0068836938759142714 0.0017810592715529054 0.0091261225588767821 -0.0078318468988757516 0.0017374488258839497 0.0073008899052219925 -0.0049182914152150143 -0.0077668333773348022 0.0032293018669090432 -0.0090230317696207967 -0.00026023733266051087 -0.0077192315964826523 -0.0044842531016572968 0.0032940170511959453 0.0039281649813000556 0.013841289404882204 -0.012310240095827913 -0.012724737175853307 -0.0019496357959420283 0.0076506390118500191 -0.01638548976741731 -0.00032324820212114685 -0.013639253336004915 -0.0074902068643409401 -0.0024463031257738795 -0.0071482596642390818 0.013971891590193207 -0.003003012126598972
leaf_weight=802 356 2313 22 2918 654 680 155 1600 657 231 3196 62 4176 91 43 34 21 218 669 461 371 83 25 89 20 105 523 919 102 453
leaf_count=802 356 2313 22 2918 654 680 155 1600 657 231 3196 62 4176 91 43 34 21 218 669 461 371 83 25 89 20 105 523 919 102 453
internal_value=9.57072e-06 0.00294632 -0.00804543 0.00125008 0.0068584 -0.0113047 -0.00441795 0.00590493 -0.00535883 -0.00941344 0.00244519 -0.000223212 3.37956e-05 -0.0136142 -0.014025 -0.00617627 -0.00747955 0.0106889 -0.0107623 -0.0120217 -0.00296245 0.00283079 -0.00637739 0.0016173 -0.00276655 -0.0116564 -0.00148984 -0.00739289 0.00977992 -0.0025451
internal_weight=22049 16158 5891 11271 4887 3103 2788 3913 2110 1706 6223 5048 4615 1397 1306 1635 701 974 1005 504 433 439 1601 3027 109 774 678 944 756 475
internal_count=22049 16158 5891 11271 4887 3103 2788 3913 2110 1706 6223 5048 4615 1397 1306 1635 701 974 1005 504 433 439 1601 3027 109 774 678 944 756 475
is_linear=0
shrinkage=0.05


Tree=29
num_leaves=31
num_cat=0
split_feature=10 10 6 13 10 10 13 13 10 33 20 28 17 28 0 3 5 6 34 19 6 11 10 0 2 21 18 22 24 20
split_gain=188.363 48.011 12.328 10.2236 9.04752 3.50058 2.47218 1.98563 1.79485 1.77454 2.26782 1.61836 1.52735 1.57403 1.40844 1.19148 1.273 1.0811 0.9746 0.929246 0.917711 0.907485 0.893303 0.885123 0.993106 0.88291 0.871072 0.931473 0.848163 0.810406
threshold=-0.0083333333333333315 0.62833333333333352 511.12500000000006 0.93083333333333351 0.33166666666666672 -0.84833333333333327 0.50166666666666682 1.1516666666666668 0.80083333333333351 1.0000000180025095e-35 0.19500000000000003 13.500000000000002 -0.29833333333333328 13.500000000000002 13.173749446868898 79.625000000000014 115.31142425537111 465.37500000000006 -0.5 0.25050037849063583 377.12500000000006 -0.56166666666666665 1.4316666666666669 18.561250686645511 1010.8396606445314 0.43500000000000005 0.2412500000000001 0.33569444444444446 -0.35166666666666663 -0.47499999999999992
decision_type=2 2 2 2 2 2 2 2 2 2 2 2 2 2 2 2 2 2 2 2 2 2 2 2 2 2 2 2 2 2
left_child=2 4 11 8 9 23 17 -5 -3 14 -11 15 13 -7 -2 29 20 -6 -9 -19 -17 -15 -20 24 -4 -13 27 -8 -14 -1
right_child=1 3 5 7 6 12 26 18 -10 10 -12 25 28 21 -16 16 -18 19 22 -21 -22 -23 -24 -25 -26 -27 -28 -29 -30 -31
leaf_value=-0.012387544809941694 0.0036692702974478655 0.0036319797204241015 -0.00097074657678604132 0.0075119248193785855 0.00054239413771590733 -0.012700564549382107 0.0032300534785807133 0.014966993772521101 0.0057044375062537287 -0.0043251770885264574 -0.0011917913622171671 -0.004787566075916864 -0.0088712007049716983 -0.0098107682976738692 -0.0011186732989187311 -0.0051797062116883587 -0.0046702926115235249 -9.3527034041471777e-05 0.0092985694678290234 -0.01533529949374497 -0.012772723982034592 -0.0028894588097995314 0.015686734399346057 -0.015754093966557425 -0.012951350142247976 0.001710719131791082 0.0019326339216777456 0.0090480566299688744 0.0011037897530265829 -0.0079196736053860194
leaf_weight=129 202 2872 20 1360 4460 818 402 116 1642 1080 1241 630 680 280 641 67 539 20 532 20 98 57 61 481 128 57 2835 83 22 476
leaf_count=129 202 2872 20 1360 4460 818 402 116 1642 1080 1241 630 680 280 641 67 539 20 532 20 98 57 61 481 128 57 2835 83 22 476
internal_value=9.09219e-06 0.00234341 -0.00914018 0.00571986 0.00031982 -0.0114899 0.00123261 0.00863031 0.00438585 -0.00193618 -0.00264981 -0.00621366 -0.0103979 -0.0115158 2.86157e-05 -0.00724508 -0.00584667 0.000469 0.0107756 -0.00771441 -0.0096895 -0.0086401 0.0099557 -0.0147137 -0.0113323 -0.00424841 0.00226762 0.00422571 -0.00855859 -0.00887233
internal_weight=22049 17567 4482 6583 10984 2486 7820 2069 4514 3164 2321 1996 1857 1155 843 1309 704 4500 709 40 165 337 593 629 148 687 3320 485 702 605
internal_count=22049 17567 4482 6583 10984 2486 7820 2069 4514 3164 2321 1996 1857 1155 843 1309 704 4500 709 40 165 337 593 629 148 687 3320 485 702 605
is_linear=0
shrinkage=0.05


Tree=30
num_leaves=31
num_cat=0
split_feature=10 10 10 13 10 28 17 15 10 13 10 6 33 7 36 24 0 28 7 27 36 2 6 3 4 9 3 4 1 2
split_gain=169.269 42.3131 11.6583 10.0985 7.51648 3.33545 1.98936 1.95273 1.89785 1.79701 1.7751 1.71794 1.74559 1.88893 1.743 1.39443 1.38095 1.37965 1.32443 1.27933 1.17869 1.08675 1.34752 1.01452 0.995274 0.991736 0.968245 0.895057 0.877211 0.866078
threshold=-1.0000000180025095e-35 0.61166666666666669 -0.60166666666666657 0.93083333333333351 0.34833333333333338 12.500000000000002 -0.14166666666666664 0.15935633903362451 1.1950000000000003 0.50166666666666682 0.77833333333333343 452.62500000000006 0.25881904510252091 85.375000000000014 1.0000000180025095e-35 -0.35166666666666663 12.298749446868898 13.500000000000002 234.37500000000003 0.060000000000000088 -0.56174490092936669 1011.7479248046876 586.62500000000011 31.875000000000004 15.164267539978029 300.34555053710943 80.625000000000014 32.720516204833991 70.110530853271499 1010.002410888672
decision_type=2 2 2 2 2 2 2 2 2 2 2 2 2 2 2 2 2 2 2 2 2 2 2 2 2 2 2 2 2 2
left_child=2 4 7 10 11 6 -4 17 19 18 -3 12 16 -14 20 21 27 -1 -6 -5 -13 -7 -23 -9 -25 26 -8 -2 -26 -16
right_child=1 3 5 8 9 15 25 23 -10 -11 -12 14 13 -15 29 -17 -18 -19 -20 -21 -22 22 -24 24 28 -27 -28 -29 -30 -31
leaf_value=-0.013670563868857464 0.0023579119755595458 0.0032606552779121064 -0.010230736139525666 0.0062077715154259631 0.00060968208018694764 -0.0030177982885191135 -0.011440155552927316 -0.013916455095201946 0.010736298093716597 0.0021103714925100985 0.0052111080215432549 -0.0078655548804243535 -0.001225596327206647 -0.0043949674177442702 -0.0062218765754784855 0.0035069269096801199 -0.00075317682683219346 -0.010001239926030225 -0.0067541609307931322 0.009243257238692907 0.0017884581238293733 -0.0053508768767105454 -0.012364043138738533 -0.011283457135543863 -0.0075663549835677316 -0.0076453158943783732 -0.0031792145099591804 0.011385953525501875 -0.00024014168193389198 -0.016871521491113872
leaf_weight=1012 240 2987 638 975 4030 446 41 69 542 2992 1914 57 1616 663 35 52 779 343 62 539 71 515 79 94 113 805 263 31 64 42
leaf_count=1012 240 2987 638 975 4030 446 41 69 542 2992 1914 57 1616 663 35 52 779 343 62 539 71 515 79 94 113 805 263 31 64 42
internal_value=3.19742e-06 0.00222531 -0.00861032 0.0052562 0.00023945 -0.00665125 -0.00800622 -0.0118916 0.00819736 0.00117906 0.00402237 -0.00164403 -0.00137047 -0.00214762 -0.00608647 -0.00448355 0.000316323 -0.0127417 0.000498109 0.00728844 -0.00251059 -0.00488308 -0.0062836 -0.00850367 -0.00712551 -0.00672647 -0.00429335 0.00339064 -0.00491733 -0.0120308
internal_weight=22109 17575 4534 6957 10618 2839 1747 1695 2056 7084 4901 3534 3329 2279 205 1092 1050 1355 4092 1514 128 1040 594 340 271 1109 304 271 177 77
internal_count=22109 17575 4534 6957 10618 2839 1747 1695 2056 7084 4901 3534 3329 2279 205 1092 1050 1355 4092 1514 128 1040 594 340 271 1109 304 271 177 77
is_linear=0
shrinkage=0.05


Tree=31
num_leaves=31
num_cat=0
split_feature=17 10 10 10 10 17 28 28 28 7 22 9 7 26 26 1 28 32 1 8 34 20 5 23 10 10 16 28 22 13
split_gain=153.076 33.892 16.8307 7.78379 5.56918 3.8842 3.1309 1.83567 1.73415 3.52227 1.70095 1.69676 1.47575 1.44702 1.37008 1.24957 1.15718 1.13929 1.3269 0.981979 0.965366 0.913126 1.04852 1.2477 0.86915 0.857424 0.855479 0.81483 0.790916 0.782753
threshold=0.25166666666666676 0.71166666666666678 -0.2616666666666666 0.44166666666666671 1.0783333333333336 -0.6349999999999999 14.500000000000002 14.500000000000002 12.500000000000002 22.125000000000004 0.40053819444444455 714.60479736328136 255.37500000000003 0.023333333333333543 1.0000000180025095e-35 65.038372039794936 13.500000000000002 1.5000000000000002 58.664770126342781 79.125000000000014 -0.5 0.19500000000000003 283.21772766113287 0.40297204772357903 1.3516666666666668 0.87833333333333352 -0.28499999999999998 14.500000000000002 0.23769097222222227 0.63166666666666671
decision_type=2 2 2 2 2 2 2 2 2 2 2 2 2 2 2 2 2 2 2 2 2 2 2 2 2 2 2 2 2 2
left_child=2 3 5 8 13 16 17 11 9 -2 -10 15 14 25 -5 -7 -1 -4 -19 20 27 22 26 -24 -6 -3 -11 -15 -8 -16
right_child=1 4 6 12 24 7 28 -9 10 21 -12 -13 -14 19 29 -17 -18 18 -20 -21 -22 -23 23 -25 -26 -27 -28 -29 -30 -31
leaf_value=-0.013630716315691791 -3.0527354077380881e-05 0.0036401691901777177 -0.00071953559452066988 0.0016236112211565593 0.0084612252440844742 -0.010605419193081276 -0.0020635094634792149 -0.0049897464822141174 9.9407295262866232e-05 -0.011106176030609691 0.0045502026645004258 -0.012104104387056962 -0.0093954358703090962 0.0056948312823046614 0.002535689313308435 -0.0074124922820169685 -0.0097099362401992014 -0.015472332656602651 -0.0054793938589189108 0.0033705030195536924 0.0060540656623545401 -0.0017645257702998689 0.0047335135200839559 -0.0066294482455123219 0.012412918097142019 0.0054142865646962437 -0.0046455774842369107 0.011380110870615193 0.0023595197804272177 0.0046650404385139193
leaf_weight=668 2968 1620 124 4530 888 449 528 295 843 57 288 403 28 91 1415 965 262 34 1447 191 519 597 61 40 165 1175 507 205 125 621
leaf_count=668 2968 1620 124 4530 888 449 528 295 843 57 288 403 28 91 1415 965 262 34 1447 191 519 597 61 40 165 1175 507 205 125 621
internal_value=3.03755e-06 0.00233921 -0.00740617 0.0009086 0.0058627 -0.00983371 -0.00413577 -0.00864811 -0.000506354 -0.000971352 0.00123277 -0.00924207 0.00205897 0.00497128 0.00210782 -0.00842637 -0.0125262 -0.00532334 -0.00570881 0.00659739 0.00735363 -0.00318401 -0.00445834 0.000233331 0.00908044 0.004386 -0.00529851 0.00963227 -0.00121683 0.00318516
internal_weight=22109 16809 5300 11955 4854 3042 2258 2112 5361 4230 1131 1817 6594 3801 6566 1414 930 1605 1481 1006 815 1262 665 101 1053 2795 564 296 653 2036
internal_count=22109 16809 5300 11955 4854 3042 2258 2112 5361 4230 1131 1817 6594 3801 6566 1414 930 1605 1481 1006 815 1262 665 101 1053 2795 564 296 653 2036
is_linear=0
shrinkage=0.05


Tree=32
num_leaves=31
num_cat=0
split_feature=17 13 6 17 13 28 17 7 16 2 27 9 6 33 25 7 26 28 2 21 15 4 34 28 17 2 29 4 9 3
split_gain=138.151 28.4307 14.7373 7.88468 4.57891 2.9936 2.76618 2.13534 1.76782 1.72955 1.67334 1.65234 1.64053 1.27786 1.44916 1.24972 1.24289 1.12871 1.12796 1.05673 0.963806 1.01533 0.963464 0.933814 0.86382 0.8571 0.873917 0.854428 0.847195 0.842552
threshold=0.25166666666666676 0.75166666666666682 511.12500000000006 0.49166666666666675 1.1016666666666668 14.500000000000002 -0.6349999999999999 282.37500000000006 0.6083333333333335 1009.7652587890626 0.043333333333333349 413.79724121093756 318.12500000000006 -0.78656609248549303 0.88166666666666671 25.125000000000004 -0.046666666666666724 12.500000000000002 1015.834930419922 -0.064999999999999988 0.19536291016133259 18.948444366455082 -0.5 14.500000000000002 0.93166666666666675 1021.0383605957032 1.0000000180025095e-35 29.525028228759769 494.64166259765631 99.375000000000014
decision_type=2 2 2 2 2 2 2 2 2 2 2 2 2 2 2 2 2 2 2 2 2 2 2 2 2 2 2 2 2 2
left_child=2 3 5 7 10 12 -4 16 13 20 11 24 -1 14 -5 -15 27 29 28 -7 -8 -22 -6 -11 -3 26 -14 -2 -9 -17
right_child=1 4 6 8 22 19 9 18 -10 23 -12 -13 25 15 -16 17 -18 -19 -20 -21 21 -23 -24 -25 -26 -27 -28 -29 -30 -31
leaf_value=-0.0035682178302549705 -0.0028333045492654075 0.0033498186223795304 -0.012042635857278789 0.002620465543685304 0.012396125256240091 -0.004343445882072236 -0.0074917179005745578 -0.0096858538100091027 0.0031653535810364009 -0.0099751255525824742 0.0065688308516452147 -0.0030687855066755762 -0.0092833305116172861 0.0015115285007364287 0.010393329444559641 -0.0040048803263193038 3.3703357335737679e-05 0.0025175802717766096 -0.017204592842608692 -0.0006037596287539823 -0.0073078916564614307 0.001279477490395119 0.0081491489649071127 -0.0050635753524542419 0.0053795202499434466 -0.009987948496797773 -0.0055023791153025851 0.0033726241496834356 -0.00045193970700320614 0.00055259990575289508
leaf_weight=669 611 1024 884 951 161 297 298 46 2576 1112 1033 77 183 3121 64 274 4549 167 22 519 61 79 783 106 1074 165 927 61 54 161
leaf_count=669 611 1024 884 951 161 297 298 46 2576 1112 1033 77 183 3121 64 274 4549 167 22 519 61 79 783 106 1074 165 927 61 54 161
internal_value=2.88567e-06 0.00222225 -0.00703586 0.0010445 0.00581254 -0.00450654 -0.00978425 -0.000415601 0.00211112 -0.00857869 0.00491182 0.00412484 -0.00557341 0.00153795 0.00311058 0.0011092 -0.000262805 -0.000976632 -0.00695455 -0.0019649 -0.0058841 -0.00246216 0.00887347 -0.00954768 0.00438886 -0.00662554 -0.00612573 -0.00226997 -0.00469954 -0.00231809
internal_weight=22109 16809 5300 12657 4152 2760 2540 5343 7314 1656 3208 2175 1944 4738 1015 3723 5221 602 122 816 438 140 944 1218 2098 1275 1110 672 100 435
internal_count=22109 16809 5300 12657 4152 2760 2540 5343 7314 1656 3208 2175 1944 4738 1015 3723 5221 602 122 816 438 140 944 1218 2098 1275 1110 672 100 435
is_linear=0
shrinkage=0.05


Tree=33
num_leaves=31
num_cat=0
split_feature=10 10 13 7 10 10 28 28 7 27 13 1 10 5 7 8 28 25 12 17 1 25 28 21 2 25 6 2 26 5
split_gain=125.242 32.3845 7.91136 7.70481 5.75049 1.71844 1.67021 1.60448 1.78559 1.53536 1.49713 1.47877 1.44378 1.33421 1.18779 1.15431 1.10867 1.04826 0.968624 0.950802 0.919801 0.967014 0.898233 0.892468 0.892259 0.867715 0.829796 1.14619 0.796405 1.58256
threshold=-0.031666666666666655 0.60166666666666679 0.93083333333333351 384.87500000000006 0.33833333333333343 -0.84833333333333327 13.500000000000002 14.500000000000002 78.125000000000014 0.1333333333333335 0.48166666666666674 65.038372039794936 0.77833333333333343 328.83950805664068 234.37500000000003 275.12500000000006 14.500000000000002 1.1816666666666669 -0.11166666666666665 1.3050000000000002 60.385578155517585 0.67166666666666675 14.500000000000002 0.45166666666666672 1004.2396850585939 0.75500000000000012 303.62500000000006 1021.6281127929689 0.13833333333333342 235.52608489990237
decision_type=2 2 2 2 2 2 2 2 2 2 2 2 2 2 2 2 2 2 2 2 2 2 2 2 2 2 2 2 2 2
left_child=3 4 12 6 7 -5 11 8 17 19 14 20 -3 26 -6 25 24 -2 -17 -4 -1 -22 -11 -8 -7 -10 -13 28 -28 -30
right_child=1 2 9 5 10 16 23 -9 15 22 -12 13 -14 -15 -16 18 -18 -19 -20 -21 21 -23 -24 -25 -26 -27 27 -29 29 -31
leaf_value=-0.0064964479655914373 -0.0012836433630741963 0.0027561282127624587 0.0057504435201127108 -0.012117229038488253 0.00036835726461809885 -0.00439483580182387 -0.0040601263123599615 0.00069450630622201466 -0.0046430394480852849 0.0029120634674378067 0.0017163841447448852 -0.0030820201744377464 0.004486850409688479 0.0055795123428106315 -0.0064988688762241511 -0.017671686625824527 -0.0054244191366799033 0.0055050212700488207 -0.0044862544691811014 0.0089803668346417984 -0.018355385850810882 -0.0097075422336102331 0.010263205370622103 0.0030764606394904095 -0.0098216486111551756 -0.0018381900011323244 -0.0065270574154246948 -0.010886118414872973 0.0023260686422282881 -0.0095644508348777888
leaf_weight=105 1571 3253 1306 593 3904 81 645 627 555 46 3159 197 1914 25 64 26 196 59 30 276 49 95 430 47 1167 548 885 137 74 45
leaf_count=105 1571 3253 1306 593 3904 81 645 627 555 46 3159 197 1914 25 64 26 196 59 30 276 49 95 430 47 1167 548 885 137 74 45
internal_value=2.74139e-06 0.00186284 0.00444143 -0.00761075 9.57581e-05 -0.00985103 -0.00563009 -0.00159093 -0.00210472 0.00706307 0.000904195 -0.00651212 0.00339724 -0.00586485 0.000257596 -0.00360506 -0.00892038 -0.00103792 -0.0106081 0.00631394 -0.0100553 -0.0126502 0.0095528 -0.00357542 -0.00946943 -0.00324951 -0.00607868 -0.00659607 -0.00601067 -0.00217035
internal_weight=22109 17768 7225 4341 10543 2037 2304 3416 2789 2058 7127 1612 5167 1363 3968 1159 1444 1630 56 1582 249 144 476 692 1248 1103 1338 1141 1004 119
internal_count=22109 17768 7225 4341 10543 2037 2304 3416 2789 2058 7127 1612 5167 1363 3968 1159 1444 1630 56 1582 249 144 476 692 1248 1103 1338 1141 1004 119
is_linear=0
shrinkage=0.05


Tree=34
num_leaves=31
num_cat=0
split_feature=17 13 6 17 13 28 17 7 27 27 8 3 2 6 27 17 26 2 22 25 7 26 28 24 11 21 15 21 4 9
split_gain=112.827 23.4299 12.0116 5.47963 4.85441 2.51497 2.4428 1.64609 1.5737 1.42798 1.31889 1.58648 1.31479 1.26318 1.24952 1.21428 1.18302 1.13943 1.10552 1.05778 0.997197 0.956632 0.869214 0.864959 0.830752 0.82863 0.818914 0.803323 0.782044 1.30417
threshold=0.25166666666666676 0.69166666666666676 498.37500000000006 0.45833333333333343 1.0216666666666669 14.500000000000002 -0.6349999999999999 282.37500000000006 -0.035000000000000135 0.020000000000000077 194.62500000000003 97.625000000000014 1011.3313293457032 318.12500000000006 -0.013333333333333279 0.52750000000000008 0.060000000000000046 1015.3477478027345 0.16194444444444447 0.71500000000000019 366.25000000000006 -1.0000000180025095e-35 13.500000000000002 -1.0183333333333331 1.4316666666666669 0.10500000000000002 0.18074690250443073 0.39166666666666672 20.859775543212894 572.43041992187511
decision_type=2 2 2 2 2 2 2 2 2 2 2 2 2 2 2 2 2 2 2 2 2 2 2 2 2 2 2 2 2 2
left_child=2 3 5 7 9 13 22 21 19 15 14 -12 -10 -1 -5 -3 24 -14 -9 -8 27 -2 -4 -21 -6 -7 -17 -20 -25 -30
right_child=1 4 6 10 16 25 8 18 12 -11 11 -13 17 -15 -16 26 -18 -19 20 23 -22 -23 -24 28 -26 -27 -28 -29 29 -31
leaf_value=-0.0032315287324472027 -0.0015013730693432209 -0.0030023384113939339 -0.011826418937840897 0.0011018225949819566 0.0062600907661376302 -0.0029277469471942381 -0.01035631153547714 -0.013685667255540957 -0.0036058126434898399 0.0051818063416509989 -0.0076947248829701154 0.00079994166735559708 -0.010927223360016504 -0.005949129306485057 0.0024364539585920251 0.0032235123636544967 0.010173374770948269 -0.0058319005841406544 -0.014762846327253751 0.0031405804306268697 0.0045514090711043943 7.3802842719172137e-05 -0.0083332090119914558 -0.0096143586961368998 0.012124273914378137 0.00038903754248858146 0.010931772336895977 -0.0014976308395853266 0.0025078948185013319 -0.0076187434202319177
leaf_weight=669 1446 78 645 3605 1072 466 582 37 332 1335 81 171 174 1185 3415 2217 289 297 21 20 27 2891 246 203 64 316 35 25 43 122
leaf_count=669 1446 78 645 3605 1072 466 582 37 332 1335 81 171 174 1185 3415 2217 289 297 21 20 27 2891 246 203 64 316 35 25 43 122
internal_value=2.60432e-06 0.00200827 -0.00635839 0.000778011 0.00484077 -0.00396548 -0.00872615 -0.000604579 -0.00765283 0.00387794 0.0016235 -0.00193049 -0.00601562 -0.00496851 0.00175108 0.00313088 0.00731711 -0.00771425 -0.00664493 -0.00900817 -0.00307634 -0.000451377 -0.010862 -0.00698595 0.00659047 -0.00158746 0.00334331 -0.00755349 -0.00753631 -0.00497968
internal_weight=22109 16809 5300 11719 5090 2636 2664 4447 1773 3665 7272 252 803 1854 7020 2330 1425 471 110 970 73 4337 891 388 1136 782 2252 46 368 165
internal_count=22109 16809 5300 11719 5090 2636 2664 4447 1773 3665 7272 252 803 1854 7020 2330 1425 471 110 970 73 4337 891 388 1136 782 2252 46 368 165
is_linear=0
shrinkage=0.05


Tree=35
num_leaves=31
num_cat=0
split_feature=6 10 10 10 10 28 10 22 4 27 28 15 4 1 18 7 27 1 28 7 6 3 28 10 3 24 0 17 24 34
split_gain=104.745 23.2578 11.4707 5.28506 4.19626 2.34961 2.20494 1.72908 1.35466 1.31562 1.25798 1.1653 1.13667 1.25835 1.24217 1.10715 1.09755 1.08279 1.0476 1.60247 1.02284 1.01748 1.07336 0.966309 0.948779 0.923456 0.887991 0.992622 0.885262 0.855878
threshold=284.62500000000006 0.64833333333333343 -0.36499999999999994 0.99500000000000011 0.38833333333333336 14.500000000000002 -0.82833333333333325 0.29025173611111116 26.695857048034672 0.0066666666666665439 14.500000000000002 0.16197707834343741 20.746364593505863 70.490070343017592 -0.21583333333333329 231.25000000000003 0.050000000000000017 75.407054901123061 12.500000000000002 59.375000000000007 150.37500000000003 51.125000000000007 9.5000000000000018 1.301666666666667 99.125000000000014 -0.66166666666666651 17.267500877380375 0.37166666666666676 -0.73333333333333328 -0.9159756150367534
decision_type=2 2 2 2 2 2 2 2 2 2 2 2 2 2 2 2 2 2 2 2 2 2 2 2 2 2 2 2 2 2
left_child=1 4 6 9 18 7 -2 25 -7 -3 11 -8 24 -14 -15 -10 -6 -16 19 -1 -11 -9 -23 -5 29 26 -4 28 -28 -13
right_child=2 3 5 23 16 8 10 21 15 20 -12 12 13 14 17 -17 -18 -19 -20 -21 -22 22 -24 -25 -26 -27 27 -29 -30 -31
leaf_value=-0.00055477112450730975 -0.010658784188821015 0.0027928682757286868 -0.0040546782099030619 0.00634461573396174 0.001009403574071698 -0.0021864529315280381 -0.0088954004128334232 -0.0060519561294406637 0.0095595515488450175 0.0048967147841427576 -0.0044075683294714325 -0.012006392285443977 -0.0060715763173997406 0.011812391172608605 0.0041640193567478228 -0.0010204368188758107 0.0026665199343726344 -0.010855320852299753 0.00093009939848930946 -0.0032910248634880597 0.00091681900183052827 -0.0056205302988382756 -0.00094161248702124005 0.009714319556212379 -0.0034499377890720149 -0.01226285470528873 -0.0070350515471358649 -0.017810675416840241 0.00025714365144570667 -0.005668905914438277
leaf_weight=2596 749 2558 523 1366 5198 624 1125 205 48 1735 287 140 125 23 28 51 1237 21 771 674 178 160 524 252 87 54 554 20 45 86
leaf_count=2596 749 2558 523 1366 5198 624 1125 205 48 1735 287 140 125 23 28 51 1237 21 771 674 178 160 524 252 87 54 554 20 45 86
internal_value=-1.88989e-05 0.0019633 -0.0060118 0.00442074 0.00053495 -0.00378053 -0.00835752 -0.00463223 -0.00132439 0.00353459 -0.00746071 -0.00799665 -0.00601411 -0.00303874 0.00222661 0.00410925 0.00132795 -0.00227284 -0.000727847 -0.00111876 0.0045264 -0.00296214 -0.0020361 0.00686944 -0.00788679 -0.00587362 -0.0055715 -0.00685309 -0.00648722 -0.00959478
internal_weight=22044 16565 5479 6089 10476 2808 2671 2085 723 4471 1922 1635 510 197 72 99 6435 49 4041 3270 1913 889 684 1618 313 1196 1142 619 599 226
internal_count=22044 16565 5479 6089 10476 2808 2671 2085 723 4471 1922 1635 510 197 72 99 6435 49 4041 3270 1913 889 684 1618 313 1196 1142 619 599 226
is_linear=0
shrinkage=0.05


Tree=36
num_leaves=31
num_cat=0
split_feature=10 10 13 10 13 3 13 28 15 28 28 21 33 0 10 10 28 17 28 17 28 0 4 26 1 9 9 4 6 21
split_gain=94.7881 25.1857 6.06519 5.52917 4.25725 1.9096 1.82472 1.42112 1.40656 1.23482 1.68388 1.20677 1.2035 1.3619 1.03011 1.01168 1.01104 1.00362 0.94826 1.14174 0.930347 0.850513 0.869265 1.1073 0.845241 0.827013 0.767673 0.721208 0.895948 1.13859
threshold=-0.031666666666666655 0.60166666666666679 0.91833333333333345 -0.60166666666666657 0.32166666666666671 98.875000000000014 -0.58166666666666655 12.500000000000002 0.15935633903362451 18.500000000000004 14.500000000000002 0.64833333333333343 -0.78656609248549303 12.523749828338625 0.38833333333333336 0.80083333333333351 13.500000000000002 -0.14166666666666664 14.500000000000002 0.17833333333333337 16.500000000000004 18.723750114440922 28.805623054504398 0.14750000000000005 65.338756561279311 122.82829666137697 691.51617431640636 37.057340621948249 193.62500000000003 0.32833333333333342
decision_type=2 2 2 2 2 2 2 2 2 2 2 2 2 2 2 2 2 2 2 2 2 2 2 2 2 2 2 2 2 2
left_child=3 4 15 8 5 6 -2 17 16 10 25 24 13 -6 -14 -3 -1 -5 19 -7 -12 22 23 -19 -9 -4 -10 28 -8 -30
right_child=1 2 9 7 12 18 27 11 26 -11 20 -13 14 -15 -16 -17 -18 21 -20 -21 -22 -23 -24 -25 -26 -27 -28 -29 29 -31
leaf_value=-0.010380291852962251 -0.0085280414994000839 0.0024562747320242759 0.0052282955161270517 -0.0076220373423563914 0.0074960203887606339 -0.0051034025991875823 -0.0011516349117367335 -0.0056210382326909846 -0.0049404513848070042 0.0045324996036446444 0.010468780688954194 0.007848641792820259 -0.0004747646300607273 0.0016493599674429359 0.00089817595566398997 0.0039869890172627258 -0.0072409883891448902 -0.0054844642098847117 0.0027451534962559289 -0.00015804288921555151 0.0071000299783139506 -0.0077041366865801949 -0.00010046113448905123 0.003426669953969886 -0.0026893083980806688 -0.0010640492133285491 -0.011295001606432428 0.0043257158659842044 -0.00059157112841197153 -0.0047416302157895973
leaf_weight=1008 120 3509 331 659 111 131 819 442 286 807 293 22 2049 970 4100 1559 344 603 240 1070 682 238 107 37 554 62 57 42 235 557
leaf_count=1008 120 3509 331 659 111 131 819 442 286 807 293 22 2049 970 4100 1559 344 603 240 1070 682 238 107 37 554 62 57 42 235 557
internal_value=-1.79539e-05 0.00160935 0.00387501 -0.0066239 3.80956e-05 -0.00147598 -0.00257472 -0.00520259 -0.00885606 0.00608363 0.00699866 -0.00373448 0.000711157 0.00224971 0.000440678 0.00292715 -0.00958153 -0.00611168 -0.000124091 -0.000697462 0.00811238 -0.0051012 -0.00427188 -0.00496929 -0.00399034 0.00423561 -0.00599646 -0.00214254 -0.00231117 -0.00351024
internal_weight=22044 17687 7243 4357 10444 3214 1773 2662 1695 2175 1368 1018 7230 1081 6149 5068 1352 1644 1441 1201 975 985 747 640 996 393 343 1653 1611 792
internal_count=22044 17687 7243 4357 10444 3214 1773 2662 1695 2175 1368 1018 7230 1081 6149 5068 1352 1644 1441 1201 975 985 747 640 996 393 343 1653 1611 792
is_linear=0
shrinkage=0.05


Tree=37
num_leaves=31
num_cat=0
split_feature=6 10 10 10 10 33 10 2 18 26 12 33 27 10 1 9 2 15 9 2 24 19 33 6 0 1 5 21 24 36
split_gain=85.6222 19.5257 8.85714 4.83085 3.30326 1.94161 1.80547 1.56196 1.21955 1.16762 1.14146 1.12242 1.08857 1.05171 0.932464 1.14334 1.13525 0.906089 0.839804 0.957774 1.82655 0.82644 0.824141 0.828929 1.01489 0.788423 0.78822 0.854519 0.828388 0.746442
threshold=295.12500000000006 0.62833333333333352 -0.36499999999999994 0.95166666666666677 0.34833333333333338 -0.5 -0.82833333333333325 1008.2414855957032 -0.37187499999999996 1.0000000180025095e-35 0.55166666666666686 -0.5 0.006666666666666661 1.1950000000000003 67.713756561279311 709.99658203125011 1021.6281127929689 0.092733687146301716 305.31846618652349 1015.0994262695314 -0.65166666666666651 0.2030850031109466 0.25881904510252091 229.37500000000003 12.367499828338625 59.512018203735359 284.31153869628912 0.37166666666666676 -0.96499999999999997 -0.22252093395631442
decision_type=2 2 2 2 2 2 2 2 2 2 2 2 2 2 2 2 2 2 2 2 2 2 2 2 2 2 2 2 2 2
left_child=1 4 6 9 22 8 -2 10 -4 -3 29 -8 -6 -5 -13 16 26 -10 19 20 -9 -21 23 24 -1 -20 28 -28 -16 -7
right_child=2 3 5 13 12 7 11 18 17 -11 -12 14 -14 -15 15 -17 -18 -19 25 21 -22 -23 -24 -25 -26 -27 27 -29 -30 -31
leaf_value=0.0049876682897641638 -0.0096619362755972667 0.0023542037040910719 -0.0029052175454063406 0.0052210264479278451 0.00056976972573398281 -0.0047599982991616552 -0.0038713119977068057 -0.0037327711814348868 -0.0047782309527974577 0.0039990644682896667 0.0057359922518272228 -0.0085017146140568337 0.0019400663210832969 0.0077948759813639195 -0.0017162301315905622 -0.0094686981837100778 -0.010781144491901816 0.0028069911552561222 -0.01373586033922479 -0.0031471108556953031 -0.016638675617110549 0.0036888995347453602 -0.0015552039906437849 -0.001548919498423802 0.00015502535328048881 -0.0058620298683189336 -0.003303047984422363 0.0082928820813928435 -0.0062933778786202939 -0.0013341900861449714
leaf_weight=150 749 2837 407 1419 5111 288 285 162 48 1741 41 792 2023 551 137 194 77 219 33 143 33 64 2113 383 394 869 47 24 355 355
leaf_count=150 749 2837 407 1419 5111 288 285 162 48 1741 41 792 2023 551 137 194 77 219 33 143 33 64 2113 383 394 869 47 24 355 355
internal_value=-1.70562e-05 0.00174091 -0.00554069 0.00387063 0.000370228 -0.00350169 -0.00758122 -0.00428796 -0.00118256 0.00297974 -0.00235284 -0.0067657 0.000958347 0.00594092 -0.00727301 -0.00610619 -0.00508693 0.00144336 -0.00530301 -0.00340232 -0.00591685 -0.00103356 -0.00100992 0.000233003 0.00148756 -0.0061501 -0.00430815 0.000616703 -0.00501885 -0.00286861
internal_weight=22044 16722 5322 6548 10174 2662 2660 1988 674 4578 684 1911 7134 1970 1626 834 640 267 1304 402 195 207 3040 927 544 902 563 71 492 643
internal_count=22044 16722 5322 6548 10174 2662 2660 1988 674 4578 684 1911 7134 1970 1626 834 640 267 1304 402 195 207 3040 927 544 902 563 71 492 643
is_linear=0
shrinkage=0.05


Tree=38
num_leaves=31
num_cat=0
split_feature=10 10 13 10 6 20 28 9 4 15 25 25 28 34 28 21 27 28 10 28 12 8 4 5 4 3 13 3 9 4
split_gain=77.4439 20.5738 5.18906 4.49632 3.50208 1.80946 1.63479 1.36098 1.29942 1.25698 1.24502 1.23949 1.1901 1.1003 1.42965 1.05527 0.947058 0.908047 0.891077 0.878893 0.868054 0.861992 0.924274 1.10327 0.859615 0.793477 0.785577 0.781881 0.741604 0.718534
threshold=-0.031666666666666655 0.59833333333333349 0.91833333333333345 -0.60166666666666657 202.87500000000003 -0.0083333333333333315 12.500000000000002 57.176750183105476 37.057340621948249 0.1121795836450353 0.88166666666666671 0.88166666666666671 12.500000000000002 0.1294095225512602 14.500000000000002 0.4883333333333334 0.50500000000000023 13.500000000000002 0.80083333333333351 16.500000000000004 -0.82833333333333325 159.37500000000003 21.179982185363773 216.47132873535159 34.264411926269538 89.875000000000014 -0.28499999999999998 98.875000000000014 122.82829666137697 18.532134056091312
decision_type=2 2 2 2 2 2 2 2 2 2 2 2 2 2 2 2 2 2 2 2 2 2 2 2 2 2 2 2 2 2
left_child=3 4 18 9 5 11 8 10 16 17 -7 -2 20 14 28 -14 27 -1 -3 -16 -5 -11 -23 -24 25 26 -8 -6 -4 -18
right_child=1 2 13 12 6 7 24 -9 -10 21 -12 -13 15 -15 19 -17 29 -19 -20 -21 -22 22 23 -25 -26 -27 -28 -29 -30 -31
leaf_value=-0.0098275513737603581 0.0018540786253982465 0.0021850051403107225 0.0047662082139761815 -0.014600969717587129 -0.0039604754537861638 6.561507536801653e-05 -0.0073830162147836137 -0.0014131890476021276 0.0050875671597539777 -0.009120223827804216 0.0016470157764987834 0.0070978913886850714 -0.0038417156892196764 0.0040512780710155816 0.0096904836075361392 0.0020410479304481702 -0.0044985541438853204 -0.0065872584013317026 0.0036103659757202896 0.0064169349356133117 -0.0053918437215100291 -0.0063798384398503606 0.0089657075914808312 -0.0034480774559445615 0.0056782435425075488 0.00079875836031282612 -0.0012730439736670597 -0.001327867572045798 -0.0011966637639899648 -0.015612697933549777
leaf_weight=825 738 3696 328 26 703 4227 60 1059 49 168 1764 133 935 810 293 83 33 293 1559 683 1618 291 22 96 58 508 427 471 62 26
leaf_count=825 738 3696 328 26 703 4227 60 1059 49 168 1764 133 935 810 293 83 33 293 1559 683 1618 291 22 96 58 508 427 471 62 26
internal_value=-1.62034e-05 0.0014547 0.00345809 -0.00598727 3.1453e-06 0.000504791 -0.00169858 0.000239166 -0.00289761 -0.00800018 0.000531245 0.0026548 -0.00470557 0.00551137 0.00637716 -0.00336208 -0.00321494 -0.00897835 0.00260787 0.00739967 -0.00553749 -0.00610485 -0.00486627 -0.00113364 -0.000238807 -0.00058372 -0.00202581 -0.00290429 0.00381826 -0.00939631
internal_weight=22044 17687 7431 4357 10256 7921 2335 7050 1282 1695 5991 871 2662 2176 1366 1018 1233 1118 5255 976 1644 577 409 118 1053 995 487 1174 390 59
internal_count=22044 17687 7431 4357 10256 7921 2335 7050 1282 1695 5991 871 2662 2176 1366 1018 1233 1118 5255 976 1644 577 409 118 1053 995 487 1174 390 59
is_linear=0
shrinkage=0.05


Tree=39
num_leaves=31
num_cat=0
split_feature=6 10 10 10 10 10 4 28 28 26 2 13 22 33 7 1 25 27 3 3 13 17 4 15 36 1 10 2 3 25
split_gain=70.0149 15.3774 8.03492 3.74984 2.83803 1.90889 1.60668 1.33874 1.15715 1.13811 1.10479 1.14353 1.11634 0.965857 1.20253 0.871933 0.801907 0.798848 0.7743 0.770675 1.06624 0.832222 0.759836 0.975022 1.00141 0.747864 0.72512 0.693358 0.848192 0.665203
threshold=278.12500000000006 0.64166666666666672 -0.2616666666666666 1.0116666666666669 0.4316666666666667 -0.82833333333333325 39.012725830078132 14.500000000000002 14.500000000000002 1.0000000180025095e-35 1009.4691772460939 -0.69166666666666654 0.13473958333333336 -0.60355339059327362 22.875000000000004 57.216363906860359 0.9750000000000002 0.050000000000000017 48.625000000000007 79.625000000000014 -0.49499999999999994 0.15500000000000003 18.948444366455082 0.1121795836450353 -0.22252093395631442 66.760818481445327 1.4683333333333335 1021.6281127929689 88.625000000000014 1.0216666666666669
decision_type=2 2 2 2 2 2 2 2 2 2 2 2 2 2 2 2 2 2 2 2 2 2 2 2 2 2 2 2 2 2
left_child=1 4 5 9 13 -2 7 15 10 -3 11 12 -7 16 -15 -4 -1 -6 -9 20 21 -17 -13 -24 -25 -12 -5 28 -27 -11
right_child=2 3 6 26 17 8 -8 18 -10 29 25 22 -14 14 -16 19 -18 -19 -20 -21 -22 -23 23 24 -26 27 -28 -29 -30 -31
leaf_value=0.00074492774807659009 -0.0087499365378900153 0.0022877471401139327 -0.013544482164169577 0.0056063609265440059 0.00095299022909943291 -0.0035600912046599357 0.0052169551674817356 -0.0029985532069273023 -0.0033213520156381484 0.0022987090286958559 -0.0083560073310032824 -0.0081654124954312554 0.0068578149238601328 -0.00014286883830340655 -0.0019748577067964933 -0.0056368092571537258 0.0059613659338297693 0.0025022461774756137 0.00048554362274347155 -0.0025673629440711252 -0.0037763301369182589 -0.013277682531458727 -0.0075581085298896088 -0.0034632764728222461 0.0067191377733692983 -0.0066500862640838411 0.011984723790184311 -0.0093310094196804912 -0.0030355007136511113 0.0044570096714305627
leaf_weight=481 749 2861 22 1422 4194 72 62 278 379 486 612 163 40 3275 1233 98 87 1038 374 948 633 56 91 90 33 497 46 138 241 1345
leaf_count=481 749 2861 22 1422 4194 72 62 278 379 486 612 163 40 3275 1233 98 87 1038 374 948 633 56 91 90 33 497 46 138 241 1345
internal_value=-1.53932e-05 0.00162429 -0.004858 0.00360075 0.000443173 -0.00655118 -0.00273038 -0.00293492 -0.00585217 0.00291072 -0.00633735 -0.00427552 0.00016059 -0.000399123 -0.000643943 -0.00365294 0.00154392 0.00126035 -0.00100001 -0.00352751 -0.00468408 -0.00841531 -0.0055934 -0.00363435 -0.000731409 -0.00701492 0.00580623 -0.006078 -0.00546971 0.00388413
internal_weight=22044 16468 5576 6160 10308 3105 2471 2409 2356 4692 1977 489 112 5076 4508 1757 568 5232 652 1735 787 154 377 214 123 1488 1468 876 738 1831
internal_count=22044 16468 5576 6160 10308 3105 2471 2409 2356 4692 1977 489 112 5076 4508 1757 568 5232 652 1735 787 154 377 214 123 1488 1468 876 738 1831
is_linear=0
shrinkage=0.05


Tree=40
num_leaves=31
num_cat=0
split_feature=6 13 6 17 27 11 28 4 16 18 20 17 12 28 28 4 17 21 26 4 26 35 8 2 22 2 28 2 1 34
split_gain=62.3067 12.5549 9.64054 2.53924 2.29318 1.99772 1.91852 1.65876 1.47064 1.31699 1.15496 1.14872 1.26169 1.04041 1.30434 1.02561 1.24055 1.45376 0.959576 0.904751 0.899286 0.879106 1.21924 0.991396 0.710037 1.10899 0.795503 0.866896 0.725781 0.807974
threshold=229.37500000000003 0.70833333333333337 502.75000000000006 0.47166666666666673 0.060000000000000088 -0.62166666666666648 13.500000000000002 34.264411926269538 1.031666666666667 0.31989583333333349 0.21833333333333335 0.35166666666666674 0.24166666666666672 14.500000000000002 16.500000000000004 20.746364593505863 0.048333333333333346 0.28500000000000009 1.0000000180025095e-35 39.012725830078132 0.060000000000000046 0.6078576107927941 287.25000000000006 1006.5306701660157 0.34881944444444452 1005.1424560546876 14.500000000000002 1007.8292846679689 65.903804779052749 -0.9159756150367534
decision_type=2 2 2 2 2 2 2 2 2 2 2 2 2 2 2 2 2 2 2 2 2 2 2 2 2 2 2 2 2 2
left_child=1 3 6 -1 8 20 10 21 -3 11 19 12 15 -6 -15 24 -17 -18 -5 -2 -4 22 -8 -23 25 -7 27 -27 -29 -30
right_child=2 4 5 18 13 9 7 -9 -10 -11 -12 -13 -14 14 -16 16 17 -19 -20 -21 -22 23 -24 -25 -26 26 -28 28 29 -31
leaf_value=-0.00017854755603226725 -0.0039769878169215117 0.0025341446978182549 -0.0085599829055489646 0.0010050157944672302 0.0036190849442653546 0.003282039860759171 -0.0018701822292491192 0.0074218391561381783 0.0049474982464903982 0.0055347081723398179 -0.00040547373862896246 -0.012829524700646289 0.0072046278975903995 0.0087689004055056374 0.0049535590395111207 -0.0045850366276084815 0.013056038540195337 -0.0017044442739553641 0.0023553704868109699 0.0033575043591215861 -0.0058608190222790056 0.0063767204686882911 -0.013282614326453768 -0.00047406831789289188 -0.012510917627845298 -0.014743782930514393 -0.0013189285048756047 -0.0092339196311738356 -0.0016205095111557816 -0.0067439784926156699
leaf_weight=4338 1896 2568 968 4720 472 31 941 56 837 29 285 48 21 377 552 413 22 69 1824 43 453 64 24 302 44 34 69 170 107 274
leaf_count=4338 1896 2568 968 4720 472 31 941 56 837 29 285 48 21 377 552 413 22 69 1824 43 453 64 24 302 44 34 69 170 107 274
internal_value=6.88577e-06 0.00169955 -0.00416638 0.000759542 0.00382796 -0.00639574 -0.00246735 -0.00100797 0.00312738 -0.00500379 -0.0033775 -0.00523852 -0.00494796 0.00553066 0.00650187 -0.00515494 -0.00342062 0.00186402 0.0013814 -0.00381434 -0.00769952 -0.00136265 -0.00215401 0.000723884 -0.00635397 -0.00595849 -0.00639649 -0.00699538 -0.00651726 -0.0053051
internal_weight=22051 15688 6363 10882 4806 2752 3611 1387 3405 1331 2224 1302 1254 1401 929 1233 504 91 6544 1939 1421 1331 965 366 729 685 654 585 551 381
internal_count=22051 15688 6363 10882 4806 2752 3611 1387 3405 1331 2224 1302 1254 1401 929 1233 504 91 6544 1939 1421 1331 965 366 729 685 654 585 551 381
is_linear=0
shrinkage=0.05


Tree=41
num_leaves=31
num_cat=0
split_feature=6 10 10 10 17 10 28 9 1 0 3 4 4 25 8 26 28 20 7 22 27 18 28 21 18 22 5 5 22 5
split_gain=56.2318 11.5906 8.78847 2.82263 2.17906 1.78831 1.68683 1.18949 1.18049 1.60523 1.09528 1.48127 1.09246 1.02682 0.991008 0.954517 0.950709 0.946934 0.940761 0.888797 0.802266 0.801058 0.703077 0.798577 0.754915 0.700771 1.24566 0.730294 1.09969 0.780904
threshold=229.37500000000003 0.75833333333333341 -0.28499999999999998 0.51166666666666683 -0.57833333333333325 1.091666666666667 12.500000000000002 709.99658203125011 65.338756561279311 7.8424999713897714 55.125000000000007 31.724196434021 39.012725830078132 0.87333333333333341 306.12500000000006 1.0000000180025095e-35 11.500000000000002 0.19500000000000003 14.125000000000002 0.56181423611111125 -0.0066666666666666393 -0.62906249999999986 12.500000000000002 -0.15499999999999997 -0.53218749999999981 0.27010416666666676 285.54095458984381 82.321434020996108 0.14112847222222225 253.80943298339847
decision_type=2 2 2 2 2 2 2 2 2 2 2 2 2 2 2 2 2 2 2 2 2 2 2 2 2 2 2 2 2 2
left_child=1 3 4 13 -2 20 12 8 21 -10 -8 14 17 -1 -12 -5 18 -4 -15 22 -3 -6 25 -24 -25 27 -27 28 -11 -29
right_child=2 5 6 15 7 -7 10 -9 9 19 11 -13 -14 16 -16 -17 -18 -19 -20 -21 -22 -23 23 24 -26 26 -28 29 -30 -31
leaf_value=-0.00026133133312664867 -0.0076666458149670103 0.0025199662550812948 -0.0038701950893619344 0.001189724194024043 -0.0026548970438845208 0.0057523937474036092 -0.0027482787334688744 -0.0073221534224966831 0.010780575955286623 -0.010222957281982654 -0.00024078292215797554 0.0066038015024969358 0.0044231479501594664 0.0014197187251117705 -0.011237766744480246 0.0026220386927186721 0.0038567728323559689 -0.00077084534711251357 -0.002051979660775648 -0.012308614544703493 0.004122910193382681 -0.0073618218161232603 -0.0045122067016483474 0.0097654021511386566 -0.00032874306124059641 -0.0088148619038247167 0.0037470436047600665 -0.00056883174871590232 0.0017520456326355297 -0.0051879079145347251
leaf_weight=4847 1122 1584 1551 3642 119 986 529 395 20 73 838 80 46 842 21 1709 285 293 254 28 1539 376 113 21 157 139 23 248 26 145
leaf_count=4847 1122 1584 1551 3642 119 986 529 395 20 73 838 80 46 842 21 1709 285 293 254 28 1539 376 113 21 157 139 23 248 26 145
internal_value=6.54148e-06 0.00161457 -0.00395806 0.00080497 -0.00592239 0.003896 -0.00220023 -0.00488306 -0.00423558 -0.00324126 -0.000928682 9.64163e-05 -0.00318787 8.13596e-05 -0.000509627 0.00164718 0.00128413 -0.00337773 0.000615146 -0.00352948 0.00330989 -0.00623026 -0.00326936 -0.00122481 0.000862139 -0.00417909 -0.00703138 -0.00323992 -0.00707801 -0.00227307
internal_weight=22051 15688 6363 11579 3005 4109 3358 1883 1488 993 1468 939 1890 6228 859 5351 1381 1844 1096 973 3123 495 945 291 178 654 162 492 99 393
internal_count=22051 15688 6363 11579 3005 4109 3358 1883 1488 993 1468 939 1890 6228 859 5351 1381 1844 1096 973 3123 495 945 291 178 654 162 492 99 393
is_linear=0
shrinkage=0.05


Tree=42
num_leaves=31
num_cat=0
split_feature=10 10 10 17 6 4 28 18 9 25 9 28 3 21 26 9 10 13 25 2 16 2 5 13 0 35 21 8 19 18
split_gain=50.7573 13.6272 3.89111 3.7494 2.09203 1.61751 1.48722 1.30704 1.30281 0.990721 0.959428 1.3032 0.894545 0.871788 0.862976 0.880017 0.8457 0.844857 0.804523 0.72674 0.950773 0.993524 0.741428 0.722777 0.920361 1.07297 0.71459 0.744463 0.682745 0.702764
threshold=-0.021666666666666664 0.57833333333333348 0.90833333333333344 -0.57833333333333325 229.37500000000003 39.012725830078132 13.500000000000002 0.20291666666666675 695.24539184570324 0.88166666666666671 72.990608215332045 11.500000000000002 98.875000000000014 -0.18166666666666662 0.013333333333333282 300.34555053710943 1.2683333333333335 -0.60166666666666657 0.88166666666666671 1010.5188903808595 -0.85166666666666657 1003.3361816406251 232.11289978027347 -0.43166666666666659 15.754999637603762 1.0000000180025095e-35 0.31833333333333341 259.75000000000006 0.41451505579535391 0.073333333333333348
decision_type=2 2 2 2 2 2 2 2 2 2 2 2 2 2 2 2 2 2 2 2 2 2 2 2 2 2 2 2 2 2
left_child=3 4 14 -1 7 12 8 9 13 -2 18 -12 17 -5 15 -3 -4 -6 -9 20 22 -22 -15 -23 25 -25 -19 28 29 -28
right_child=1 2 16 6 5 -7 -8 10 -10 -11 11 -13 -14 19 -16 -17 -18 26 -20 -21 21 23 -24 24 -26 -27 27 -29 -30 -31
leaf_value=-0.0072833135096830861 0.0014861058370873028 0.0017106357830948089 0.0040232130784712454 -0.0087024331707730301 -0.0070407894098167946 0.0070484435888675022 -0.0021798054659383425 -5.5395230356418154e-06 -0.0069319310327834328 0.0064145120716045407 -0.0018316942877768976 0.0033269126599708154 -0.00044064525602354685 0.010842358535560578 0.0029369111799100655 -0.003291403992463731 0.006688595212775302 -9.2857033573884784e-05 0.001310814721188433 -0.00448889246342678 -0.0061936971227247164 0.00085062806083336046 -0.0015968054905533789 -0.0030299442552495746 -0.0065301114103203869 0.0074890657750074753 0.00091598277433535481 -0.012597390199080112 -0.0078726931994200743 -0.0031723902135126995
leaf_weight=1122 574 3823 2055 94 102 53 882 4249 473 124 1027 139 720 23 1729 90 348 275 1597 1206 169 171 25 100 120 32 132 20 61 516
leaf_count=1122 574 3823 2055 94 102 53 882 4249 473 124 1027 139 720 23 1729 90 348 275 1597 1206 169 171 25 100 120 32 132 20 61 516
internal_value=6.21441e-06 0.0012068 0.00272427 -0.00478689 -6.63333e-05 -0.00156233 -0.00393682 0.000298255 -0.00457904 0.00236164 9.28586e-05 -0.00121673 -0.00181226 -0.00400537 0.00200664 0.00159559 0.00440921 -0.00270517 0.00035406 -0.00376619 -0.00240435 -0.0029531 0.00436363 -0.00165839 -0.00336094 -0.000479881 -0.0022647 -0.00308399 -0.00281562 -0.00233957
internal_weight=22051 17634 8045 4417 9589 1879 3295 7710 2413 698 7012 1166 1826 1940 5642 3913 2403 1106 5846 1846 640 592 48 423 252 132 1004 729 709 648
internal_count=22051 17634 8045 4417 9589 1879 3295 7710 2413 698 7012 1166 1826 1940 5642 3913 2403 1106 5846 1846 640 592 48 423 252 132 1004 729 709 648
is_linear=0
shrinkage=0.05


Tree=43
num_leaves=31
num_cat=0
split_feature=6 25 6 33 28 33 9 2 28 4 33 7 3 28 19 9 28 1 1 35 8 2 12 22 28 8 12 8 2 25
split_gain=45.8959 8.32349 7.34932 5.53867 3.0856 2.23489 1.8256 1.62135 1.47616 1.34442 1.20529 1.1174 1.04912 1.02834 1.01886 0.895634 0.892638 0.956142 0.77429 0.766785 1.05919 0.883046 0.736052 0.729254 0.694957 0.710842 0.670298 0.785569 0.836443 0.653545
threshold=229.37500000000003 0.9816666666666668 502.75000000000006 -0.60355339059327362 17.500000000000004 -0.78656609248549303 76.823112487792983 1009.8410949707032 13.500000000000002 34.264411926269538 0.91597561503675362 48.125000000000007 99.625000000000014 11.500000000000002 0.10903594190623048 764.96398925781261 13.500000000000002 65.903804779052749 73.744075775146499 0.6078576107927941 287.25000000000006 1006.5306701660157 0.67166666666666675 0.84945312500000014 9.5000000000000018 312.75000000000006 0.25166666666666676 279.50000000000006 1005.8706359863282 0.62833333333333352
decision_type=2 2 2 2 2 2 2 2 2 2 2 2 2 2 2 2 2 2 2 2 2 2 2 2 2 2 2 2 2 2
left_child=1 5 8 4 -3 -1 10 15 12 19 23 -7 22 -8 -14 26 17 -9 -18 20 -10 -21 -2 -5 -16 -26 27 -4 -29 -19
right_child=2 3 7 6 -6 11 13 16 9 -11 -12 -13 14 -15 24 -17 18 29 -20 21 -22 -23 -24 -25 25 -27 -28 28 -30 -31
leaf_value=0.0017680791713139835 -0.0038052004987811257 0.0068206632007217511 -0.0026157519274967768 0.0012178876923963763 0.0031822032081283689 5.0235344182100026e-05 -0.0017526794715250261 -0.0081630985589638133 -0.0016061165119219377 0.0067768838777348198 0.0036796835130852574 -0.0025913870866155053 0.0018152127012160094 0.0026145329944614465 -0.004807775173227535 -0.0073030528241361031 -0.0047660183854259441 -0.007726881227649327 0.0052896638959646228 0.0061521055740740849 -0.012243121528687577 -0.00031349332717907255 0.0041062590153887876 0.0028388995373647592 -1.0638669147424186e-06 -0.0059613771858762522 0.0037299820246469032 -0.01711511730682105 -0.0026544520776951687 -0.004720723610709447
leaf_weight=2062 1468 959 525 2516 1485 5624 528 720 941 56 944 431 190 181 197 128 447 265 20 64 24 302 30 958 278 61 38 20 20 569
leaf_count=2062 1468 959 525 2516 1485 5624 528 720 941 56 944 431 190 181 197 128 447 265 20 64 24 302 30 958 278 61 38 20 20 569
internal_value=5.90369e-06 0.00145865 -0.00357585 0.00265116 0.0046099 0.000346361 0.00171744 -0.00552234 -0.0020924 -0.000812275 0.0020954 -0.000137798 -0.00289075 -0.000637778 -0.00133083 -0.00350439 -0.00625223 -0.00682828 -0.00433537 -0.00113158 -0.00187066 0.000817103 -0.00364676 0.0016649 -0.00244603 -0.00107357 -0.00269805 -0.00313037 -0.00988478 -0.00567592
internal_weight=22051 15688 6363 7571 2444 8117 5127 2752 3611 1387 4418 6055 2224 709 726 731 2021 1554 467 1331 965 366 1498 3474 536 339 603 565 40 834
internal_count=22051 15688 6363 7571 2444 8117 5127 2752 3611 1387 4418 6055 2224 709 726 731 2021 1554 467 1331 965 366 1498 3474 536 339 603 565 40 834
is_linear=0
shrinkage=0.05


Tree=44
num_leaves=31
num_cat=0
split_feature=10 10 10 17 7 28 19 28 2 25 1 4 22 9 0 0 1 0 28 28 9 25 22 10 26 5 26 16 2 12
split_gain=41.5593 11.4575 3.21877 2.92883 1.83808 1.42198 1.20043 1.14568 1.11981 1.04915 1.01485 0.98083 0.935236 0.847998 0.830242 0.800161 0.780511 0.985353 0.775977 1.00271 2.25451 1.45239 0.75013 0.736162 0.704979 0.661363 0.664409 0.655164 0.650086 0.670809
threshold=-0.044999999999999991 0.57833333333333348 0.90833333333333344 -0.57833333333333325 85.375000000000014 12.500000000000002 0.23130802521601931 12.500000000000002 1011.7479248046876 1.0216666666666669 74.629028320312514 39.012725830078132 0.39546875000000009 695.24539184570324 12.673749446868898 9.5362496376037615 65.038372039794936 7.8424999713897714 19.500000000000004 13.500000000000002 80.915683746337905 0.9816666666666668 0.48772569444444452 1.1950000000000003 -0.036666666666666715 234.430778503418 0.13833333333333342 0.14166666666666669 1003.3361816406251 0.38833333333333336
decision_type=2 2 2 2 2 2 2 2 2 2 2 2 2 2 2 2 2 2 2 2 2 2 2 2 2 2 2 2 2 2
left_child=3 4 18 -1 6 11 15 13 -9 -8 14 -6 -7 16 -10 27 -5 -18 19 20 -3 -21 -14 -4 28 26 -26 -2 -19 -30
right_child=1 2 23 7 5 12 9 8 10 -11 -12 -13 22 -15 -16 -17 17 24 -20 21 -22 -23 -24 -25 25 -27 -28 -29 29 -31
leaf_value=-0.0066195286461619048 0.0086564558874150481 0.0022477183767743735 0.0035185240934091401 -0.0062696254603549651 -0.0027897077691966237 -0.00093938053140261686 0.0016083792497949235 -0.0005693324010142578 0.00071774480066129137 0.0078624346672816169 0.0018070086322385015 0.0058277980150545352 0.0062339555187564764 -0.006327166955713945 -0.0050766620239906307 -0.00020256405194646237 0.0048435722089683018 -0.0089716719074353374 0.00096642493242645182 0.0021724560052133529 -0.0020224981234509896 0.0056876777070952751 0.00069722454294586945 0.0055963556146290576 -0.0020300586810115431 -0.0042880839682690837 0.0033337324048553444 0.00093980121897729049 -0.0037186548600792388 -0.012225801340537147
leaf_weight=1122 28 2115 1849 270 1145 707 570 487 70 76 74 34 90 434 529 5339 36 73 1831 897 362 437 191 554 201 193 81 1560 672 24
leaf_count=1122 28 2115 1849 270 1145 707 570 487 70 76 74 34 90 434 529 5339 36 73 1831 897 362 437 191 554 201 193 81 1560 672 24
internal_value=5.6085e-06 0.00106871 0.00246509 -0.00442646 -8.46698e-05 -0.00136871 0.000282755 -0.00364382 -0.00239557 0.00234415 -0.00371708 -0.0025412 3.04492e-05 -0.00437365 -0.00439952 9.05127e-05 -0.00382666 -0.00331135 0.00181239 0.00221884 0.00162365 0.00332399 0.00247055 0.00399756 -0.00354734 -0.00203286 -0.000489395 0.00107586 -0.00448282 -0.004012
internal_weight=22051 17785 8045 4266 9740 2167 7573 3144 1160 646 673 1179 988 1984 599 6927 1550 1280 5642 3811 2477 1334 281 2403 1244 475 282 1588 769 696
internal_count=22051 17785 8045 4266 9740 2167 7573 3144 1160 646 673 1179 988 1984 599 6927 1550 1280 5642 3811 2477 1334 281 2403 1244 475 282 1588 769 696
is_linear=0
shrinkage=0.05


Tree=45
num_leaves=31
num_cat=0
split_feature=10 10 10 6 7 28 19 25 22 2 20 0 4 26 10 28 26 24 26 0 23 2 15 8 5 35 0 14 26 5
split_gain=39.2083 10.2575 3.03066 2.21201 1.58159 1.29989 1.16212 0.981536 0.906504 1.02932 1.24829 0.793515 0.782545 0.777403 0.747916 0.732167 0.692662 0.832259 1.199 0.675443 0.658989 0.656361 0.689572 0.635596 0.719978 0.760027 0.640194 0.620345 0.614646 0.560085
threshold=-0.044999999999999991 0.57166666666666677 0.89833333333333343 551.12500000000011 85.375000000000014 12.500000000000002 0.23130802521601931 1.0216666666666669 0.16194444444444447 1004.0462646484376 -0.7749999999999998 12.298749446868898 39.012725830078132 0.023333333333333543 1.3683333333333336 13.500000000000002 -0.040000000000000001 -0.59166666666666656 -0.26166666666666655 9.5362496376037615 0.37228640901591975 1013.4920654296876 0.13563294625532335 178.62500000000003 230.81469726562503 0.6078576107927941 18.167500495910648 -0.3937500000000001 0.040000000000000029 333.45959472656256
decision_type=2 2 2 2 2 2 2 2 2 2 2 2 2 2 2 2 2 2 2 2 2 2 2 2 2 2 2 2 2 2
left_child=3 4 13 16 6 12 19 -8 15 10 -10 -7 29 -3 28 -5 17 -1 -19 -2 -12 22 -18 -11 25 27 -26 -25 -4 -6
right_child=1 2 14 8 5 11 7 -9 9 23 20 -13 -14 -15 -16 -17 21 18 -20 -21 -22 -23 -24 24 26 -27 -28 -29 -30 -31
leaf_value=-0.004773814345983291 0.00099888287471536262 0.0013756026361025347 0.0031731093442533783 -0.0067207118030065604 -0.002783384193522987 0.0024805117894583254 0.0015921469130085603 0.0075815426591688247 0.010539315744804649 -0.0060460107515786475 -0.0099823221843689681 -0.00076127986852358792 0.0055708234252718584 0.0027494676037545652 0.0072305453655620413 -0.0040252445410449067 -0.002753708479536876 0.0048668185163164871 -0.003673662771051832 -0.00017706413065350011 0.0023066247056704016 -0.0034879876996642893 0.00078309316980256438 0.0013476980277725185 -0.0035073483471112694 0.0087070582100473668 -0.013102033007889986 -0.0089557079775702386 0.0051798542994394006 0.0046415434362223514
leaf_weight=857 1584 4249 1846 1145 1098 254 556 78 26 319 20 735 30 1359 150 323 292 58 141 5330 24 584 261 48 133 23 20 21 481 26
leaf_count=857 1584 4249 1846 1145 1098 254 556 78 26 319 20 735 30 1359 150 323 292 58 141 5330 24 584 261 48 133 23 20 21 481 26
internal_value=1.03514e-06 0.00103692 0.0023519 -0.00428626 -6.01351e-05 -0.00125891 0.000280216 0.00232901 -0.00544527 -0.00386527 0.00185335 7.12935e-05 -0.00239892 0.00170853 0.0038085 -0.00612764 -0.00317535 -0.00409741 -0.00118448 9.23458e-05 -0.00327926 -0.00231898 -0.00108444 -0.00457502 -0.00265974 0.000835674 -0.00476156 -0.00178812 0.00358791 -0.00261163
internal_weight=22071 17776 8085 4295 9691 2143 7548 634 2102 634 70 989 1154 5608 2477 1468 2193 1056 199 6914 44 1137 553 564 245 92 153 69 2327 1124
internal_count=22071 17776 8085 4295 9691 2143 7548 634 2102 634 70 989 1154 5608 2477 1468 2193 1056 199 6914 44 1137 553 564 245 92 153 69 2327 1124
is_linear=0
shrinkage=0.05


Tree=46
num_leaves=31
num_cat=0
split_feature=10 10 13 10 10 7 33 27 6 4 4 0 27 33 1 23 10 4 34 35 20 16 21 17 27 10 2 17 19 2
split_gain=35.3855 9.34385 2.87397 2.04144 1.28035 1.11707 0.99505 0.913925 1.15485 0.847847 0.831695 1.20247 0.771304 0.759719 0.905981 0.752172 0.702527 0.79101 0.689847 0.620042 0.828172 0.722333 0.64305 0.605232 0.582569 0.57445 0.558606 0.666543 0.550738 0.734054
threshold=-0.044999999999999991 0.75833333333333341 0.37166666666666676 -0.60166666666666657 1.091666666666667 52.125000000000007 -0.5 0.050000000000000017 189.62500000000003 26.089751243591312 30.029755592346195 12.773749828338625 -0.19333333333333325 -0.5 65.338756561279311 0.34565303197525959 0.62833333333333352 37.057340621948249 -0.5 0.87837969732492682 -0.57499999999999984 -0.60166666666666657 0.6083333333333335 -0.95833333333333315 -0.0066666666666666393 -0.43166666666666659 1011.0450134277345 0.25833333333333336 0.29052116320551141 1020.6144104003907
decision_type=2 2 2 2 2 2 2 2 2 2 2 2 2 2 2 2 2 2 2 2 2 2 2 2 2 2 2 2 2 2
left_child=3 2 5 23 24 -2 9 -4 18 -7 13 12 -12 -5 28 -13 17 19 -9 21 -21 -8 26 -1 -3 -17 27 -22 -15 -30
right_child=1 4 7 10 -6 6 16 8 -10 -11 11 15 -14 14 -16 25 -18 -19 -20 20 22 -23 -24 -25 -26 -27 -28 -29 29 -31
leaf_value=-0.0094042685731417618 -3.0792325977793538e-05 0.0019006059232197004 0.00063570279048989937 -0.0017612558128791162 0.0046410255634079557 -0.00041252572383015761 -0.0096054895798596066 0.0053882887464805646 -0.00030444981323029006 0.0058832074313672385 0.011728845456881184 -0.0099356539129953972 0.00079220725176702754 -0.0071095585324582738 -0.0033484609201731175 0.0040794074320154713 -0.0094582795324227361 0.0039726759633944867 0.002163020455402123 0.0085856551826000212 -0.0016493749769870192 -0.0025851308037715629 0.0020597979612648489 -0.0051915296847373426 0.0032577799281297173 -0.0035760622582924756 -0.0010194239093430548 -0.014403515992065272 -0.00051209114669626093 -0.011277929539792239
leaf_weight=90 3083 1593 6890 522 982 389 38 193 449 62 28 29 38 298 1469 38 33 52 1176 25 20 1024 95 1618 1570 69 81 21 76 20
leaf_count=90 3083 1593 6890 522 982 389 38 193 449 62 28 29 38 298 1469 38 33 52 1176 25 20 1024 95 1618 1570 69 81 21 76 20
internal_value=9.83388e-07 0.000985077 0.000352935 -0.00407195 0.0030639 -0.000612652 -0.00158758 0.000898822 0.00189601 0.000452963 -0.00318622 -0.000105709 0.00543199 -0.00344712 -0.00391949 -0.00279312 -0.00225014 -0.00207472 0.00261771 -0.00231587 -3.18698e-05 -0.00283633 -0.00102467 -0.00541351 0.00257426 -0.000857297 -0.00342651 -0.00818198 -0.00604854 -0.00275497
internal_weight=22071 17776 13631 4295 4145 4923 1840 8708 1818 451 2587 202 66 2385 1863 136 1389 1356 1369 1304 242 1062 217 1708 3163 107 122 41 394 96
internal_count=22071 17776 13631 4295 4145 4923 1840 8708 1818 451 2587 202 66 2385 1863 136 1389 1356 1369 1304 242 1062 217 1708 3163 107 122 41 394 96
is_linear=0
shrinkage=0.05


Tree=47
num_leaves=31
num_cat=0
split_feature=10 10 13 7 7 25 18 28 2 0 10 27 26 3 15 2 4 6 3 32 33 33 33 9 26 25 11 27 5 4
split_gain=31.9354 8.51586 2.49457 1.85234 1.33294 0.901437 1.16185 0.89721 0.864145 1.22524 0.719487 0.717065 0.705093 0.697464 0.862878 0.664177 0.663822 0.805593 1.00499 0.660539 0.712009 0.654782 0.653018 0.625533 0.617978 0.612453 0.74006 0.579652 0.58752 0.58681
threshold=-0.044999999999999991 0.57166666666666677 0.90083333333333349 483.12500000000006 109.12500000000001 0.87333333333333341 0.19177083333333331 12.500000000000002 1013.4920654296876 7.8424999713897714 -0.62166666666666648 0.1333333333333335 -0.040000000000000001 97.625000000000014 0.26348447305545458 1002.5975952148439 22.917860031127933 606.12500000000011 84.125000000000014 1.5000000000000002 -0.78656609248549303 -0.60355339059327362 0.91597561503675362 72.990608215332045 -0.030000000000000016 0.82166666666666677 -0.2616666666666666 0.50500000000000023 331.16911315917974 17.714307785034183
decision_type=2 2 2 2 2 2 2 2 2 2 2 2 2 2 2 2 2 2 2 2 2 2 2 2 2 2 2 2 2 2
left_child=3 4 19 8 5 21 -7 27 9 -1 -10 -4 16 -14 -15 24 25 18 -18 22 -21 -2 -3 -23 -9 -11 -27 28 -6 -29
right_child=1 2 11 -5 7 6 -8 15 10 12 -12 -13 13 14 -16 -17 17 -19 -20 20 -22 23 -24 -25 -26 26 -28 29 -30 -31
leaf_value=0.0059366339059589912 0.0010960060106795619 0.0018120834082556271 0.0030501352802976001 -0.0055593891535696757 -0.0022996550840011783 0.0058159846521448344 0.00079546811545595059 0.011189727222716267 -0.0059013234915375494 -0.0037959109409384326 -0.0034367205591406187 0.0051715837846745228 -0.0025829277558099568 -0.0003912064047322487 0.0092550069854881335 -0.00061778557965764169 -0.0049357866319093176 0.0073048675756739543 0.0024934102151475141 0.0018839145490187404 0.0004131047711934668 -9.5511552892739419e-05 0.0039268469026294229 -0.0016215697628116561 0.0015826755644437593 -0.0032818230772390963 -0.011246350847982936 -0.0029831176451234906 0.0059758233329789204 -0.014282917827367785
leaf_weight=43 931 2011 1819 1176 854 122 2079 22 394 355 1192 510 543 214 26 761 142 23 67 1570 1729 3975 446 808 70 50 70 27 22 20
leaf_count=43 931 2011 1819 1176 854 122 2079 22 394 355 1192 510 543 214 26 761 142 23 67 1570 1729 3975 446 808 70 50 70 27 22 20
internal_value=9.34218e-07 0.000935823 0.00213397 -0.00386835 -6.37695e-05 0.000214002 0.00107375 -0.0013017 -0.00323076 -0.00238424 -0.00404899 0.00351469 -0.00262437 -0.00159083 0.0006538 -0.000132677 -0.00376902 -0.00157677 -0.00255418 0.00157531 0.00111307 -0.000117169 0.00219596 -0.000353311 0.00388001 -0.00483976 -0.0079278 -0.00238206 -0.00209182 -0.00779154
internal_weight=22071 17776 8085 4295 9691 7915 2201 1776 3119 1533 1586 2329 1490 783 240 853 707 232 209 5756 3299 5714 2457 4783 92 475 120 923 876 47
internal_count=22071 17776 8085 4295 9691 7915 2201 1776 3119 1533 1586 2329 1490 783 240 853 707 232 209 5756 3299 5714 2457 4783 92 475 120 923 876 47
is_linear=0
shrinkage=0.05


Tree=48
num_leaves=31
num_cat=0
split_feature=14 10 6 10 10 26 4 28 3 6 4 21 28 3 15 0 27 23 4 2 2 28 3 12 7 28 28 6 0 3
split_gain=28.8487 7.04611 2.93283 1.75684 1.09632 0.933031 0.879584 0.82846 0.815004 1.07632 0.951111 0.754005 0.678737 0.633592 0.629897 0.613134 0.566099 0.563353 0.560877 0.674426 0.560074 0.559802 0.779195 0.545698 0.542043 0.543427 0.664093 1.34166 0.924713 0.91916
threshold=0.067916666666666667 0.75833333333333341 524.37500000000011 0.54833333333333345 1.091666666666667 -0.040000000000000001 30.30027008056641 14.500000000000002 98.875000000000014 187.12500000000003 32.720516204833991 0.50166666666666682 11.500000000000002 98.375000000000014 0.29600347220087148 17.098750114440922 0.073333333333333306 0.38780921997557022 25.937077522277836 1004.2396850585939 1020.0226440429689 13.500000000000002 97.375000000000014 0.38166666666666677 224.62500000000003 19.500000000000004 13.500000000000002 30.125000000000004 10.961249828338625 98.125000000000014
decision_type=2 2 2 2 2 2 2 2 2 2 2 2 2 2 2 2 2 2 2 2 2 2 2 2 2 2 2 2 2 2
left_child=2 3 5 8 -3 18 7 13 9 16 21 15 -12 -4 -10 17 -2 -8 19 -1 -21 22 -11 -14 25 26 27 -5 -28 -29
right_child=1 4 6 24 -6 -7 11 -9 14 10 12 -13 23 -15 -16 -17 -18 -19 -20 20 -22 -23 -24 -25 -26 -27 28 29 -30 -31
leaf_value=-0.0086004656955732828 -0.00024005033347372976 0.0023207758675254796 -0.0054540390002980246 0.0018462072881376521 0.0042333195550880139 -0.0014027628498815665 0.00077983274172498465 -0.0016500051804833897 0.00050569954571447206 -0.00270740324352254 -0.001402221647668225 -0.0078344038796300686 0.0013014846079220828 -0.0031526026398292582 0.0091923915248896398 -0.0024904126735498847 0.0020066221860871028 0.011048249654810537 -0.00044938072362102327 -0.0027938827577618747 -0.0064119108572260365 -0.00043837954828317995 -0.010365674386599235 0.012001112389127509 -0.0070406800380442298 0.00044873261292153511 0.0055705635905967587 -0.0037437523660003658 0.0018619198637412774 0.00047915380652066385
leaf_weight=70 3474 3162 1791 1553 982 1597 34 193 3344 651 46 30 22 359 21 59 305 22 137 583 131 278 35 26 20 1569 213 198 797 369
leaf_count=70 3474 3162 1791 1553 982 1597 34 193 3344 651 46 30 22 359 21 59 305 22 137 583 131 278 35 26 20 1569 213 198 797 369
internal_value=8.87507e-07 0.000979959 -0.00333668 0.000404581 0.00277399 -0.00213368 -0.00455418 -0.00478806 -3.76547e-05 -0.000453368 -0.00186298 -0.000775108 0.00293787 -0.00506975 0.000559911 0.00106645 -5.87232e-05 0.00481385 -0.00340108 -0.00391687 -0.00345769 -0.00233111 -0.00309813 0.00709712 0.00117322 0.00120818 0.00158888 0.00108618 0.00264404 -0.000995512
internal_weight=22071 17065 5006 12921 4144 2518 2488 2343 8202 4837 1058 145 94 2150 3365 115 3779 56 921 784 714 964 686 48 4719 4699 3130 2120 1010 567
internal_count=22071 17065 5006 12921 4144 2518 2488 2343 8202 4837 1058 145 94 2150 3365 115 3779 56 921 784 714 964 686 48 4719 4699 3130 2120 1010 567
is_linear=0
shrinkage=0.05


Tree=49
num_leaves=31
num_cat=0
split_feature=10 13 7 10 27 28 0 10 10 34 34 4 0 23 5 27 25 28 1 15 8 13 10 19 4 10 9 5 35 5
split_gain=26.1042 7.04587 2.06297 1.54833 1.47488 1.27465 1.02568 0.97745 0.858226 0.821428 0.821644 0.694854 1.02775 0.846549 0.686178 0.684202 0.634076 0.603501 0.773194 0.601715 0.629595 0.685489 0.791926 0.586021 0.570448 0.567594 0.555318 0.623146 1.10134 2.10667
threshold=-0.044999999999999991 0.68166666666666675 58.125000000000007 -0.62166666666666648 0.060000000000000088 13.500000000000002 12.298749446868898 0.54833333333333345 1.0216666666666669 -0.9159756150367534 -0.5 30.029755592346195 12.773749828338625 0.33972639729812032 335.66851806640631 -0.19333333333333325 0.90166666666666673 14.500000000000002 65.338756561279311 0.14470915914614182 287.25000000000006 0.3116666666666667 -0.66833333333333322 0.2030850031109466 39.012725830078132 -0.43166666666666659 636.44427490234386 234.99423980712893 0.6078576107927941 203.18777465820315
decision_type=2 2 2 2 2 2 2 2 2 2 2 2 2 2 2 2 2 2 2 2 2 2 2 2 2 2 2 2 2 2
left_child=3 2 7 19 8 14 -7 -2 -3 -6 16 17 15 -14 24 -13 -11 18 -5 23 21 22 -21 -1 -4 -15 27 28 -20 -30
right_child=1 4 5 11 9 6 -8 -9 -10 10 -12 12 13 25 -16 -17 -18 -19 26 20 -22 -23 -24 -25 -26 -27 -28 -29 29 -31
leaf_value=-0.0039375621121121012 0.00013706998748311538 0.0014007440613768146 -0.0022892035836139632 -0.0053018130939086576 -0.0017069119398536927 0.0034512441320931407 -0.0004981417669744474 0.0011627133076659473 0.0031466659356045052 -0.0029630025482869577 0.0030642031124167917 0.011102349484073265 -0.01017295717527824 0.0041423737445646638 0.0067862618375908249 0.00080173203084421779 0.0059105687417493691 -0.0015016933885947635 -0.0027158064699314634 -0.0042807831715617794 -0.0094092775704613073 0.0043523317171327239 0.0024208931873242064 -0.0061435629696007417 0.0030901930975161642 -0.0032099450299782417 -0.0044717727979957404 -0.0037151019170303086 -0.0022211659072279817 0.008116642988723102
leaf_weight=508 6180 2829 1463 420 68 206 814 3722 937 21 976 28 28 42 22 38 487 532 451 240 34 35 54 739 51 70 403 463 131 79
leaf_count=508 6180 2829 1463 420 68 206 814 3722 937 21 976 28 28 42 22 38 487 532 451 240 34 35 54 739 51 70 403 463 131 79
internal_value=8.4313e-07 0.00084608 0.000195695 -0.00349739 0.00236968 -0.00107071 0.000299479 0.000522593 0.00183514 0.00366676 0.003913 -0.00276227 2.80211e-05 -0.00239685 -0.0019806 0.00517169 0.00554375 -0.00299414 -0.00340193 -0.00472337 -0.0029318 -0.0022624 -0.00304986 -0.00524489 -0.002108 -0.000452825 -0.00287937 -0.00230843 -0.00132313 0.00166782
internal_weight=22071 17776 12458 4295 5318 2556 1020 9902 3766 1552 1484 2685 206 140 1536 66 508 2479 1947 1610 363 329 294 1247 1514 112 1527 1124 661 210
internal_count=22071 17776 12458 4295 5318 2556 1020 9902 3766 1552 1484 2685 206 140 1536 66 508 2479 1947 1610 363 329 294 1247 1514 112 1527 1124 661 210
is_linear=0
shrinkage=0.05


Tree=50
num_leaves=31
num_cat=0
split_feature=14 10 10 33 9 22 25 2 3 10 28 27 27 28 28 4 15 5 18 36 8 28 28 9 6 27 33 28 2 24
split_gain=23.5802 5.84265 2.18589 1.43412 1.97484 1.57186 1.11679 0.992713 1.09139 0.972024 0.835199 1.12578 0.83201 0.696565 0.679989 0.637381 0.722986 0.788925 0.803038 0.972316 0.602402 0.543756 0.727002 0.642646 0.60182 0.510127 0.502921 0.489 0.483621 0.479071
threshold=0.067916666666666667 0.7383333333333334 -0.2616666666666666 -0.60355339059327362 60.79924392700196 0.36088541666666679 1.1283333333333336 1020.6144104003907 25.875000000000004 1.091666666666667 11.500000000000002 -0.34833333333333322 -1.0000000180025095e-35 16.500000000000004 15.500000000000002 19.87880897521973 0.1423073742266048 227.59552764892581 0.14093749999999997 -0.56174490092936669 312.75000000000006 18.500000000000004 13.500000000000002 108.26950454711915 172.25000000000003 0.14750000000000016 0.91597561503675362 16.500000000000004 1007.5672607421876 -1.0749999999999997
decision_type=2 2 2 2 2 2 2 2 2 2 2 2 2 2 2 2 2 2 2 2 2 2 2 2 2 2 2 2 2 2
left_child=2 3 7 5 6 -2 25 8 -1 21 28 -12 -9 14 -7 29 -17 18 19 -18 -4 22 23 -3 27 -5 -8 -24 -6 -10
right_child=1 9 20 4 10 13 26 12 15 -11 11 -13 -14 -15 -16 16 17 -19 -20 -21 -22 -23 24 -25 -26 -27 -28 -29 -30 -31
leaf_value=-0.0050084443042261893 0.00081557278638433599 0.0022018904733724152 -0.0015368296116576542 0.00013313336920755259 -0.0003136905638505809 0.0038057702265852584 0.0010746571286610381 -0.0073293889588488181 -0.0076456901885456202 0.0038086688733275165 0.009254539533316888 6.1189148676625034e-05 -0.0031422533618751915 0.0013062748167899435 0.0090052001428251212 -0.0030666581187937855 0.00014929060513774555 -0.0019193399532826895 -0.005366103383510009 0.0095944366286593412 -0.0069941516853689869 0.0012345379542014966 0.005266718016369778 -0.0012130043694550971 -0.0012153777600956504 -0.0042568237077681105 0.0030924438372174172 0.0027296172840760849 -0.0020596972404705355 -0.0032544545500015213
leaf_weight=781 2401 1179 1835 5378 538 186 1498 334 66 990 37 333 184 146 95 379 54 188 23 55 52 1322 402 156 58 67 389 360 1509 1054
leaf_count=781 2401 1179 1835 5378 538 186 1498 334 66 990 37 333 184 146 95 379 54 188 23 55 52 1322 402 156 58 67 389 360 1509 1054
internal_value=-1.29941e-05 0.000873072 -0.0030304 0.000321364 3.3801e-05 0.00131269 0.000442387 -0.00384328 -0.00344507 0.00242642 -0.00120565 0.000980524 -0.00584207 0.00410792 0.00556358 -0.00277382 -0.00158908 0.000160936 0.00312375 0.00491519 -0.00168722 0.00203286 0.00252259 0.00180285 0.00369438 7.91155e-05 0.00149062 0.00406809 -0.00160081 -0.00351322
internal_weight=22049 17044 5005 12577 9749 2828 7332 3118 2600 4467 2417 370 518 427 281 1819 699 320 132 109 1887 3477 2155 1335 820 5445 1887 762 2047 1120
internal_count=22049 17044 5005 12577 9749 2828 7332 3118 2600 4467 2417 370 518 427 281 1819 699 320 132 109 1887 3477 2155 1335 820 5445 1887 762 2047 1120
is_linear=0
shrinkage=0.05


Tree=51
num_leaves=31
num_cat=0
split_feature=14 10 10 17 10 28 3 5 2 36 1 22 2 1 27 9 33 28 27 8 3 4 28 15 4 6 2 6 28 28
split_gain=21.2812 5.27299 1.97955 1.30058 0.877252 0.805083 0.994866 0.639861 0.663757 1.09217 0.633423 0.589809 0.561957 0.906387 0.547044 0.54685 0.532627 1.165 0.993261 0.838431 0.730614 0.67415 0.643875 0.724615 0.609255 0.531483 0.791239 0.515494 0.49074 0.661216
threshold=0.067916666666666667 0.7383333333333334 -0.41166666666666657 0.44833333333333336 1.091666666666667 14.500000000000002 99.125000000000014 149.97371673583987 1009.8410949707032 1.0000000180025095e-35 69.574111938476577 0.12177083333333336 1013.5470275878907 73.399303436279311 1.0000000180025095e-35 687.17272949218761 -0.60355339059327362 16.500000000000004 0.15666666666666682 110.12500000000001 60.875000000000007 32.720516204833991 6.5000000000000009 0.17776128365190566 20.642953872680668 574.12500000000011 1009.0439453125001 184.12500000000003 18.500000000000004 14.500000000000002
decision_type=2 2 2 2 2 2 2 2 2 2 2 2 2 2 2 2 2 2 2 2 2 2 2 2 2 2 2 2 2 2
left_child=2 3 5 -2 28 6 7 14 9 -9 -10 15 13 -8 -1 -12 17 19 22 -5 -20 -21 -18 -24 -25 -11 -27 -4 29 -3
right_child=1 4 27 16 -6 -7 12 8 10 25 11 -13 -14 -15 -16 -17 18 -19 20 21 -22 -23 23 24 -26 26 -28 -29 -30 -31
leaf_value=-0.0067344341783259765 -0.00036737452621286718 0.0017741418560519491 0.0036049373464525809 0.0066101149105420908 0.003618235433790357 -0.0012821807784607377 -0.001601568583761151 -0.0040033521155051965 -0.0054152570001583973 -0.0029141801605874207 0.0048840910226731057 -0.0040903095977599556 -0.0034127418589930563 0.0076264370711786409 -0.0036558470168905656 -0.0044985797198023652 0.001046409124164297 0.00085254420033404807 -0.012414852112997324 0.00071049302458397058 -0.002189267475404304 0.010197218383351962 -0.00024366094398468072 -0.0015181313669525608 0.0056207758996383844 0.012960516586012783 0.0012473933206385247 -0.0019813087176447134 0.0011728110562582725 0.0036290601054805474
leaf_weight=499 4573 1432 42 162 990 267 111 206 650 32 44 142 214 35 203 24 2910 2019 20 173 138 21 2420 43 98 21 46 2469 1322 723
leaf_count=499 4573 1432 42 162 990 267 111 206 650 32 44 142 214 35 203 24 2910 2019 20 173 138 21 2420 43 98 21 46 2469 1322 723
internal_value=-1.23444e-05 0.000829418 -0.00287888 0.000305296 0.0023051 -0.00387664 -0.00418769 -0.00465175 -0.00393322 -0.00192916 -0.00464396 -0.00225662 -0.00178104 0.000610625 -0.00584419 0.00157256 0.000689619 0.00131755 0.000424681 0.00395476 -0.00348365 0.00173741 0.000537552 -4.06494e-05 0.00344366 0.00238684 0.00491867 -0.00188787 0.00193122 0.00239646
internal_weight=22049 17044 5005 12577 4467 2494 2227 1867 1165 305 860 210 360 146 702 68 8004 2375 5629 356 158 194 5471 2561 141 99 67 2511 3477 2155
internal_count=22049 17044 5005 12577 4467 2494 2227 1867 1165 305 860 210 360 146 702 68 8004 2375 5629 356 158 194 5471 2561 141 99 67 2511 3477 2155
is_linear=0
shrinkage=0.05


Tree=52
num_leaves=31
num_cat=0
split_feature=14 13 28 27 17 18 10 8 3 4 17 3 10 25 28 28 29 34 4 20 3 9 11 19 24 17 20 6 22 4
split_gain=19.2063 4.95184 1.60854 1.24276 1.23246 1.14154 1.08729 0.891176 0.865348 0.75142 0.732819 0.696657 0.690641 0.621554 0.951337 0.618378 0.603533 0.739217 0.674162 0.636691 0.542163 1.0685 0.721333 0.61398 0.778774 0.864258 0.652018 0.540744 0.531641 0.531579
threshold=0.039999999999999911 0.62833333333333352 14.500000000000002 0.050000000000000107 -0.14166666666666664 -0.53218749999999981 0.34833333333333338 336.62500000000006 99.125000000000014 30.30027008056641 0.39833333333333337 49.875000000000007 0.87833333333333352 1.0116666666666669 14.500000000000002 16.500000000000004 5.5000000000000009 -0.9159756150367534 22.464885711669925 -0.88166666666666649 79.625000000000014 417.79890441894537 0.069166666666666682 0.2930326344304291 -0.97833333333333317 0.20166666666666672 -0.46833333333333327 9.1250000000000018 0.65371527777777783 19.690475463867191
decision_type=2 2 2 2 2 2 2 2 2 2 2 2 2 2 2 2 2 2 2 2 2 2 2 2 2 2 2 2 2 2
left_child=2 6 4 12 8 -6 29 10 9 -1 16 -11 -3 -5 27 -16 19 18 -18 -7 21 -21 -23 24 26 -26 -22 -15 -8 -2
right_child=1 3 -4 13 5 7 28 -9 -10 11 -12 -13 -14 14 15 -17 17 -19 -20 20 23 22 -24 -25 25 -27 -28 -29 -30 -31
leaf_value=-0.0046039780760436062 -0.0010841140348507063 0.00094751752211443398 -0.00097588981623495091 0.0012271682728069459 0.0080751346355235135 -0.0096072270146881546 0.00026473468529505842 -0.011474735712489257 -0.0019230208239867084 -0.0030554012154295511 -0.010290736449813402 0.006492236954288493 0.0022166947213737263 0.0031877079082179866 0.0059685862440739014 0.0031804917623170711 0.0011622968491792564 -0.0012043663073234472 0.012864397080847995 -0.0078294759956715667 0.0098456774279475218 -0.0027276760810214179 0.006164808680841816 0.0021842207869337627 -0.0040464870444376008 0.0043735767577720045 -0.00012502089900138613 0.0002240668482785831 0.0014495142001326555 0.00038843787998705083
leaf_weight=1884 2224 2823 968 401 27 30 6652 26 431 56 27 29 1728 393 408 388 32 159 20 106 20 458 24 113 294 34 91 253 1104 846
leaf_count=1884 2224 2823 968 401 27 30 6652 26 431 56 27 29 1728 393 408 388 32 159 20 106 20 458 24 113 294 34 91 253 1104 846
internal_value=-1.17271e-05 0.000769738 -0.0027984 0.00187301 -0.00325532 -0.00211037 0.000118126 -0.00230215 -0.00395231 -0.00439651 -0.00213277 0.000202028 0.00142942 0.0029684 0.00345262 0.00460957 -0.00197327 0.000488091 0.0056631 -0.00241716 -0.00222794 -0.00328443 -0.0022849 -0.00110256 -0.00194859 -0.00317368 0.0016715 0.00202702 0.000433378 -0.000678323
internal_weight=22049 17220 4829 6394 3861 1461 10826 1434 2400 1969 1408 85 4551 1843 1442 796 1381 211 52 1170 1140 588 482 552 439 328 111 646 7756 3070
internal_count=22049 17220 4829 6394 3861 1461 10826 1434 2400 1969 1408 85 4551 1843 1442 796 1381 211 52 1170 1140 588 482 552 439 328 111 646 7756 3070
is_linear=0
shrinkage=0.05


Tree=53
num_leaves=31
num_cat=0
split_feature=17 10 10 13 7 10 8 34 23 7 21 8 11 31 28 5 5 1 3 28 28 28 6 6 28 8 10 26 9 26
split_gain=17.3479 4.07762 2.10638 1.14034 0.789191 0.787753 0.667055 0.651752 0.609238 0.662227 0.660416 0.60028 0.583749 0.550489 0.549419 0.604706 0.708993 0.591042 0.548037 0.536041 0.520087 0.742386 0.567777 0.535324 0.663835 0.506593 0.650567 0.568819 0.742437 0.517689
threshold=0.26833333333333337 0.7383333333333334 -0.2616666666666666 0.37166666666666676 591.62500000000011 1.2683333333333335 302.12500000000006 0.60355339059327384 0.22871461834500306 58.125000000000007 0.32833333333333342 312.75000000000006 0.069166666666666682 1.0000000180025095e-35 13.500000000000002 82.321434020996108 17.694865226745609 74.174610137939467 19.875000000000004 11.500000000000002 18.500000000000004 13.500000000000002 9.1250000000000018 172.25000000000003 16.500000000000004 194.62500000000003 0.47833333333333339 -0.21166666666666667 445.23121643066412 -0.056666666666666622
decision_type=2 2 2 2 2 2 2 2 2 2 2 2 2 2 2 2 2 2 2 2 2 2 2 2 2 2 2 2 2 2
left_child=2 3 4 6 12 20 8 25 19 -10 -11 -4 14 -12 15 16 -1 -16 -17 -2 21 22 -3 24 -23 27 -27 -5 -29 -30
right_child=1 5 11 7 -6 -7 -8 -9 9 10 13 -13 -14 -15 17 18 -18 -19 -20 -21 -22 23 -24 -25 -26 26 -28 28 29 -31
leaf_value=0.0015959595358281426 -0.0004659995089093935 0.0026308529973164845 -0.0012198817427256183 0.0053323573295151958 -0.0053090452367898734 0.004363572341597839 0.0087307477905415008 0.00022315740351126301 -0.00016279565504982729 0.0031476051712436889 -0.0018125306525546777 -0.0064578957158248941 0.0055149535927921534 -0.0089349611271505383 -0.0023034406644597914 -0.0053109219187445758 -0.0061014826976133925 0.0031734428349838432 -0.0026805549595733088 0.0053868064982956834 0.0011863820038069432 0.004931539833466776 0.00060772127620663523 -0.0013876892037183882 0.0024293078792034985 -0.00029183620545903554 -0.0099387220424515289 0.0013009086463634102 -0.0053388981443982745 -0.00010385842848336323
leaf_weight=33 74 659 2350 82 428 350 20 4195 2814 66 872 56 20 28 698 234 320 53 1288 83 1596 478 732 58 595 85 22 3533 67 160
leaf_count=33 74 659 2350 82 428 350 20 4195 2814 66 872 56 20 28 698 234 320 53 1288 83 1596 478 732 58 595 85 22 3533 67 160
internal_value=-1.11408e-05 0.000795426 -0.00244983 0.000318808 -0.00331708 0.00208629 -0.000377517 0.000657137 -0.000423787 -0.000550548 -0.00168009 -0.0013418 -0.00299487 -0.00203412 -0.00305968 -0.0035174 -0.00538189 -0.00191692 -0.00308496 0.00262816 0.00189273 0.00233974 0.0015662 0.00329109 0.003544 0.00111815 -0.00227531 0.00121266 0.00112282 -0.001649
internal_weight=22049 16569 5480 12101 3074 4468 3957 8144 3937 3780 966 2406 2646 900 2626 1875 353 751 1522 157 4118 2522 1391 1131 1073 3949 107 3842 3760 227
internal_count=22049 16569 5480 12101 3074 4468 3957 8144 3937 3780 966 2406 2646 900 2626 1875 353 751 1522 157 4118 2522 1391 1131 1073 3949 107 3842 3760 227
is_linear=0
shrinkage=0.05


Tree=54
num_leaves=31
num_cat=0
split_feature=17 13 10 10 27 2 9 3 8 19 1 3 11 3 22 28 2 8 3 13 9 8 22 24 1 8 18 0 1 9
split_gain=15.6564 3.70192 1.90101 1.01689 0.799305 0.759306 0.750653 0.73224 0.644281 0.611512 0.600631 0.832572 0.696794 0.62007 0.586491 0.65431 0.606893 0.541752 0.536046 1.31208 1.08762 0.856209 1.0198 0.716546 0.661218 0.656584 0.503942 0.798151 0.609301 0.776903
threshold=0.26833333333333337 0.75833333333333341 -0.2616666666666666 0.54833333333333345 0.060000000000000088 1020.1549072265626 392.93959045410162 53.125000000000007 197.62500000000003 0.19837061945702805 71.183681488037124 88.625000000000014 -0.21166666666666664 92.125000000000014 0.24654513888888893 14.500000000000002 1016.0362243652345 312.75000000000006 99.125000000000014 -0.2283333333333333 161.83509826660159 199.62500000000003 0.14942708333333338 -0.80166666666666664 75.087837219238295 291.25000000000006 0.035624999999999997 9.6612496376037615 72.89530181884767 572.43041992187511
decision_type=2 2 2 2 2 2 2 2 2 2 2 2 2 2 2 2 2 2 2 2 2 2 2 2 2 2 2 2 2 2
left_child=2 3 5 18 6 7 -3 8 -1 -7 12 -12 14 -13 15 -9 -16 26 19 20 -2 23 -23 -22 -24 -20 27 28 29 -4
right_child=1 4 17 -5 -6 9 -8 10 -10 -11 11 13 -14 -15 16 -17 -18 -19 25 -21 21 22 24 -25 -26 -27 -28 -29 -30 -31
leaf_value=-0.0032260252460867217 -0.01058802545706455 0.0017439293852751937 0.013815756736753081 0.00088128706116321969 0.0031206740149868971 -0.0025576821959916026 -0.0029998799360920351 -0.0035743828274824199 -0.0068266442535100036 -0.0060740436371060696 -0.0028382382981864546 0.010207038969383575 -0.0078511228907154878 0.00095595423432920748 -0.0008607279117765214 0.0014401501570073135 0.007749344874173403 -0.0061350009992435974 0.00041437838422838931 -0.00020254537617576008 -0.0025175175768145847 0.003529063342139125 -0.016880506845191122 0.007599979794273775 -0.0052196245614228951 0.0088950262040547717 -0.001870193062999995 -0.00074583963532179353 -0.0017533325434972843 0.00088553014654843597
leaf_weight=1170 52 2750 26 4994 1243 190 86 538 139 354 174 20 60 192 139 74 24 56 2965 4313 42 20 20 30 31 23 1209 1070 24 21
leaf_count=1170 52 2750 26 4994 1243 190 86 538 139 354 174 20 60 192 139 74 24 56 2965 4313 42 20 20 30 31 23 1209 1070 24 21
internal_value=-1.05837e-05 0.000755655 -0.00232734 0.000328554 0.00206345 -0.00315122 0.00160008 -0.00278684 -0.00360837 -0.0048459 -0.00190609 -0.00027505 -0.00266009 0.0018287 -0.0022582 -0.00296805 0.000407013 -0.00127471 -3.96894e-05 -0.000383924 -0.00439565 -0.00214387 -0.00603996 0.00169811 -0.00979252 0.000479658 -0.00115889 -0.000405191 0.00472853 0.00803842
internal_weight=22049 16569 5480 12490 4079 3074 2836 2530 1309 544 1221 386 835 212 775 612 163 2406 7496 4508 195 143 71 72 51 2988 2350 1141 71 47
internal_count=22049 16569 5480 12490 4079 3074 2836 2530 1309 544 1221 386 835 212 775 612 163 2406 7496 4508 195 143 71 72 51 2988 2350 1141 71 47
is_linear=0
shrinkage=0.05


Tree=55
num_leaves=31
num_cat=0
split_feature=6 13 28 0 34 28 8 28 29 24 2 2 13 9 22 9 0 4 7 10 2 10 4 0 8 25 27 15 26 14
split_gain=13.8951 3.55058 1.72011 1.54439 1.10442 1.03341 1.26649 1.12671 0.868786 0.786068 0.743053 0.739579 0.739148 0.82813 0.766265 0.924439 0.74375 0.687336 0.649379 0.637616 0.627946 0.616703 0.622427 0.610478 0.610233 0.597861 0.571459 0.561326 0.552255 0.543246
threshold=295.12500000000006 0.63166666666666671 14.500000000000002 18.098750114440922 0.37940952255126048 13.500000000000002 9.1250000000000018 16.500000000000004 1.0000000180025095e-35 -0.56499999999999984 1021.1699523925782 1018.8801269531251 -0.34166666666666662 149.39393615722659 0.44168402777777788 328.41641235351568 11.811249732971193 22.2605094909668 166.12500000000003 1.4083333333333334 1011.0450134277345 0.32166666666666671 33.782026290893562 16.323750495910648 279.50000000000006 1.2750000000000001 -0.36166666666666653 0.38145614092465735 0.19333333333333341 0.014166666666666721
decision_type=2 2 2 2 2 2 2 2 2 2 2 2 2 2 2 2 2 2 2 2 2 2 2 2 2 2 2 2 2 2
left_child=1 9 3 8 5 6 -3 -7 28 21 12 -5 14 -14 15 18 25 -17 23 -9 -4 -1 -23 -10 27 26 -15 -18 -2 -19
right_child=2 4 20 11 -6 7 -8 19 10 -11 -12 -13 13 16 -16 17 24 29 -20 -21 -22 22 -24 -25 -26 -27 -28 -29 -30 -31
leaf_value=-0.00091130773132421384 -0.0033862450452671507 0.0028660540369640167 0.0012952362967567988 -0.0032390416282064289 0.00079958748743899828 0.0045029135155081335 -8.0172792806980632e-05 0.0019052005755525589 -0.0012111850796888274 0.00086127859243865308 -0.0034912058632810016 -0.0058218579471716802 -0.0075065269602607168 0.0070760876605979713 -0.0044298628803543958 -0.0024552727920424487 -0.0022263646984424352 0.0032530754445949297 0.009070004928857088 0.0063468619236407581 -0.0013059486616193317 0.00018550881415507737 -0.0062349046847023273 0.006229379522961145 -0.0088315147276529487 -0.00442504015244434 0.00056333127945307118 0.0060806763314065482 -0.0097098354536753438 -0.0055725602665916089
leaf_weight=1828 301 624 369 1653 2329 701 878 1635 60 2862 344 333 58 39 68 173 643 136 50 85 625 5709 38 51 34 51 247 21 39 20
leaf_count=1828 301 624 369 1653 2329 701 878 1635 60 2862 344 333 58 39 68 173 643 136 50 85 625 5709 38 51 34 51 247 21 39 20
internal_value=1.07237e-05 0.000719788 -0.00221573 -0.00264714 0.00166208 0.00217412 0.00114383 0.00281331 -0.00177537 0.000155337 -0.00137722 -0.00367211 -0.00093675 -0.00169266 0.00054391 0.00123415 -0.00136686 -0.000285092 0.00433868 0.0021247 -0.000340318 -0.000111383 0.000143056 0.00220745 -0.00229818 0.000562116 0.00145143 -0.00196364 -0.0041116 0.00212158
internal_weight=22004 16689 5315 4321 6252 3923 1502 2421 2335 10437 1995 1986 1651 1093 558 490 1035 329 161 1720 994 7575 5747 111 698 337 286 664 340 156
internal_count=22004 16689 5315 4321 6252 3923 1502 2421 2335 10437 1995 1986 1651 1093 558 490 1035 329 161 1720 994 7575 5747 111 698 337 286 664 340 156
is_linear=0
shrinkage=0.05


Tree=56
num_leaves=31
num_cat=0
split_feature=6 13 6 34 28 6 3 28 22 2 18 13 2 0 1 28 12 24 4 3 35 12 9 28 28 2 23 20 28 7
split_gain=12.5618 2.91272 2.06895 1.17519 1.29483 0.889022 1.02446 0.826244 0.776697 0.719032 1.06742 0.751465 0.671347 0.744841 0.652961 0.639588 0.611432 0.601019 0.615433 0.839077 0.558771 0.813104 0.984763 0.557891 0.557643 0.524335 0.594814 0.491468 0.469155 1.00557
threshold=229.37500000000003 0.63166666666666671 540.12500000000011 0.1294095225512602 13.500000000000002 9.1250000000000018 50.125000000000007 14.500000000000002 0.18066840277777782 1004.2396850585939 -0.014479166666666711 -0.34166666666666662 1002.3757934570314 7.6425001621246347 67.01602935791017 16.500000000000004 0.60166666666666679 -0.58166666666666655 33.782026290893562 98.875000000000014 0.6078576107927941 -0.11166666666666665 438.15585327148443 12.500000000000002 15.500000000000002 1013.6346435546876 0.34565303197525959 -0.54833333333333323 11.500000000000002 8.6250000000000018
decision_type=2 2 2 2 2 2 2 2 2 2 2 2 2 2 2 2 2 2 2 2 2 2 2 2 2 2 2 2 2 2
left_child=1 17 7 4 5 -3 -7 16 23 10 11 -10 -9 -14 -15 24 -2 18 27 -20 21 22 -11 -4 -6 26 -22 -1 29 -19
right_child=2 3 8 -5 15 6 -8 12 9 20 -12 -13 13 14 -16 -17 -18 28 19 -21 25 -23 -24 -25 -26 -27 -28 -29 -30 -31
leaf_value=0.0015610057714078116 -0.0017710626029032697 0.0029011753860036802 -0.004381191891668264 0.00095775116612148632 0.0030833403757723047 -0.0038357441511941621 0.00093500844209497454 0.00454355961473256 0.011932547928558456 0.0059001290001868901 -0.0060442318754463367 0.0015810560919344427 -0.0087381687086935233 -0.0015796957186672456 0.00089718086727941227 0.0024949680574476792 0.0024628106742800976 0.00092693283367119772 -0.012858309105715969 -2.4627048211793107e-06 -0.0029773262119100943 -0.0095472734135303959 -0.0034436979839273804 -0.0024767022540753462 0.0060468935456554421 -0.0024182479319764145 0.0055767845591309217 -9.8871623602305532e-05 0.0018724632363447931 -0.0021583071884216823
leaf_weight=480 2752 448 1002 3133 331 136 652 74 27 31 29 50 26 469 615 1049 88 1662 22 30 31 48 312 624 305 120 59 6286 799 314
leaf_count=480 2752 448 1002 3133 331 136 652 74 27 31 29 50 26 469 615 1049 88 1662 22 30 31 48 312 624 305 120 59 6286 799 314
internal_value=1.01875e-05 0.000771663 -0.00186409 0.0016304 0.00235187 0.00112273 0.00011163 -0.00117727 -0.00304875 -0.00166521 0.00213159 0.0052108 -6.76352e-05 -0.000375048 -0.000174457 0.00325348 -0.00163987 0.000229727 -2.27605e-05 -0.00544147 -0.00233487 -0.00345217 -0.00259921 -0.00365032 0.00450454 -0.000254555 0.00263037 1.8885e-05 0.000850073 0.000436667
internal_weight=22004 15647 6357 6054 2921 1236 788 4024 2333 707 106 77 1184 1110 1084 1685 2840 9593 6818 52 601 391 343 1626 636 210 90 6766 2775 1976
internal_count=22004 15647 6357 6054 2921 1236 788 4024 2333 707 106 77 1184 1110 1084 1685 2840 9593 6818 52 601 391 343 1626 636 210 90 6766 2775 1976
is_linear=0
shrinkage=0.05


Tree=57
num_leaves=31
num_cat=0
split_feature=6 32 6 33 33 28 28 9 3 28 2 23 9 15 9 0 20 2 1 25 21 1 3 9 20 18 18 11 19 26
split_gain=11.351 2.77054 2.05833 1.45063 1.04242 1.01301 0.887362 0.718713 0.707263 0.699158 0.678847 0.678806 0.616583 0.602843 0.640739 0.595793 0.932879 0.847677 0.790312 0.627686 0.634799 0.818997 0.587844 1.75583 0.731066 1.0721 0.680924 0.775531 0.660251 0.566286
threshold=205.62500000000003 1.5000000000000002 540.12500000000011 -0.78656609248549303 -0.60355339059327362 17.500000000000004 14.500000000000002 78.81879043579103 55.125000000000007 16.500000000000004 1009.8410949707032 0.4914517635173456 389.09930419921881 0.22304292337248408 515.97213745117199 18.398751258850101 -0.78583333333333327 1004.7828063964845 69.574111938476577 0.82166666666666677 0.45166666666666672 70.828605651855483 99.125000000000014 221.15953063964847 -0.88166666666666649 -0.05385416666666671 0.073333333333333348 0.095000000000000029 0.35074111349764342 0.34166666666666673
decision_type=2 2 2 2 2 2 2 2 2 2 2 2 2 2 2 2 2 2 2 2 2 2 2 2 2 2 2 2 2 2
left_child=1 4 6 9 5 -1 15 -5 29 -3 13 -10 -6 -4 -15 22 18 -18 -17 20 21 -19 23 -2 -25 -26 27 -27 -24 -8
right_child=2 3 10 7 12 -7 8 -9 11 -11 -12 -13 -14 14 -16 16 17 19 -20 -21 -22 -23 28 24 25 26 -28 -29 -30 -31
leaf_value=0.0043863618479352577 -0.0061489755427523926 0.0041329696524794917 -0.0022551374881809448 0.00013761042239006632 0.0013951479293329717 0.0017486693403628599 -0.00090815330517158817 -0.0013569179890647607 0.0022743719034624518 0.0010760264182504494 -0.0033947816360127142 -0.00093469789661937213 -0.0023796747822871114 -0.002108373175675081 0.0050884148177619166 -0.0017062802866308225 -0.011013229445529146 -0.006590712603193963 0.0065339560685462733 0.0034924609256753083 -0.0082755785883819044 -0.0016309948490536184 -0.0004376228222249751 0.0066228504494453477 -0.0050142290247018693 0.00088347710416201162 -0.0012002634179831325 0.010855634146086549 0.0058441568168663338 -0.0084539258422759861
leaf_weight=629 197 202 470 6820 3170 864 569 912 450 2526 1739 260 112 59 65 90 37 113 43 33 64 316 848 30 167 128 998 23 44 26
leaf_count=629 197 202 470 6820 3170 864 569 912 450 2526 1739 260 112 59 65 90 37 113 43 33 64 316 848 30 167 128 998 23 44 26
internal_value=9.67814e-06 0.000766647 -0.00169403 0.00031108 0.0017646 0.00285993 -0.00106173 -3.86713e-05 3.36434e-05 0.00130238 -0.00289631 0.00109922 0.00126633 -0.00143697 0.00166414 -0.00151828 -0.00280837 -0.00369808 0.000957856 -0.00318352 -0.00363039 -0.0029374 -0.00114953 -0.00174021 -0.00109494 -0.00127088 -0.000726804 0.00240241 -0.000127759 -0.00123788
internal_weight=22004 15235 6769 10460 4775 1493 4436 7732 1305 2728 2333 710 3282 594 124 3131 696 563 133 526 493 429 2435 1543 1346 1316 1149 151 892 595
internal_count=22004 15235 6769 10460 4775 1493 4436 7732 1305 2728 2333 710 3282 594 124 3131 696 563 133 526 493 429 2435 1543 1346 1316 1149 151 892 595
is_linear=0
shrinkage=0.05


Tree=58
num_leaves=31
num_cat=0
split_feature=6 32 33 28 0 33 28 6 29 9 22 21 2 2 13 3 24 7 0 3 18 8 19 18 8 3 23 3 8 10
split_gain=10.2883 2.68014 1.37207 1.31355 1.22588 1.08446 0.895087 0.884593 0.762725 0.732192 0.66687 0.717184 0.655735 0.642612 0.676707 0.858058 1.06913 0.75397 0.693902 0.654492 0.591811 0.557103 0.545694 0.707417 0.538984 0.528987 0.552254 0.528597 0.694189 1.12366
threshold=295.12500000000006 1.5000000000000002 -0.78656609248549303 14.500000000000002 18.098750114440922 -0.60355339059327362 17.500000000000004 23.875000000000004 1.0000000180025095e-35 324.15811157226568 0.34088541666666677 0.70500000000000018 1018.8801269531251 1021.1699523925782 -0.34166666666666662 53.875000000000007 -0.69166666666666654 114.62500000000001 12.523749828338625 98.875000000000014 -0.42343749999999997 272.12500000000006 0.25994497280885581 -0.31093749999999992 213.12500000000003 33.125000000000007 0.49318744607458648 95.375000000000014 152.12500000000003 -0.60166666666666657
decision_type=2 2 2 2 2 2 2 2 2 2 2 2 2 2 2 2 2 2 2 2 2 2 2 2 2 2 2 2 2 2
left_child=1 5 10 4 8 6 -1 -4 27 -7 -3 -12 -6 14 15 24 20 19 -19 -16 -17 -20 -9 -24 -10 -5 -27 28 -2 -30
right_child=3 2 7 25 12 9 -8 22 13 -11 11 -13 -14 -15 17 16 -18 18 21 -21 -22 -23 23 -25 -26 26 -28 -29 29 -31
leaf_value=0.0041316313658885453 -0.0025111810701406181 0.00060537463770532734 0.00021203063165842006 -0.0016763190579442205 -0.0027890247149973701 0.0013297963043023789 0.0016612358701169998 -0.0010732450375886865 -0.0008808007530951824 -0.0012034186337049457 0.0057688652765822647 0.0016720798304594036 -0.00522103393796479 -0.0030998045163277165 -0.012355670220804988 0.009235388003289699 -0.0034287748180691214 0.00067521785230474803 -0.0016870898694711892 -0.0030287256869938103 0.0026603682963806303 -0.0080087482117468852 -0.0051338337736004701 0.0036785696469033599 -0.0086928285863250489 0.0020558152880372064 -0.0010058427282518692 -0.0013819494888848314 -0.0036103419673998122 -0.014559665663650127
leaf_weight=637 102 2124 5956 399 1653 3217 864 2447 189 313 122 859 333 344 27 40 67 367 600 62 237 37 28 122 25 327 268 143 53 42
leaf_count=637 102 2124 5956 399 1653 3217 864 2447 189 313 122 859 333 344 27 40 67 367 600 62 237 37 28 122 25 327 268 143 53 42
internal_value=9.19423e-06 0.000619332 0.000203088 -0.00190663 -0.00228363 0.00158387 0.00270963 -0.000123739 -0.00150694 0.00110518 0.00110336 0.00218157 -0.00319681 -0.00113388 -0.00072426 0.000692478 0.00223894 -0.00144754 -0.00105655 -0.00585825 0.00360983 -0.00205428 -0.000893798 0.00203359 -0.00179342 -0.000267772 0.000676783 -0.00369592 -0.00537561 -0.0084511
internal_weight=22004 16689 11658 5315 4321 5031 1501 8553 2335 3530 3105 981 1986 1995 1651 558 344 1093 1004 89 277 637 2597 150 214 994 595 340 197 95
internal_count=22004 16689 11658 5315 4321 5031 1501 8553 2335 3530 3105 981 1986 1995 1651 558 344 1093 1004 89 277 637 2597 150 214 994 595 340 197 95
is_linear=0
shrinkage=0.05


Tree=59
num_leaves=31
num_cat=0
split_feature=6 32 6 33 19 3 8 25 29 0 28 8 4 9 18 28 2 19 15 6 26 9 8 36 8 32 27 34 26 23
split_gain=9.29681 2.24563 1.6998 1.19456 0.88439 0.712954 1.11582 0.810187 1.13741 0.812602 0.792991 0.891409 0.697671 0.600156 0.599926 0.59991 0.586698 0.632547 0.620328 0.553396 0.542238 0.58734 0.653495 0.734226 0.535519 0.529154 0.516078 0.636838 0.499727 0.468991
threshold=205.62500000000003 1.5000000000000002 540.12500000000011 -0.78656609248549303 0.23593701039650564 87.625000000000014 190.62500000000003 0.88166666666666671 3.5000000000000004 14.286249637603762 9.5000000000000018 312.75000000000006 23.025938987731937 64.648456573486342 -0.067604166666666618 16.500000000000004 1010.7695312500001 0.40299294060195673 0.19172583627378717 432.75000000000006 -0.10333333333333328 210.83599090576175 248.12500000000003 1.0000000180025095e-35 180.12500000000003 2.5000000000000004 -0.2049999999999999 0.60355339059327384 0.1400000000000001 0.49318744607458648
decision_type=2 2 2 2 2 2 2 2 2 2 2 2 2 2 2 2 2 2 2 2 2 2 2 2 2 2 2 2 2 2
left_child=1 4 5 15 26 6 -2 9 19 -8 14 29 -13 -5 -7 25 18 -18 28 -9 -11 -22 23 -23 -19 -3 -1 -28 -4 -12
right_child=2 3 16 13 -6 10 7 8 -10 20 11 12 -14 -15 -16 -17 17 24 -20 -21 21 22 -24 -25 -26 -27 27 -29 -30 -31
leaf_value=-0.001899637632483903 -0.0011246903877570019 0.0057717952116229394 -0.0029358548267501556 0.00013594402913886416 0.003733475625297088 -0.010124918924910683 0.0060118237030110325 -0.017657871361201009 -0.0023403811570129949 -0.0075324657547753311 0.0011352734154591859 -0.005559144964635299 0.0040898392956359719 -0.0011773465425648029 -0.001527517894993584 0.00097353409599046218 -0.0029746812140459856 -0.0036665700568721212 0.00093449486999871263 -0.0069205159705597909 -0.0080860500043678681 0.0011517765245547421 0.007203602615703384 -0.0083120676106773327 -0.013451793650165201 0.00047511135181412103 0.001918712703146545 0.00063194546599716931 0.0015392804584634077 -0.0010513454784698312
leaf_weight=117 1943 127 467 6733 438 21 24 30 44 64 1107 101 23 999 601 2526 1540 29 198 20 31 57 23 32 27 75 2738 1482 72 315
leaf_count=117 1943 127 467 6733 438 21 24 30 44 64 1107 101 23 999 601 2526 1540 29 198 20 31 57 23 32 27 75 2738 1482 72 315
internal_value=8.73452e-06 0.000693792 -0.00153313 0.000283646 0.00159225 -0.000958522 -0.00157827 -0.00428996 -0.00820344 -0.00269746 -0.000310191 0.000296356 -0.00376941 -3.37375e-05 -0.00181778 0.00118321 -0.00262569 -0.0031645 -0.00145887 -0.0133629 -0.00370723 -0.00199524 -0.000309393 -0.00225095 -0.00838445 0.0038052 0.001376 0.00146682 -0.00233806 0.000650896
internal_weight=22004 15235 6769 10460 4775 4436 2268 325 94 231 2168 1546 124 7732 622 2728 2333 1596 737 50 207 143 112 89 56 202 4337 4220 539 1422
internal_count=22004 15235 6769 10460 4775 4436 2268 325 94 231 2168 1546 124 7732 622 2728 2333 1596 737 50 207 143 112 89 56 202 4337 4220 539 1422
is_linear=0
shrinkage=0.05


Tree=60
num_leaves=31
num_cat=0
split_feature=6 13 6 4 34 28 8 3 25 17 4 26 25 9 1 15 11 18 17 4 9 26 35 8 7 15 26 0 16 25
split_gain=8.58315 2.12773 1.16545 0.826641 0.796719 0.694988 1.26684 1.07046 0.645802 0.532314 0.514247 0.727361 0.665208 0.663301 0.583093 0.571218 0.553282 0.508826 0.913076 0.496958 0.666672 1.11178 0.463681 0.468891 0.558461 0.474139 0.460538 0.447521 0.443388 0.494768
threshold=278.12500000000006 0.6083333333333335 502.75000000000006 39.012725830078132 0.37940952255126048 12.500000000000002 9.1250000000000018 50.125000000000007 0.9816666666666668 -0.95833333333333315 16.395864486694339 -0.12166666666666669 1.1350000000000002 214.33298492431643 66.531795501708999 0.12377922039255644 -0.16166666666666665 0.31989583333333349 0.4316666666666667 12.635799884796144 430.46934509277349 0.23500000000000007 1.0000000180025095e-35 298.25000000000006 44.125000000000007 0.38145614092465735 0.070000000000000062 11.117499828338625 -0.11166666666666665 0.64166666666666672
decision_type=2 2 2 2 2 2 2 2 2 2 2 2 2 2 2 2 2 2 2 2 2 2 2 2 2 2 2 2 2 2
left_child=1 27 3 10 5 6 -3 -8 -7 -4 11 13 22 16 15 -14 -2 18 -11 20 21 -13 23 24 -12 -26 -10 -1 29 -21
right_child=2 4 9 -5 -6 8 7 -9 26 17 12 19 14 -15 -16 -17 -18 -19 -20 28 -22 -23 -24 -25 25 -27 -28 -29 -30 -31
leaf_value=0.00056546458287893837 -0.002633239144713364 0.002466455746023226 -0.0062347494479682714 0.0050122219262578134 0.00057595666671913181 0.0009072517118810183 -0.0041792215579380936 0.00038510931435521239 0.0022323847028221412 -0.0023091656599071616 -0.0091710617255774292 0.00047995130224438593 -0.0031504182370069127 -0.002771362256881192 -0.0049737795134637804 0.0076014941247800998 -0.012549878920291144 0.0042622042964373169 -0.012315787164413412 -0.0043335890650632791 -0.0019499992333495847 0.012459809718919653 0.00099209180673415589 0.0051423657772829761 -0.00069325108919261486 -0.0081409637350589037 0.0041112155600043273 -0.00016337397473608942 -0.0058635063474093314 -0.00022844221460184566
leaf_weight=3139 22 651 90 56 2794 741 158 687 1472 2579 21 249 30 147 139 21 39 29 23 120 325 21 545 31 746 22 419 6401 87 189
leaf_count=3139 22 651 90 56 2794 741 158 687 1472 2579 21 249 30 147 139 21 39 29 23 120 325 21 545 31 746 22 419 6401 87 189
internal_value=-1.19037e-05 0.000560644 -0.00171599 -0.00100178 0.00122798 0.0016693 0.000808767 -0.00046834 0.00215841 -0.00245356 -0.00112407 -0.00190216 -0.000524111 -0.00459022 -0.00329598 0.00127684 -0.00897339 -0.00232421 -0.00239762 -0.00133796 -0.000424514 0.00141172 -0.000138282 -0.000889568 -0.00112656 -0.000906597 0.00264869 7.64399e-05 -0.00271043 -0.00182267
internal_weight=21993 16462 5531 2810 6922 4128 1496 845 2632 2721 2754 1199 1555 208 190 51 61 2631 2602 991 595 270 1365 820 789 768 1891 9540 396 309
internal_count=21993 16462 5531 2810 6922 4128 1496 845 2632 2721 2754 1199 1555 208 190 51 61 2631 2602 991 595 270 1365 820 789 768 1891 9540 396 309
is_linear=0
shrinkage=0.05


Tree=61
num_leaves=31
num_cat=0
split_feature=6 13 6 4 3 7 25 33 9 28 26 8 18 18 22 19 6 33 0 0 4 3 17 20 9 23 19 12 1 12
split_gain=7.78736 1.82057 1.35003 0.718974 0.590808 0.878258 0.589964 0.587195 0.61923 0.691735 0.557419 0.548468 0.607684 0.683305 0.670963 0.551933 0.548322 0.527998 0.518074 0.507896 0.589343 0.886017 0.855005 0.626134 0.611844 0.60338 0.598845 0.763248 0.507854 0.502035
threshold=229.37500000000003 0.80083333333333351 502.75000000000006 39.012725830078132 89.875000000000014 140.12500000000003 0.88166666666666671 -0.78656609248549303 47.003017425537116 11.500000000000002 -0.34166666666666656 312.75000000000006 0.095416666666666608 -0.31093749999999992 0.44655381944444456 0.10903594190623048 261.75000000000006 0.91597561503675362 21.123750686645511 19.098750114440922 20.746364593505863 41.875000000000007 0.10500000000000002 -0.25499999999999995 675.71496582031261 0.34565303197525959 0.28522294662454833 -0.41166666666666657 72.176319122314467 -0.071666666666666656
decision_type=2 2 2 2 2 2 2 2 2 2 2 2 2 2 2 2 2 2 2 2 2 2 2 2 2 2 2 2 2 2
left_child=1 6 3 4 5 16 -1 -8 17 -10 -7 12 13 28 -15 -14 -2 -9 -17 20 22 -22 29 -24 25 -23 -27 -28 -6 -4
right_child=2 -3 19 -5 11 10 7 8 9 -11 -12 -13 15 14 -16 18 -18 -19 -20 -21 21 24 23 -25 -26 26 27 -29 -30 -31
leaf_value=1.3613781472081219e-05 -0.0018927391606717884 0.0015955485710026692 -0.0017910584004491538 0.0039228970317968298 -0.0015572536210104748 0.0039900521727977319 0.0031145576107459807 0.00058006174587987304 -0.0017860193480458916 0.0017669864434834669 -0.0013713498412112144 -0.0038274658003537147 0.00099840606199606808 0.0015144168595035905 0.0074707021384879391 -0.0015802364533360387 -0.0072390570233927497 0.0021308615728349379 -0.0097717770840972662 -0.0030087396165593035 -0.0028706508015742521 -0.0021314218045665407 -0.012545523872702486 -0.0018388410358139398 -0.002970314384101475 0.0013718647578926544 0.013845739580690861 0.0032472933282337666 0.0034194216724567775 -0.0079549966113907963
leaf_weight=7276 89 3483 588 77 296 50 244 3309 491 190 1595 103 238 380 54 553 104 658 20 1371 260 74 36 22 83 174 25 53 62 35
leaf_count=7276 89 3483 588 77 296 50 244 3309 491 190 1595 103 238 380 54 553 104 658 20 1371 260 74 36 22 83 174 25 53 62 35
internal_value=-1.13085e-05 0.000587606 -0.00148933 -0.00085695 -0.000960801 -0.00158276 0.00029909 0.000723687 0.000598176 -0.000794726 -0.00120839 -0.000290716 -6.34637e-05 0.000921658 0.00225552 -0.00102551 -0.00477366 0.00083729 -0.00186615 -0.00233088 -0.00164247 -0.000588454 -0.00267792 -0.00848437 0.000862331 0.00183813 0.00300379 0.00664423 -0.000695371 -0.00213735
internal_weight=21993 15651 6342 3621 3544 1838 12168 4892 4648 681 1645 1706 1603 792 434 811 193 3967 573 2721 1350 669 681 58 409 326 252 78 358 623
internal_count=21993 15651 6342 3621 3544 1838 12168 4892 4648 681 1645 1706 1603 792 434 811 193 3967 573 2721 1350 669 681 58 409 326 252 78 358 623
is_linear=0
shrinkage=0.05


Tree=62
num_leaves=31
num_cat=0
split_feature=6 32 6 33 33 28 6 4 9 21 3 9 25 5 8 19 31 28 32 17 4 26 6 19 17 4 26 5 19 26
split_gain=7.02809 1.67309 1.2184 1.04835 0.809632 0.717603 0.661222 0.648874 0.590709 0.564856 0.533205 0.799894 0.51774 0.587594 0.494993 0.56076 0.49389 0.475686 0.699122 0.47183 0.470874 0.45791 0.515356 0.449332 0.860281 1.18014 0.928517 0.702668 0.637714 0.546281
threshold=229.37500000000003 1.5000000000000002 502.75000000000006 -0.78656609248549303 -0.60355339059327362 16.500000000000004 23.875000000000004 39.012725830078132 76.823112487792983 0.71833333333333338 89.875000000000014 197.16040802001956 0.91500000000000015 208.0724792480469 312.75000000000006 0.26525559791123632 1.0000000180025095e-35 16.500000000000004 2.5000000000000004 -0.95833333333333315 22.464885711669925 -0.34166666666666656 415.25000000000006 0.2702049119512106 0.32166666666666671 24.148954391479496 0.10666666666666672 234.430778503418 0.35479381487227013 0.26833333333333342
decision_type=2 2 2 2 2 2 2 2 2 2 2 2 2 2 2 2 2 2 2 2 2 2 2 2 2 2 2 2 2 2
left_child=1 4 7 17 5 -1 -5 10 -6 -10 11 12 13 -2 15 16 -12 18 -3 -4 -18 22 -13 -21 26 -26 -25 28 29 -28
right_child=2 3 19 6 8 -7 -8 -9 9 -11 14 21 -14 -15 -16 -17 20 -19 -20 23 -22 -23 -24 24 25 -27 27 -29 -30 -31
leaf_value=0.0040582499082150655 -0.0090949113124652817 0.005182949797956333 -0.0057742348473726057 0.00018212270313289701 0.0011728220584536371 0.0016148725356445591 -0.00086840089347110056 0.0037267522785099007 0.0038713000466656412 -0.0013488021235423331 -0.00050589408769601322 -0.0006600618842639961 -0.013006182443350554 -0.00054010218151902061 -0.0036360924878130552 0.0012647222056811262 -0.011592556173854974 0.00083946381930882687 -0.00033817518461536577 -0.0015722114648440381 -0.00087268819389421312 -0.0013978252932764727 0.0091611872300166979 -0.0033656376451527432 -0.018710686462000012 -0.0019289975477890535 0.0040799470063155657 -0.0030617845720682249 0.0097942084503032413 -0.004305663663000169
leaf_weight=418 34 155 90 5984 2871 1069 1998 77 59 426 1029 34 20 49 103 533 20 2580 91 1610 21 1679 22 790 20 22 52 79 27 31
leaf_count=418 34 155 90 5984 2871 1069 1998 77 59 426 1029 34 20 49 103 533 20 2580 91 1610 21 1679 22 790 20 22 52 79 27 31
internal_value=-1.07431e-05 0.000558226 -0.00141486 0.000212172 0.00133051 0.00230171 -8.08372e-05 -0.000814102 0.000900176 -0.000713779 -0.000912761 -0.00150362 -0.00578462 -0.00404448 -0.00027618 -6.02905e-05 -0.00072032 0.00103977 0.00314058 -0.00221433 -0.00610189 -0.00124948 0.00319829 -0.00209256 -0.00291309 -0.00992028 -0.00261247 0.000535684 0.00311932 0.000947972
internal_weight=21993 15651 6342 10808 4843 1487 7982 3621 3356 485 3544 1838 103 83 1706 1603 1070 2826 246 2721 41 1735 56 2631 1021 42 979 189 110 83
internal_count=21993 15651 6342 10808 4843 1487 7982 3621 3356 485 3544 1838 103 83 1706 1603 1070 2826 246 2721 41 1735 56 2631 1021 42 979 189 110 83
is_linear=0
shrinkage=0.05


Tree=63
num_leaves=31
num_cat=0
split_feature=6 10 6 27 10 12 19 3 26 8 23 8 3 0 5 26 3 25 10 23 10 9 6 6 19 32 0 8 24 27
split_gain=6.34285 1.60917 1.09961 0.710874 0.59854 0.795799 0.643388 0.537564 0.663066 0.651758 0.6114 0.538228 0.863225 0.52977 0.693521 0.626745 0.506583 0.483626 0.475889 0.48545 0.463076 0.461684 0.940055 0.441282 0.429817 0.717043 0.4845 0.426497 0.417195 0.438553
threshold=229.37500000000003 0.8583333333333335 502.75000000000006 1.0000000180025095e-35 0.41166666666666668 0.24166666666666672 0.27509291351429782 54.125000000000007 -0.043333333333333307 197.62500000000003 0.53624232193783661 257.62500000000006 99.875000000000014 18.811250686645511 272.14727783203131 -0.053333333333333316 59.625000000000007 0.83166666666666678 -0.97499999999999998 0.31227846463583847 1.4683333333333335 490.38520812988287 439.87500000000006 419.62500000000006 0.2930326344304291 2.5000000000000004 17.973750114440922 312.75000000000006 -0.91166666666666651 0.56500000000000017
decision_type=2 2 2 2 2 2 2 2 2 2 2 2 2 2 2 2 2 2 2 2 2 2 2 2 2 2 2 2 2 2
left_child=1 3 7 -1 5 18 -7 9 10 -2 11 13 23 15 -15 16 -9 -11 -4 -20 -3 22 -18 -13 -10 26 -26 -14 29 -21
right_child=2 20 4 -5 -6 6 -8 8 24 17 -12 12 27 14 -16 -17 21 -19 19 28 -22 -23 -24 -25 25 -27 -28 -29 -30 -31
leaf_value=4.5448600896495305e-05 -0.0013483387147819516 0.0015189609645914705 -0.004628538586465376 0.00085962538400748275 -0.010721482736989855 0.0092320516090174873 -0.0018035359401255846 0.006428761134156958 -0.00026604464507528621 -0.0022712325601763018 0.0022898191753774884 -0.014741908657985428 0.00027309049210334953 -0.0024498130915000934 -0.012540723713824437 -0.0067656270081275401 -0.00058176480103949355 -0.010470144326848511 -0.0061139321364664838 -0.0022548316370226166 0.0066880355546758939 -0.0036968451351500477 0.0074204298769828024 -0.0054238491519181817 0.0024851919709572732 -0.00050488600043297599 0.008694848839848026 -0.0060841545431374964 -0.0010078507466561276 -0.0086853503965324281
leaf_weight=8942 1114 2836 182 3829 20 28 25 28 1044 37 100 24 74 90 21 38 350 35 69 1472 44 91 41 27 208 221 37 41 898 27
leaf_count=8942 1114 2836 182 3829 20 28 25 28 1044 37 100 24 74 90 21 38 350 35 69 1472 44 91 41 27 208 221 37 41 898 27
internal_value=-1.02059e-05 0.000530315 -0.00134412 0.000289555 -0.00210362 -0.0020398 0.00402659 -0.000773397 -0.000348226 -0.00164632 -0.00140241 -0.00184995 -0.00439453 -0.00120898 -0.0043589 -0.000570952 -0.000109388 -0.00625681 -0.00216122 -0.00197913 0.00159793 -0.000489197 0.00025734 -0.00980882 0.000297549 0.00156019 0.00342298 -0.00199341 -0.0018601 -0.00237066
internal_weight=21993 15651 6342 12771 2721 2701 53 3621 2435 1186 925 825 166 659 111 548 510 72 2648 2466 2880 482 391 51 1510 466 245 115 2397 1499
internal_count=21993 15651 6342 12771 2721 2701 53 3621 2435 1186 925 825 166 659 111 548 510 72 2648 2466 2880 482 391 51 1510 466 245 115 2397 1499
is_linear=0
shrinkage=0.05


Tree=64
num_leaves=31
num_cat=0
split_feature=6 28 22 0 3 19 4 9 20 7 34 28 2 5 2 9 9 3 1 9 29 18 18 4 27 15 27 17 0 2
split_gain=5.7879 1.40817 1.37004 1.14474 0.908755 0.798749 0.690871 0.673797 0.611738 0.599725 0.688596 0.620133 0.587872 0.569229 0.543969 1.0178 0.616884 0.537346 0.703344 0.485684 0.4733 0.678565 0.548597 0.570849 0.540206 0.599026 0.498429 0.523316 0.463915 0.454132
threshold=160.87500000000003 14.500000000000002 0.48772569444444452 17.667500495910648 99.625000000000014 0.21218400685089117 26.695857048034672 232.64605712890628 -0.53499999999999981 16.125000000000004 0.60355339059327384 12.500000000000002 1018.8801269531251 88.563354492187514 1005.7316894531251 401.03370666503912 511.37800598144537 27.625000000000004 57.216363906860359 14.90488910675049 4.5000000000000009 -0.21583333333333329 -0.45677083333333329 22.033517837524418 0.4883333333333334 0.19172583627378717 -0.34833333333333322 -0.23166666666666666 18.873750686645511 1007.4965820312501
decision_type=2 2 2 2 2 2 2 2 2 2 2 2 2 2 2 2 2 2 2 2 2 2 2 2 2 2 2 2 2 2
left_child=2 3 8 4 7 9 -3 13 -1 10 -4 -11 14 -2 15 28 -17 -9 -19 -6 21 26 23 -22 25 -24 -20 -28 -5 -16
right_child=1 6 5 12 19 -7 -8 17 -10 11 -12 -13 -14 -15 29 16 -18 18 20 -21 22 -23 24 -25 -26 -27 27 -29 -30 -31
leaf_value=0.0018053033872241797 -0.010260488818688639 -0.00025141379852294316 0.001578231337971274 -0.0047356328747879999 -0.0031063752000015802 0.0027402875012582533 0.0027664885545725625 -0.002572495373537102 5.1531667817987072e-05 -0.0022674686248192856 0.00038895069218653091 0.0025386104545719315 -0.0042097987903787588 -0.0029267579056700349 0.001554115104123152 0.0048946728822416991 -0.0038489774984514554 -0.005385247569479122 0.0036333902428547539 0.00058004873357441356 0.0013867074273912294 -0.00042872638129373594 -0.00047571114947091348 0.011018060761503877 -0.0078607893350999807 0.004084706699077581 -0.0033346573701980558 -0.010660255229469904 -0.013500534930628623 -0.0019467982300774055
leaf_weight=531 29 1504 2928 26 98 699 217 499 7819 264 2083 90 362 302 98 26 90 76 21 1012 40 813 319 25 20 93 153 29 36 1691
leaf_count=531 29 1504 2928 26 98 699 217 499 7819 264 2083 90 362 302 98 26 90 76 21 1012 40 813 319 25 20 93 153 29 36 1691
internal_value=-9.69564e-06 -0.0011283 0.000578473 -0.0014977 -0.000929889 0.00115049 0.000129112 -0.0014734 0.000163059 0.000943357 0.00108386 -0.00104558 -0.00235808 -0.00356929 -0.0020173 -0.00465333 -0.00188919 -0.00114115 -0.000691663 0.000254581 -0.000455898 -0.00107441 0.000808511 0.00509107 0.000164144 0.000553704 -0.00366034 -0.00450192 -0.00982493 -0.00175502
internal_weight=21993 7579 14414 5858 3529 6064 1721 2419 8350 5365 5011 354 2329 331 1967 178 116 2088 1589 1110 1513 1016 497 65 432 412 203 182 62 1789
internal_count=21993 7579 14414 5858 3529 6064 1721 2419 8350 5365 5011 354 2329 331 1967 178 116 2088 1589 1110 1513 1016 497 65 432 412 203 182 62 1789
is_linear=0
shrinkage=0.05


Tree=65
num_leaves=31
num_cat=0
split_feature=14 25 33 27 11 28 8 28 9 1 33 28 9 16 23 9 28 17 2 0 13 2 18 4 36 1 1 9 9 8
split_gain=5.42729 1.53888 0.97474 1.16248 0.84712 0.686778 0.797809 0.558797 0.530056 0.56957 0.508992 0.524179 0.519948 0.504476 0.467936 0.465994 0.646778 0.448363 0.449422 0.484502 0.50426 0.768306 0.736641 0.70993 0.468564 0.441916 0.431172 0.493579 0.529154 0.619787
threshold=0.067916666666666667 1.2950000000000002 -0.60355339059327362 0.14750000000000016 -0.62166666666666648 16.500000000000004 88.125000000000014 12.500000000000002 401.03370666503912 67.252098083496108 -0.37940952255126059 18.500000000000004 296.13528442382818 -0.83499999999999985 0.33582639331712943 45.180799484252937 11.500000000000002 -0.52166666666666661 1003.3361816406251 17.098750114440922 -0.16166666666666665 1007.8292846679689 0.2412500000000001 32.242292404174812 1.0000000180025095e-35 66.226615905761733 69.933559417724624 138.68862152099612 445.23121643066412 178.62500000000003
decision_type=2 2 2 2 2 2 2 2 2 2 2 2 2 2 2 2 2 2 2 2 2 2 2 2 2 2 2 2 2 2
left_child=4 2 5 15 -1 6 -2 13 9 -5 11 25 -12 -6 -10 -4 -17 -15 24 20 21 -20 -23 -22 -19 -3 -21 -28 -29 -30
right_child=1 10 3 8 7 -7 -8 -9 14 -11 12 -13 -14 17 -16 16 -18 18 19 26 23 22 -24 -25 -26 -27 27 28 29 -31
leaf_value=-0.0024209407669866382 0.0045038616415577935 0.0070694959331904688 0.00019393688186680215 0.0051646363870848132 -0.0069231600771376568 0.00051739326067564383 0.00099612209385233075 -0.00026605654699585977 -0.01367945588592972 -0.0031156826441483053 0.0011221345159201633 0.0010171580206879925 -0.0016943483258169613 0.0040803449141094466 -0.0035552095118910076 -0.00092536126577774072 0.0018738978732954306 -0.006434287909757007 0.0089418158100410695 -0.0036677612756994779 -0.0019695734211099677 0.0010127679597213622 -0.0079360201116651288 0.0060942935877768651 0.00027177164054198845 0.0026561010527282845 0.0043955091892608576 -0.0041095614458864669 -0.0015878015024113241 0.0038065480729860685
leaf_weight=1576 248 62 6829 23 43 3648 468 1429 21 214 1938 580 179 36 25 2007 230 88 28 307 464 287 25 29 37 666 35 165 344 63
leaf_count=1576 248 62 6829 23 43 3648 468 1429 21 214 1938 580 179 36 25 2007 230 88 28 307 464 287 25 29 37 666 35 165 344 63
internal_value=-6.35492e-06 0.00041506 0.000178274 -0.000109737 -0.00146362 0.000795278 0.00221109 -0.00101725 -0.00326544 -0.00231211 0.0013631 0.00213855 0.000883991 -0.00156746 -0.00817715 -1.12297e-05 -0.000637552 -0.00144676 -0.00155305 -0.00134582 -0.000473605 0.00100775 0.000295718 -0.00149523 -0.00444929 0.00303197 -0.00214073 -0.00136841 -0.0017211 -0.000752804
internal_weight=22094 17138 13713 9349 4956 4364 716 3380 283 237 3425 1308 2117 1951 46 9066 2237 1908 1872 1747 833 340 312 493 125 728 914 607 572 407
internal_count=22094 17138 13713 9349 4956 4364 716 3380 283 237 3425 1308 2117 1951 46 9066 2237 1908 1872 1747 833 340 312 493 125 728 914 607 572 407
is_linear=0
shrinkage=0.05


Tree=66
num_leaves=31
num_cat=0
split_feature=14 32 33 27 28 17 21 26 34 26 26 33 26 18 0 5 31 2 7 0 23 2 22 24 7 6 20 22 5 15
split_gain=4.89813 1.46853 0.781497 0.799258 0.771468 0.660039 0.575692 0.573435 0.697873 0.577908 0.536452 0.496918 0.4894 0.558816 0.747331 0.640953 0.777669 0.567167 0.568584 0.545137 0.517536 0.478475 0.466837 0.664618 0.730705 0.872697 0.495706 0.732764 0.5779 0.488104
threshold=0.067916666666666667 1.5000000000000002 -0.60355339059327362 0.15666666666666682 13.500000000000002 -0.29833333333333328 -0.18166666666666662 -0.056666666666666664 0.37940952255126048 -0.22166666666666668 -0.36166666666666658 -0.37940952255126059 0.46166666666666673 0.085000000000000089 9.6612496376037615 233.22824859619143 1.0000000180025095e-35 1003.644012451172 26.125000000000004 18.167500495910648 0.38565290452278139 1021.1699523925782 0.14112847222222225 -0.67499999999999993 486.37500000000006 620.12500000000011 -0.72499999999999998 0.091562500000000005 210.8977966308594 0.1742483827673755
decision_type=2 2 2 2 2 2 2 2 2 2 2 2 2 2 2 2 2 2 2 2 2 2 2 2 2 2 2 2 2 2
left_child=4 7 -3 -4 5 -1 -7 9 -9 -2 -6 -11 13 14 21 16 22 -15 -19 -20 -17 -8 26 24 25 -24 -16 28 -28 -29
right_child=1 2 3 -5 10 6 12 8 -10 11 -12 -13 -14 17 15 20 -18 18 19 -21 -22 -23 23 -25 -26 -27 27 29 -30 -31
leaf_value=-0.002606393691820693 0.0053816494241657083 0.00067790494734052049 -9.7824094431379346e-05 -0.0031662680620408766 0.0071025274208058493 -0.0072100908779807824 0.0079176687449216843 0.0018033681819199206 0.00053500888486028477 0.0015318322884548057 -0.00058983461691826129 -0.002146446987882663 -0.006473778736800319 -0.0059039306145132293 0.003429673260279742 -0.0055452792224437632 -0.0069832203336497494 -0.0093962463634935309 -0.00037564026577971134 -0.0033966663840107633 -0.0010760679711419464 -0.00082436391191246605 0.0036955035315189935 -0.0026589396921004736 -0.0033769796332043991 0.014781336151063444 -0.00099746765836722547 -0.0027303504828137884 0.0080436873040162036 -0.012345129590142858
leaf_weight=1484 38 3931 8007 218 23 39 45 2688 1818 131 1555 307 41 80 64 89 33 22 523 209 238 24 158 51 31 20 152 33 20 22
leaf_count=1484 38 3931 8007 218 23 39 45 2688 1818 131 1555 307 41 80 64 89 33 22 523 209 238 24 158 51 31 20 152 33 20 22
internal_value=-6.03717e-06 0.000394307 9.80027e-05 -0.000179152 -0.00139044 -0.00181681 -0.00119815 0.00111728 0.00129163 -0.000533165 -0.000477715 -0.00104632 -0.00107175 -0.000949657 -0.000140084 -0.00052008 0.000472331 -0.00190095 -0.00147623 -0.0012382 -0.00229246 0.00487696 0.000918852 0.00245855 0.00370732 0.0049411 -0.000456827 -0.00155258 5.38294e-05 -0.00657626
internal_weight=22094 17138 12156 8225 4956 3378 1894 4982 4506 476 1578 438 1855 1814 980 911 584 834 754 732 327 69 551 260 209 178 291 227 172 55
internal_count=22094 17138 12156 8225 4956 3378 1894 4982 4506 476 1578 438 1855 1814 980 911 584 834 754 732 327 69 551 260 209 178 291 227 172 55
is_linear=0
shrinkage=0.05


Tree=67
num_leaves=31
num_cat=0
split_feature=6 25 3 19 34 17 4 2 19 8 15 24 2 22 8 7 32 7 34 28 5 17 15 18 18 20 27 27 28 22
split_gain=4.45963 1.24772 1.18375 0.892556 0.748736 0.720546 0.649675 0.563456 0.562341 0.732938 0.822116 0.806828 0.622976 0.565555 0.58652 0.554373 0.571399 0.545372 0.579969 0.528512 0.511895 0.511415 0.498267 0.504222 0.493223 1.00138 0.936037 0.508858 0.481561 0.466829
threshold=184.12500000000003 0.87333333333333341 89.875000000000014 0.20075032740769072 -0.60355339059327384 0.17833333333333337 29.269655227661136 1022.0255737304689 0.26525559791123632 291.25000000000006 0.12574960401033361 -0.80166666666666664 1011.4349060058595 0.38420138888888894 139.12500000000003 137.12500000000003 1.5000000000000002 16.125000000000004 0.60355339059327384 13.500000000000002 234.99423980712893 -0.10833333333333332 0.16470933994370629 -0.56645833333333317 0.085000000000000089 -0.17833333333333332 -0.24833333333333335 -0.19333333333333325 12.500000000000002 0.14942708333333338
decision_type=2 2 2 2 2 2 2 2 2 2 2 2 2 2 2 2 2 2 2 2 2 2 2 2 2 2 2 2 2 2
left_child=1 -1 4 17 6 7 15 8 13 10 -10 12 21 22 -15 16 -2 18 -3 -19 -16 -12 29 -24 26 -26 -8 -27 -17 -4
right_child=2 3 5 -5 -6 -7 24 -9 9 -11 11 -13 -14 14 20 28 -18 19 -20 -21 -22 -23 23 -25 25 27 -28 -29 -30 -31
leaf_value=-1.2941572377212606e-05 -9.6982791652216723e-05 0.0012537667798173452 -0.0011654659965849902 0.0021194473668269347 -0.00060732561390069734 0.00060924915041893606 0.008181566558778287 -0.0032373011644132085 -0.0011555022115985684 -0.0037543989400609006 0.0086119184724804832 0.0080247540249895888 -0.0015785644604105844 0.0023245672966974479 -0.010535381121074106 -0.0027650553122135139 -0.0072521722707010452 -0.0015020699093229507 0.00029191909330860408 0.0028321124360818103 -0.0018872708552018077 0.00071459587027386919 0.0019146361882321355 -0.0043122618914445401 -0.0076011409619980951 0.0056361028451867631 -0.00013053170957115829 -0.0016332614558665186 -0.0013094448047893585 0.0019674303435469761
leaf_weight=6823 38 3391 343 1274 1406 1329 40 235 151 73 41 71 78 21 44 1330 105 461 2914 83 28 41 41 157 59 33 221 89 992 182
leaf_count=6823 38 3391 343 1274 1406 1329 40 235 151 73 41 71 78 21 44 1330 105 461 2914 83 28 41 41 157 59 33 221 89 992 182
internal_value=-5.73531e-06 0.000485525 -0.00103293 0.000904218 -0.0015546 -0.000239295 -0.00201275 -0.00098811 -0.000572248 0.000836186 0.00171344 0.00358882 0.00162037 -0.00135759 -0.00502779 -0.00232927 -0.00535079 0.00067817 0.000809227 -0.000840788 -0.00717223 0.00466326 -0.000885488 -0.00302285 -0.000247559 -0.00225324 0.00114335 0.000333042 -0.00214319 -7.93953e-05
internal_weight=22094 14946 7148 8123 4313 2835 2907 1506 1271 455 382 231 160 816 93 2465 143 6849 6305 544 72 82 723 198 442 181 261 122 2322 525
internal_count=22094 14946 7148 8123 4313 2835 2907 1506 1271 455 382 231 160 816 93 2465 143 6849 6305 544 72 82 723 198 442 181 261 122 2322 525
is_linear=0
shrinkage=0.05


Tree=68
num_leaves=31
num_cat=0
split_feature=6 25 3 20 9 17 16 17 4 7 34 9 2 19 8 9 21 5 7 25 28 10 4 19 9 8 21 20 6 28
split_gain=4.02482 1.12607 1.06833 0.813545 0.810671 0.743342 0.702877 0.650293 0.629357 0.602648 0.568281 0.545375 0.508519 0.507513 0.661476 0.78289 0.534439 0.497379 0.54941 0.491832 0.475244 0.435741 0.871593 0.415494 0.404686 0.433622 0.401107 0.399409 0.383801 0.383162
threshold=184.12500000000003 0.87333333333333341 89.875000000000014 0.23500000000000001 210.83599090576175 0.55833333333333346 -0.94166666666666654 0.17833333333333337 29.269655227661136 17.875000000000004 0.37940952255126048 161.83509826660159 1022.0255737304689 0.26525559791123632 291.25000000000006 632.21081542968761 0.26500000000000007 272.14727783203131 339.87500000000006 0.83166666666666678 14.500000000000002 0.048333333333333346 18.787814140319828 0.27509291351429782 142.50413513183597 226.12500000000003 0.45833333333333343 -0.85833333333333328 24.875000000000004 12.500000000000002
decision_type=2 2 2 2 2 2 2 2 2 2 2 2 2 2 2 2 2 2 2 2 2 2 2 2 2 2 2 2 2 2
left_child=1 -1 4 11 5 8 -6 12 19 10 28 -3 13 26 15 16 -15 18 -18 23 -11 22 -9 -2 -24 -26 -4 -23 -5 -30
right_child=2 3 7 9 6 -7 -8 21 -10 20 -12 -13 -14 14 -16 -17 17 -19 -20 -21 -22 27 24 -25 25 -27 -28 -29 29 -31
leaf_value=-1.2294496112942182e-05 -0.0052308868907857686 0.0015586466539583765 -0.0010095170550619044 0.001733344046320223 -0.0031776390744624721 -0.011343552476859519 -0.0011066016725368648 -0.0010678273080435546 0.0039939747173339127 -0.0015225843936851283 0.00039023122149787316 0.0043473105587663943 -0.0030754361084186811 0.00050318501330161042 -0.0035666789486366391 -0.0035647246800553909 0.0040866764129001178 -0.0022384653131113106 0.011698459036027392 -0.011297859664520493 0.0036174726059543904 0.0032397462460212415 0.0012958351580891758 0.0023704015659168367 0.0044125042802251472 0.012360801731119864 -0.0056755676908639488 -6.7382068387551237e-05 -0.00017807612211511955 0.0018951407709806322
leaf_weight=6823 64 748 767 1927 461 35 3680 79 25 447 3727 229 235 155 73 61 113 23 30 23 50 100 32 25 37 32 49 1049 658 337
leaf_count=6823 64 748 767 1927 461 35 3680 79 25 447 3727 229 235 155 73 61 113 23 30 23 50 100 32 25 37 32 49 1049 658 337
internal_value=-5.44855e-06 0.000461249 -0.000981283 0.000859007 -0.00147687 -0.00484036 -0.00133716 -0.00022733 -0.00317896 0.000673987 0.000799524 0.00221228 -0.000938704 -0.000543636 0.000794377 0.00162777 0.00261451 0.00458592 0.00568355 -0.00478007 -0.00100548 0.000578787 0.0028662 -0.00309569 0.00594332 0.00809867 -0.00128971 0.000220445 0.00132158 0.000524109
internal_weight=22094 14946 7148 8123 4313 172 4141 2835 137 7146 6649 977 1506 1271 455 382 321 166 143 112 497 1329 180 89 101 69 816 1149 2922 995
internal_count=22094 14946 7148 8123 4313 172 4141 2835 137 7146 6649 977 1506 1271 455 382 321 166 143 112 497 1329 180 89 101 69 816 1149 2922 995
is_linear=0
shrinkage=0.05


Tree=69
num_leaves=31
num_cat=0
split_feature=6 25 11 33 28 3 7 3 7 25 28 2 26 24 0 8 23 8 15 27 31 18 29 10 16 27 22 6 15 14
split_gain=3.63633 1.09721 0.915321 0.724074 0.768257 0.6667 0.739162 0.548367 0.531237 0.506934 0.65249 0.575962 0.814764 0.549023 0.60465 0.512163 0.440623 0.41821 0.416612 0.432785 0.393319 0.609294 0.549012 0.497467 0.433587 0.406273 0.621242 0.434309 0.397719 0.373064
threshold=208.37500000000003 1.2950000000000002 -0.62166666666666648 -0.78656609248549303 16.500000000000004 89.875000000000014 137.12500000000003 91.875000000000014 24.375000000000004 0.74833333333333341 12.500000000000002 1014.7254638671876 -0.13833333333333334 -0.96166666666666656 18.098750114440922 302.12500000000006 0.38565290452278139 189.12500000000003 0.13563294625532335 -0.20833333333333334 1.0000000180025095e-35 -0.094895833333333388 5.5000000000000009 0.025000000000000005 0.34166666666666673 -0.28499999999999986 0.41258680555555566 377.12500000000006 0.21048774685359184 -0.69791666666666663
decision_type=2 2 2 2 2 2 2 2 2 2 2 2 2 2 2 2 2 2 2 2 2 2 2 2 2 2 2 2 2 2
left_child=1 3 -2 4 -1 6 -4 17 -5 10 13 12 -12 -9 15 16 -15 -7 19 -3 22 -22 25 -24 -23 26 28 -28 -11 -8
right_child=2 18 5 8 -6 7 29 9 -10 20 11 -13 -14 14 -16 -17 -18 -19 -20 -21 21 24 23 -25 -26 -27 27 -29 -30 -31
leaf_value=0.0034092175434427283 -0.0020290972725865342 -0.0034711392110158856 -0.0035660548567600352 9.5682314660254392e-05 0.00061802101972290198 0.0014491593405762887 0.0051927735861390829 -0.00038497666078432719 -0.0012309635815019688 0.0029520424668920565 0.0091890856103204639 -0.0020326736173040174 0.00088955109466138077 -0.006948371945793042 -0.0062206997314837482 0.00302396942180084 -0.0012277179881105271 0.009352179849520326 0.0037204407476845677 0.0011723594725502244 0.0045415266009513292 -0.0097021181155772258 0.010374204277132567 0.0021908825309947134 -0.00078634994616732015 9.8803018147477237e-05 0.0028415020188373146 0.011307898118060881 -0.0056130396090852824 -0.00094414649650696823
leaf_weight=271 1576 51 285 8208 2730 47 25 274 831 33 34 137 227 50 121 44 103 26 159 3117 20 30 26 65 25 871 33 28 23 2624
leaf_count=271 1576 51 285 8208 2730 47 25 274 831 33 34 137 227 50 121 44 103 26 159 3117 20 30 26 65 25 871 33 28 23 2624
internal_value=-5.17612e-06 0.000419229 -0.000974677 0.000197137 0.000870075 -0.000652067 -0.00114654 2.32353e-06 -2.62828e-05 -0.000142778 -0.000972855 0.000592665 0.00197072 -0.00202535 -0.00343875 -0.00173005 -0.00309721 0.00426393 0.00122295 0.00109761 0.000569333 -0.00293189 0.000812699 0.00452897 -0.0056495 0.000470411 0.00323682 0.00672772 -0.000565759 -0.000886229
internal_weight=22094 15367 6727 12040 3001 5151 2934 2217 9039 2144 990 398 261 592 318 197 153 73 3327 3168 1154 75 1079 91 55 988 117 61 56 2649
internal_count=22094 15367 6727 12040 3001 5151 2934 2217 9039 2144 990 398 261 592 318 197 153 73 3327 3168 1154 75 1079 91 55 988 117 61 56 2649
is_linear=0
shrinkage=0.05


Tree=70
num_leaves=31
num_cat=0
split_feature=6 34 28 6 28 0 28 4 26 5 2 27 3 4 27 9 21 21 25 19 2 25 19 2 3 1 5 0 19 3
split_gain=3.25669 0.972698 0.873053 1.15177 0.843128 0.766047 0.671744 0.607123 1.22022 0.614221 0.520772 0.51315 0.488745 0.706284 0.445294 0.454915 0.434788 0.589271 0.466508 0.473169 0.408035 0.394485 0.37894 0.384256 0.383737 0.691263 0.45402 0.573203 0.407693 0.372584
threshold=160.87500000000003 0.37940952255126048 13.500000000000002 9.1250000000000018 14.500000000000002 17.423750877380375 16.500000000000004 23.24157810211182 -0.21166666666666667 264.28956604003912 1018.8801269531251 -0.47833333333333322 98.375000000000014 33.782026290893562 -0.34833333333333322 404.45620727539068 0.64833333333333343 0.44833333333333336 0.82166666666666677 0.43809298416124748 1011.8374633789064 1.5016666666666669 0.42243318011100905 1001.5091857910157 45.125000000000007 67.970493316650405 231.50811004638675 12.211249828338625 0.30888418789735156 99.625000000000014
decision_type=2 2 2 2 2 2 2 2 2 2 2 2 2 2 2 2 2 2 2 2 2 2 2 2 2 2 2 2 2 2
left_child=1 2 3 -1 5 7 -4 29 9 11 16 -9 13 -5 15 -10 17 -7 19 -19 -6 -8 23 -16 -25 26 27 -26 -27 -2
right_child=4 -3 6 12 20 10 21 8 14 -11 -12 -13 -14 -15 22 -17 -18 18 -20 -21 -22 -23 -24 24 25 28 -28 -29 -30 -31
leaf_value=0.0017906152531970828 -0.0016197953064179876 8.1265338868645237e-05 0.0027696065106068419 -0.00094181321573315346 0.00094093470687783712 -0.0012960686050503189 0.00093834334507386153 -0.0051396926259621983 0.0074083420822717017 0.0085697149891140207 -0.0034912589780272778 0.0038375460320868374 0.00027883032687071158 -0.008008644795296966 -0.0028992247581284621 -0.00021004381299906868 0.0051997344504343349 -0.0065439372268356099 0.0019712793998993361 0.00041743147453720067 -0.00059740474934500765 0.0042462996126677683 0.0054477176386862995 -0.0021240073345225852 0.0024282404332466069 -1.9698114522199571e-05 0.0012189394826742097 0.014255697084590794 -0.0054671399655588275 -0.00023045501079625299
leaf_weight=939 1447 8291 786 796 815 1824 2187 20 36 56 387 78 1376 37 177 43 24 131 26 30 915 94 25 220 21 479 54 20 37 724
leaf_count=939 1447 8291 786 796 815 1824 2187 20 36 56 387 78 1376 37 177 43 24 131 26 30 915 94 25 220 21 479 54 20 37 724
internal_value=-3.31194e-06 0.000435754 0.000908652 0.000323715 -0.000842565 -0.00112894 0.00150904 -0.000649004 0.000221221 0.00439246 -0.00181001 0.00200546 -0.000299834 -0.00125571 -0.00035645 0.00326163 -0.00149028 -0.00157012 -0.00424321 -0.00524679 0.000127304 0.00107466 -0.000633147 -0.000783963 -0.000333419 0.00031131 0.00423084 0.00819773 -0.000410309 -0.00115647
internal_weight=22095 14506 6215 3148 7589 5859 3067 3437 1266 154 2422 98 2209 833 1112 79 2035 2011 187 161 1730 2281 1033 1008 831 611 95 41 516 2171
internal_count=22095 14506 6215 3148 7589 5859 3067 3437 1266 154 2422 98 2209 833 1112 79 2035 2011 187 161 1730 2281 1033 1008 831 611 95 41 516 2171
is_linear=0
shrinkage=0.05


Tree=71
num_leaves=31
num_cat=0
split_feature=6 25 33 28 25 3 8 5 4 5 18 26 9 18 17 11 4 22 16 35 12 23 19 6 5 5 1 1 19 8
split_gain=2.96633 1.01326 0.885538 1.20908 0.616546 0.59796 0.63263 0.554736 0.690287 0.752469 0.971766 0.691254 0.677655 0.650916 0.706793 0.866377 0.628764 0.920965 0.886577 0.615452 0.525616 0.516158 0.480456 0.478564 0.478485 0.481581 0.460848 0.503989 0.446809 0.42127
threshold=357.87500000000006 0.88166666666666671 -0.78656609248549303 16.500000000000004 1.1816666666666669 26.875000000000004 201.12500000000003 82.321434020996108 16.395864486694339 226.5433044433594 0.32364583333333341 0.040000000000000029 221.15953063964847 0.2412500000000001 -0.57833333333333325 -0.69166666666666654 17.909492492675785 0.14692708333333337 -0.69499999999999995 0.87837969732492682 -0.80166666666666664 0.51151793055373462 0.06323786527167384 469.75000000000006 47.410375595092781 17.694865226745609 73.399303436279311 69.76007461547853 0.19603494252849638 287.25000000000006
decision_type=2 2 2 2 2 2 2 2 2 2 2 2 2 2 2 2 2 2 2 2 2 2 2 2 2 2 2 2 2 2
left_child=1 -1 3 -3 5 6 -2 16 29 12 11 23 -10 14 -14 -16 17 20 -19 -15 21 -7 -4 -11 25 -20 27 -25 -18 -9
right_child=4 2 22 -5 -6 7 -8 8 9 10 -12 -13 13 19 15 -17 28 18 24 -21 -22 -23 -24 26 -26 -27 -28 -29 -30 -31
leaf_value=-0.00010266097179233597 -0.0018601297870122564 0.0040396597766406347 0.0010094832394166912 0.00097695901308639341 -0.0053648668411187834 0.0072753692342137745 -0.0089929109361037273 -0.0011168137728140709 0.0067871793441424549 0.0025226476548179506 0.0050649673352509902 -0.0024208096970854461 -0.0026972069546900459 -0.00726475381248054 0.010473087514119765 0.0017948884808550306 -1.7817875050241128e-05 0.011045483836904169 0.0028992443899463478 0.0032186694598446289 -0.0037754071187295311 -0.0013496463925637327 0.00011181297447770641 -0.00086320760321473679 0.0070426535943988707 -0.0058715025805320372 -0.0041633563958361893 0.0035934684852645081 -0.0068058382412418727 -0.0042302272493197094
leaf_weight=8486 1089 398 2151 1693 85 22 32 789 56 155 71 471 80 42 31 398 32 25 29 21 242 82 4855 322 20 34 79 79 100 126
leaf_count=8486 1089 398 2151 1693 85 22 32 789 56 155 71 471 80 42 31 398 32 25 29 21 242 82 4855 322 20 34 79 79 100 126
internal_value=-3.14635e-06 0.000290328 0.000656923 0.00155991 -0.0011468 -0.00106581 -0.00206374 -0.000727434 -0.000426808 0.000140309 -0.000605397 -0.000969408 0.00153791 0.001024 0.0016174 0.00242198 -0.00212283 -0.0012397 0.00279108 -0.00377028 -0.00249787 0.000474876 0.000387418 0.000107144 0.00030482 -0.00183417 -0.000672862 1.47909e-05 -0.00516026 -0.00154555
internal_weight=22095 17583 9097 2091 4512 4427 1121 3306 2720 1805 1177 1106 628 572 509 429 586 454 108 63 346 104 7006 635 83 63 480 401 132 915
internal_count=22095 17583 9097 2091 4512 4427 1121 3306 2720 1805 1177 1106 628 572 509 429 586 454 108 63 346 104 7006 635 83 63 480 401 132 915
is_linear=0
shrinkage=0.05


Tree=72
num_leaves=31
num_cat=0
split_feature=6 22 28 2 15 8 27 5 10 19 0 27 22 12 1 22 0 22 19 8 2 27 23 21 10 5 2 25 10 27
split_gain=2.7168 0.87084 0.761451 0.727657 0.736327 0.613065 0.595994 0.573284 1.03135 0.89738 0.562489 0.605757 0.559732 0.642941 0.521127 0.518427 0.517152 0.617449 0.492449 0.425571 0.536027 0.683959 0.471428 0.408549 0.471959 0.394391 0.449652 0.393495 0.393246 0.664847
threshold=160.87500000000003 0.84945312500000014 12.500000000000002 1002.5975952148439 0.12009833919629838 306.12500000000006 1.0000000180025095e-35 283.21772766113287 0.59166666666666679 0.39712986493679586 18.723750114440922 0.6150000000000001 0.31126736111111114 -0.12499999999999999 73.887947082519545 0.29025173611111116 19.498750686645511 0.053281250000000009 0.23334880201488881 185.62500000000003 1021.1699523925782 0.11833333333333319 0.41342386838855466 0.018333333333333337 0.095000000000000029 253.80943298339847 1020.7424621582032 0.64166666666666672 -0.73166666666666658 -0.47833333333333322
decision_type=2 2 2 2 2 2 2 2 2 2 2 2 2 2 2 2 2 2 2 2 2 2 2 2 2 2 2 2 2 2
left_child=1 6 7 4 -4 14 -1 10 9 15 11 12 25 -14 -5 16 -9 -18 -3 -17 21 22 -21 -6 -25 26 -2 -19 -16 -30
right_child=2 18 3 5 23 -7 -8 8 -10 -11 -12 -13 13 -15 28 19 17 27 -20 20 -22 -23 -24 24 -26 -27 -28 -29 29 -31
leaf_value=2.1319348265746581e-05 0.00045692205789701727 0.00121161553260632 -0.0009912949410500005 -0.00071728543985005288 -0.0025044772902037948 -0.0053027701833921054 0.00076769402283474958 -0.0022425030988547745 -0.010100791702532898 0.010842914356007463 -0.0023171698900753416 -0.0089138650723422572 -0.0042580272135227309 -0.0011892632302898136 0.006972778883296997 -3.1340970792725221e-05 0.0072776712477207184 -0.0064763302604357413 0.0048348194465624413 0.014271479138526425 -0.00090128718875348568 0.00040255197839412306 0.0042930612689815462 0.0089199379361058883 0.0031132568788343989 -0.0021836810460891809 -0.0021025903699862796 0.0033232392999343573 -0.0083953255508095025 0.0008471869159100764
leaf_weight=8782 1053 1779 110 2138 20 63 3846 227 23 21 1206 24 215 828 25 113 36 21 99 29 34 28 20 53 103 237 205 20 20 717
leaf_count=8782 1053 1779 110 2138 20 63 3846 227 23 21 1206 24 215 828 25 113 36 21 99 29 34 28 20 53 103 237 205 20 20 717
internal_value=-2.98903e-06 0.000398035 -0.000769526 -0.000190672 0.0022178 -0.000423147 0.000248636 -0.00120287 0.000272051 0.000706614 -0.00142676 -0.00100763 -0.000932865 -0.00182185 -0.000317141 0.000303466 -0.00104142 0.00249945 0.00140262 0.00212866 0.00432758 0.00663644 0.0101987 0.00422348 0.00508604 -0.000312659 3.98314e-05 -0.00169605 0.000805572 0.000596372
internal_weight=22095 14506 7589 3249 286 2963 12628 4340 572 549 3768 2562 2538 1043 2900 528 304 77 1878 224 111 77 49 176 156 1495 1258 41 762 737
internal_count=22095 14506 7589 3249 286 2963 12628 4340 572 549 3768 2562 2538 1043 2900 528 304 77 1878 224 111 77 49 176 156 1495 1258 41 762 737
is_linear=0
shrinkage=0.05


Tree=73
num_leaves=31
num_cat=0
split_feature=6 26 28 0 4 26 5 22 27 21 18 27 9 4 15 26 28 3 9 6 26 19 23 27 35 26 7 6 3 8
split_gain=2.45191 0.793638 0.691018 0.60512 0.510159 1.06586 0.524199 0.454912 0.453209 0.402141 0.421696 0.391129 0.385118 0.355056 0.441767 0.35421 0.509394 0.341688 0.69773 0.776359 0.762123 0.541207 0.497239 0.577356 0.432641 0.529412 0.389712 0.388012 0.345143 0.611396
threshold=160.87500000000003 1.0000000180025095e-35 14.500000000000002 17.423750877380375 23.24157810211182 -0.21166666666666667 264.28956604003912 0.84945312500000014 -0.47833333333333322 0.64833333333333343 0.37072916666666683 -0.34833333333333322 404.45620727539068 27.004800796508793 0.34486712379383838 0.076666666666666716 13.500000000000002 99.625000000000014 232.64605712890628 291.25000000000006 -0.043333333333333335 0.29052116320551141 0.37228640901591975 0.10333333333333339 -1.0000000180025095e-35 0.11000000000000008 114.62500000000001 200.12500000000003 61.125000000000007 189.12500000000003
decision_type=2 2 2 2 2 2 2 2 2 2 2 2 2 2 2 2 2 2 2 2 2 2 2 2 2 2 2 2 2 2
left_child=1 7 3 4 17 6 8 -1 -6 10 -5 12 -7 14 -4 -3 -17 18 19 -2 26 24 23 27 25 -20 -21 -19 29 -23
right_child=2 15 13 9 5 11 -8 -9 -10 -11 -12 -13 -14 -15 -16 16 -18 22 21 20 -22 28 -24 -25 -26 -27 -28 -29 -30 -31
leaf_value=3.2146474725692127e-05 -0.0016991971315001139 0.00076440855401633926 3.8260143092303194e-05 -0.0015867180447289018 -0.0047876004921272404 0.006900320724821541 0.0079914586360765889 0.0010838002017480525 0.0036490535980332286 0.0048444506181112958 -0.0076528606104367446 -0.00056526088163835688 -0.00010930341553365335 0.0021802683642160891 -0.0051020122189710977 -0.00072268186676040019 0.0027137595461980126 -0.0050685301065704859 0.00029624906804486169 -0.017914554113522174 -0.0021010430702180778 -0.002521556308143338 0.00077195536925885792 -0.0073380141039489817 -0.0013016010517877274 0.0068527141866712455 -0.0081622033768023062 0.00031111709119470204 -0.0011276059783654755 -0.0090980433548490218
leaf_weight=9309 100 3370 1496 2369 20 36 56 1156 78 24 29 1033 43 191 43 135 536 43 326 20 27 134 487 42 566 34 21 152 171 48
leaf_count=9309 100 3370 1496 2369 20 36 56 1156 78 24 29 1033 43 191 43 135 536 43 326 20 27 134 487 42 566 34 21 152 171 48
internal_value=-2.83958e-06 0.000378133 -0.00073105 -0.000990308 -0.000563752 0.00023396 0.00413244 0.000148316 0.00192729 -0.00159562 -0.00166008 -0.000305938 0.00308496 0.000146984 -0.00010536 0.000973291 0.00202237 -0.00102893 -0.00147263 -0.00450205 -0.0086239 -0.00107471 -0.000142143 -0.00202048 -0.000439672 0.000915471 -0.0129194 -0.000875164 -0.00274055 -0.00425601
internal_weight=22095 14506 7589 5859 3437 1266 154 10465 98 2422 2398 1112 79 1730 1539 4041 671 2171 1447 168 68 1279 724 237 926 360 41 195 353 182
internal_count=22095 14506 7589 5859 3437 1266 154 10465 98 2422 2398 1112 79 1730 1539 4041 671 2171 1447 168 68 1279 724 237 926 360 41 195 353 182
is_linear=0
shrinkage=0.05


Tree=74
num_leaves=31
num_cat=0
split_feature=6 32 25 2 8 15 27 8 33 6 5 3 26 19 17 27 15 18 33 28 5 15 25 21 15 19 9 8 23 23
split_gain=2.22663 0.865604 0.543555 0.532923 0.773469 0.759915 0.611878 0.529674 0.498208 0.592789 0.456501 0.459806 0.457636 0.438484 0.40883 0.505912 0.48451 0.468522 0.398389 0.523879 0.388505 0.365435 0.364109 0.358586 0.409554 0.591724 0.435312 0.467234 0.640452 0.599815
threshold=357.87500000000006 1.5000000000000002 1.1816666666666669 1010.1580505371095 269.87500000000006 0.1742483827673755 0.22333333333333344 137.12500000000003 -0.60355339059327362 23.875000000000004 194.59719085693362 98.625000000000014 0.3650000000000001 0.30888418789735156 0.061666666666666675 0.14750000000000016 0.13774641220052949 0.44072916666666678 -0.37940952255126059 17.500000000000004 164.08743286132815 0.24074729335819486 1.1416666666666668 0.66166666666666674 0.34486712379383838 0.39712986493679586 328.41641235351568 226.12500000000003 0.39645648624796309 0.34565303197525959
decision_type=2 2 2 2 2 2 2 2 2 2 2 2 2 2 2 2 2 2 2 2 2 2 2 2 2 2 2 2 2 2
left_child=1 18 3 4 5 22 21 -7 -3 -10 11 -9 -12 -14 16 -16 -11 -17 19 -1 -4 -6 -2 24 26 -26 -5 -28 29 -29
right_child=2 8 20 23 6 7 -8 10 9 14 12 -13 13 -15 15 17 -18 -19 -20 -21 -22 -23 -24 -25 25 -27 27 28 -30 -31
leaf_value=0.0023038262957961199 -0.00089943543416462512 0.00046492026914267615 -0.0088042326384802933 0.00033216939411281481 -0.003775265436920831 0.0054315933424924669 -0.0099480646714988751 -0.0054705667450957183 0.00011753480285051971 2.2519832284599277e-05 0.0029018743325340017 0.0020386790858335896 -0.005665186599499601 0.0033940224230966788 -0.00073763887062987482 -0.0022940235057600906 0.0058844667804109161 -0.0089285210204252518 0.00045844432318314904 0.00063582571389319154 -0.0019862399823978197 0.0031941763698481599 0.0045453158731106674 -0.0061144942282944136 -0.0023730005238853072 -0.012140534492209554 -0.0011162229620071097 -0.0040958348694922668 -0.0042644566715543354 0.0057224580006940027
leaf_weight=843 759 4284 37 436 68 85 31 47 5267 141 246 36 34 22 2569 158 47 32 3176 1066 48 26 32 38 69 20 2157 28 258 35
leaf_count=843 759 4284 37 436 68 85 31 47 5267 141 246 36 34 22 2569 158 47 32 3176 1066 48 26 32 38 69 20 2157 28 258 35
internal_value=-2.6976e-06 0.000251566 -0.000993549 -0.000917506 -0.000104911 0.000266973 -0.00385648 0.00185931 2.7793e-05 -0.00020019 0.00107062 -0.00221354 0.00197322 -0.00210621 -0.000768041 -0.00092177 0.00148801 -0.00341141 0.00080156 0.0013724 -0.00495407 -0.00184755 -0.000679167 -0.00128786 -0.00122679 -0.00456795 -0.00112474 -0.00138108 -0.00316083 0.00135877
internal_weight=22095 17583 4512 4427 1386 1261 125 470 12498 8214 385 83 302 56 2947 2759 188 190 5085 1909 85 94 791 3041 3003 89 2914 2478 321 63
internal_count=22095 17583 4512 4427 1386 1261 125 470 12498 8214 385 83 302 56 2947 2759 188 190 5085 1909 85 94 791 3041 3003 89 2914 2478 321 63
is_linear=0
shrinkage=0.05


Tree=75
num_leaves=31
num_cat=0
split_feature=6 22 2 33 36 22 28 0 8 32 15 12 4 4 12 7 17 23 9 27 23 0 0 15 7 33 2 25 21 34
split_gain=2.47083 0.750149 0.719819 0.600277 0.548081 0.577269 0.578213 0.649371 0.5201 0.558249 0.506621 0.612328 0.49942 0.499388 0.786345 0.692496 0.578834 0.512181 0.622643 0.619447 0.607357 0.590704 0.497171 0.495342 0.469041 0.569219 0.455844 0.416839 0.41374 0.409178
threshold=291.25000000000006 0.84945312500000014 1011.4349060058595 -0.60355339059327362 -0.22252093395631442 0.2656770833333334 12.500000000000002 7.4862501621246347 6.8750000000000009 2.5000000000000004 0.34486712379383838 -0.38833333333333325 18.448049545288089 25.344450950622562 -0.19499999999999998 366.25000000000006 0.16833333333333336 0.3444103180796701 180.80277252197268 -0.073333333333333278 0.36118412430673136 12.048749446868898 19.198750495910648 0.096431706788195667 0.37500000000000006 0.78656609248549325 1003.5015563964845 0.83166666666666678 0.65500000000000014 -0.78656609248549325
decision_type=2 2 2 2 2 2 2 2 2 2 2 2 2 2 2 2 2 2 2 2 2 2 2 2 2 2 2 2 2 2
left_child=1 3 4 8 5 22 7 -7 -1 -10 -4 -12 -13 17 16 -16 -15 18 -6 29 -19 -21 23 -2 25 -5 -8 -23 -22 -20
right_child=2 -3 10 24 13 6 26 -9 9 -11 11 12 -14 14 15 -17 -18 20 19 21 28 27 -24 -25 -26 -27 -28 -29 -30 -31
leaf_value=5.8424437550797794e-05 -0.0016914420131677295 0.0011782900638274668 -0.0013556270088992805 -5.8604400828064963e-05 -0.010855703433044255 0.0033448162695599928 0.002780166893302214 -0.0048408954878834919 0.0018009125696954913 0.00033611201999657987 -0.010740832821466029 0.0037541081536222594 -0.0063128328986100067 0.00029310407800316489 0.0027417653153093253 0.011889191522546437 -0.0093674571439623846 0.0065553636511475298 0.0064152647831266923 0.00092747403541579851 -0.00013752639219187298 -0.0040898642114674056 -0.0012979539640877019 0.0034807413137228843 -0.00054826728629896247 0.0011055576290935924 -0.0021688150525679471 -0.012717471271753312 0.0065350051814069346 -0.0014214076244065332
leaf_weight=2303 68 2033 2952 5164 20 27 71 236 1340 1264 32 22 28 69 206 23 20 38 31 38 726 42 315 145 3382 1318 135 21 24 36
leaf_count=2303 68 2033 2952 5164 20 27 71 236 1340 1264 32 22 28 69 206 23 20 38 31 38 726 42 315 145 3382 1318 135 21 24 36
internal_value=-1.96048e-05 0.000277811 -0.000958154 0.000153874 -0.000289168 -0.00117022 -0.00244678 -0.00400054 0.000605792 0.00108989 -0.00146331 -0.00533995 -0.00188338 0.000389661 0.00211047 0.0036605 -0.00187781 -0.000171013 -0.002516 -0.00152318 0.000388452 -0.00399601 -3.62994e-05 0.00182953 -7.09396e-05 0.000178107 -0.000463098 -0.00696573 7.59946e-05 0.00220452
internal_weight=22129 16804 5325 14771 2291 997 469 263 4907 2604 3034 82 50 1294 318 229 89 976 188 168 788 101 528 213 9864 6482 206 63 750 67
internal_count=22129 16804 5325 14771 2291 997 469 263 4907 2604 3034 82 50 1294 318 229 89 976 188 168 788 101 528 213 9864 6482 206 63 750 67
is_linear=0
shrinkage=0.05


Tree=76
num_leaves=31
num_cat=0
split_feature=6 22 2 33 34 33 36 19 18 4 9 3 27 22 0 8 16 13 15 12 4 26 2 5 5 5 2 15 12 12
split_gain=2.22992 0.691904 0.649636 0.572369 0.778885 0.520805 0.560845 0.818055 1.31334 0.820054 1.44267 1.15734 0.611486 0.559486 0.586057 0.546252 0.524768 0.502089 0.486537 0.631423 0.450726 0.448482 0.411234 0.404508 0.775963 0.387518 0.370267 0.359307 0.488922 0.375141
threshold=291.25000000000006 0.39546875000000009 1011.4349060058595 -0.78656609248549303 -0.37940952255126015 1.0000000180025095e-35 -0.22252093395631442 0.33749098066941913 0.085000000000000089 19.87880897521973 207.51079559326175 75.125000000000014 0.036666666666666653 0.2656770833333334 7.4862501621246347 269.87500000000006 -0.60166666666666657 0.78833333333333344 0.34486712379383838 -0.38833333333333325 18.448049545288089 0.44166666666666676 1007.8292846679689 149.97371673583987 192.32940673828128 268.06503295898443 1007.0881958007814 0.14718343304525647 -0.69166666666666654 0.24166666666666672
decision_type=2 2 2 2 2 2 2 2 2 2 2 2 2 2 2 2 2 2 2 2 2 2 2 2 2 2 2 2 2 2
left_child=1 -1 5 4 -3 21 13 9 16 10 -8 25 -13 23 -15 26 -9 18 -4 -20 -21 27 -23 -7 -25 -11 -12 -2 -29 -30
right_child=2 3 17 -5 -6 6 7 8 -10 11 15 12 -14 14 -16 -17 -18 -19 19 20 -22 22 -24 24 -26 -27 -28 28 29 -31
leaf_value=-5.6879902554952402e-05 -0.00015124400858292216 0.0033643872267662359 -0.0013369709231372893 0.00035652735220557236 0.00084437840884493394 -0.0028437436896312901 -0.015369508625008167 0.013640395363402223 -0.0031413089929093773 -0.0024581322624301237 0.0021385889093723303 0.0076769934566691513 0.0010511674041201611 0.003177575401409909 -0.0045988506799311208 -0.0089529886446974207 0.0035432307896288958 0.0065058950148522855 -0.010871737234054074 0.0035664026625454428 -0.0059971912645518655 0.00037060585759934926 -0.0096474110009148722 0.010164760558982381 -0.00029236358671247441 0.0035888251521100758 -0.0019595170577037303 0.0061488501157439543 0.00059421877525985629 0.0049674888435555136
leaf_weight=8403 468 380 2933 6433 1588 123 20 31 34 154 73 75 65 27 236 23 22 20 31 22 28 21 20 20 157 32 225 57 351 57
leaf_count=8403 468 380 2933 6433 1588 123 20 31 34 154 73 75 65 27 236 23 22 20 31 22 28 21 20 20 157 32 225 57 351 57
internal_value=-1.86246e-05 0.00026392 -0.000910246 0.000584797 0.00133097 -0.00027471 -0.000923018 -3.14244e-05 0.00452872 -0.000626226 -0.00234042 0.00116684 0.00460072 -0.00211709 -0.00380051 -0.00152864 0.00944912 -0.00139015 -0.00144254 -0.00526524 -0.00178921 0.000601904 -0.00451623 -0.000641288 0.000889232 -0.0014178 -0.000955619 0.000826817 0.00181119 0.00120519
internal_weight=22129 16804 5325 8401 1968 2291 1317 754 87 667 341 326 140 563 263 321 53 3034 3014 81 50 974 41 300 177 186 298 933 465 408
internal_count=22129 16804 5325 8401 1968 2291 1317 754 87 667 341 326 140 563 263 321 53 3034 3014 81 50 974 41 300 177 186 298 933 465 408
is_linear=0
shrinkage=0.05


Tree=77
num_leaves=31
num_cat=0
split_feature=6 0 2 3 8 33 28 9 4 2 8 4 13 0 29 0 4 26 2 8 8 3 7 8 26 14 18 15 19 12
split_gain=2.02784 0.728738 0.676278 0.70373 0.767108 0.656367 0.919146 0.614621 0.532396 1.11222 0.484354 0.733321 0.50102 0.434279 0.409034 0.514071 1.13568 0.584867 0.401033 0.514062 0.389976 0.426391 0.374967 0.374003 0.365007 0.39795 0.349937 0.413426 0.525306 0.465323
threshold=350.62500000000006 12.523749828338625 1021.6281127929689 27.625000000000004 202.62500000000003 -0.78656609248549303 16.500000000000004 385.57171630859381 34.264411926269538 1005.0332336425782 275.12500000000006 20.746364593505863 -0.245 15.754999637603762 1.0000000180025095e-35 18.623750686645511 17.714307785034183 0.19333333333333341 1011.1137695312501 235.12500000000003 142.12500000000003 96.625000000000014 301.75000000000006 117.12500000000001 0.25166666666666676 -0.08458333333333333 -0.51510416666666659 0.096431706788195667 0.16924826984045091 -0.2283333333333333
decision_type=2 2 2 2 2 2 2 2 2 2 2 2 2 2 2 2 2 2 2 2 2 2 2 2 2 2 2 2 2 2
left_child=1 5 3 4 -2 6 7 23 -3 -10 14 26 13 -13 15 17 20 18 19 -5 -17 -22 -20 -1 25 -4 -12 -28 -29 -30
right_child=2 8 24 10 -6 -7 -8 -9 9 -11 11 12 -14 -15 -16 16 -18 -19 22 -21 21 -23 -24 -25 -26 -27 27 28 29 -31
leaf_value=0.0033403862647594304 -0.0016165701323263089 -0.00011782262408438817 -0.0019367200316965879 -0.0024537398948741612 -0.010149300957305565 0.00029207216162960195 0.00078935094968746113 0.0091171295414570457 -0.01188562264312701 0.0017370310180159585 -1.4250757937718715e-05 -0.0026313533075153829 -0.0037169972044491283 0.0051771160205016323 0.00015466927243434347 0.0018628029757654112 0.010373648811946624 -0.011631612493656577 -0.0081364239799874005 0.0070310254162177441 -0.0062884426301864629 0.0020153615654139273 -0.0014941417857439125 -0.0020455342090119504 -0.0093400603765621797 -0.0067018710556725151 -0.00081590206459623013 -0.012388815470815946 -0.0070661254649360978 -0.0012861783906387596
leaf_weight=308 1078 7221 414 50 27 8149 1756 43 29 31 63 24 37 69 2223 51 24 20 43 20 52 22 42 36 20 49 64 24 75 65
leaf_count=308 1078 7221 414 50 27 8149 1756 43 29 31 63 24 37 69 2223 51 24 20 43 20 52 22 42 36 20 49 64 24 75 65
internal_value=-1.76934e-05 0.000226017 -0.000957712 -0.000747936 -0.00182506 0.000496836 0.00127547 0.00348123 -0.000156796 -0.00484725 -0.000346916 -0.00191798 0.00120415 0.00316203 -8.72319e-05 -0.00174694 0.000411473 -0.00358468 -0.00254637 0.000256193 -0.00150126 -0.00381974 -0.00485436 0.00277674 -0.0027267 -0.00244102 -0.00331274 -0.00422417 -0.00555422 -0.00438258
internal_weight=22129 17573 4556 4073 1105 10292 2143 387 7281 60 2968 421 130 93 2547 324 149 175 155 70 125 74 85 344 483 463 291 228 164 140
internal_count=22129 17573 4556 4073 1105 10292 2143 387 7281 60 2968 421 130 93 2547 324 149 175 155 70 125 74 85 344 483 463 291 228 164 140
is_linear=0
shrinkage=0.05


Tree=78
num_leaves=31
num_cat=0
split_feature=6 22 2 33 28 36 19 16 1 2 22 0 27 5 9 20 28 6 13 15 12 3 21 32 7 33 26 15 26 2
split_gain=1.83134 0.633969 0.545886 0.492432 0.46487 0.503567 0.747452 0.920904 0.96606 0.848806 0.506955 0.526982 0.474805 0.506238 0.45552 0.505005 0.539965 0.446601 0.437772 0.43743 0.57994 0.432734 0.556738 0.430339 0.419512 0.503157 0.399062 0.391631 0.376206 0.372528
threshold=291.25000000000006 0.84945312500000014 1011.4349060058595 -0.60355339059327362 12.500000000000002 -0.22252093395631442 0.33749098066941913 -0.58499999999999985 71.843406677246108 1008.4173889160157 0.2656770833333334 7.4862501621246347 0.4883333333333334 331.16911315917974 113.69772338867189 -0.75166666666666659 9.5000000000000018 6.1250000000000009 0.78833333333333344 0.34486712379383838 -0.38833333333333325 96.375000000000014 0.40166666666666673 2.5000000000000004 0.37500000000000006 0.78656609248549325 0.44166666666666676 0.21676386024405983 -0.14499999999999993 1007.8292846679689
decision_type=2 2 2 2 2 2 2 2 2 2 2 2 2 2 2 2 2 2 2 2 2 2 2 2 2 2 2 2 2 2
left_child=1 3 4 17 5 10 12 9 -9 -8 -2 -12 13 14 -7 -16 -17 -1 19 -4 -21 27 -23 -19 25 -5 -6 -18 -22 -28
right_child=2 -3 18 24 26 6 7 8 -10 -11 11 -13 -14 -15 15 16 21 23 -20 20 28 22 -24 -25 -26 -27 29 -29 -30 -31
leaf_value=9.8381938631121628e-06 -0.00058139346201399654 0.0010670586725186346 -0.0012135598984007066 -6.5334655548458218e-05 0.00079811872591975205 -0.0073611649912587998 0.0022974316665733403 0.006977500598877669 -0.0082059467401863501 0.016034851709137793 0.0030283993317021269 -0.0043456848308254603 -0.008166022631339729 0.0071106766488149079 -0.0029666435228812463 -0.0010691530413964756 -0.0017076237000186335 0.001583995598578183 0.0061082434328272942 -0.01031139028228579 -0.0063061197834980223 0.0096777974332154203 0.0016853840935992888 0.00031800153586277895 -0.00052973605550716283 0.0010291897166417848 0.00040922339650846669 0.0044956423097143048 0.0023959453321165513 -0.0091256924113258722
leaf_weight=2220 300 2033 2933 5164 933 24 22 20 22 23 27 236 20 22 140 256 77 1380 20 31 23 37 53 1307 3382 1318 21 38 27 20
leaf_count=2220 300 2033 2933 5164 933 24 22 20 22 23 27 236 20 22 140 256 77 1380 20 31 23 37 53 1307 3382 1318 21 38 27 20
internal_value=-1.68087e-05 0.000239242 -0.000824824 0.000125306 -0.000242243 -0.000854749 -9.90886e-06 0.00434901 -0.000975734 0.00931878 -0.0019862 -0.00358865 -0.000578464 -0.000343918 -0.00060632 -0.000336576 0.000462143 0.00053462 -0.00126474 -0.00131366 -0.00493831 0.0023744 0.00497115 0.000968196 -7.83134e-05 0.000157218 0.00058596 0.000342151 -0.001607 -0.00424196
internal_weight=22129 16804 5325 14771 2291 1317 754 87 42 45 563 263 667 647 625 601 461 4907 3034 3014 81 205 90 2687 9864 6482 974 115 50 41
internal_count=22129 16804 5325 14771 2291 1317 754 87 42 45 563 263 667 647 625 601 461 4907 3034 3014 81 205 90 2687 9864 6482 974 115 50 41
is_linear=0
shrinkage=0.05


Tree=79
num_leaves=31
num_cat=0
split_feature=6 0 2 3 8 8 4 8 4 2 18 26 19 14 5 19 8 3 24 17 20 20 8 29 1 18 10 6 11 8
split_gain=1.67205 0.623487 0.594942 0.625913 0.980163 0.586398 0.635228 0.478725 0.47248 1.00766 0.459842 0.438585 0.43273 0.426662 0.413326 0.408139 0.635686 0.444169 0.373932 0.366502 0.470149 0.522423 0.447068 0.436505 0.424634 0.52833 0.363086 0.353566 0.35162 0.376943
threshold=350.62500000000006 12.523749828338625 1021.6281127929689 53.125000000000007 201.12500000000003 269.87500000000006 20.746364593505863 253.12500000000003 34.264411926269538 1005.0332336425782 0.1815625000000001 -0.10333333333333328 0.32676925826222925 -0.33874999999999994 232.68560028076175 0.26525559791123632 184.12500000000003 27.625000000000004 -1.1033333333333333 -0.57833333333333325 -0.72499999999999998 -0.7749999999999998 186.87500000000003 1.0000000180025095e-35 76.956684112548842 -0.17447916666666655 1.4316666666666669 676.62500000000011 0.47166666666666673 211.37500000000003
decision_type=2 2 2 2 2 2 2 2 2 2 2 2 2 2 2 2 2 2 2 2 2 2 2 2 2 2 2 2 2 2
left_child=1 10 3 4 15 18 11 12 -3 -10 13 14 -6 -1 -7 17 -17 -2 -5 -20 21 24 -23 -22 25 -21 -12 28 -25 -30
right_child=2 8 -4 5 7 6 -8 -9 9 -11 26 -13 -14 -15 -16 16 -18 -19 19 20 23 22 -24 27 -26 -27 -28 -29 29 -31
leaf_value=-0.0036798300054700426 -0.0011681942581863714 -0.00011204403013418567 -0.0025287499155222069 0.0056074055843055252 -0.0045629087158224804 -0.0087401100273172445 0.0011577641657384435 0.00060823807314805249 -0.011266758781857789 0.0016997304040893551 0.00036128968786174574 -0.001706785619506896 -0.011022262382462171 0.0025058338199036149 -0.0020712150848426281 -0.0023100129634843758 0.0051454157071808976 0.00091760680603186642 -0.0015453579503786469 0.00080480061903914562 -0.0033539402271976306 8.2192107220180341e-05 0.0072323916392211893 0.00065548913410084239 -0.0058007340264421975 0.0076030408783305083 0.0040275375951108914 -0.0061745729474794305 0.0011252528359182179 -0.0081689811195246875
leaf_weight=30 663 7221 483 33 121 52 139 34 29 31 9800 230 33 394 42 609 30 415 247 366 95 32 69 745 22 31 68 21 20 24
leaf_count=30 663 7221 483 33 121 52 139 34 29 31 9800 230 33 394 42 609 30 415 247 366 95 32 69 745 22 31 68 21 20 24
internal_value=-1.59683e-05 0.000205332 -0.000869548 -0.000672791 -0.00133402 -9.17751e-05 -0.00166978 -0.00476152 -0.000148759 -0.00456741 0.000455831 -0.00288283 -0.00594706 0.00206817 -0.00576039 -0.000958731 -0.00195999 -0.000365219 0.000336739 0.000232713 0.000540911 0.00173904 0.00496698 -0.000147515 0.000960943 0.00133565 0.000386554 0.000228547 0.000398972 -0.00394433
internal_weight=22129 17573 4556 4073 1905 2168 463 188 7281 60 10292 324 154 424 94 1717 639 1078 1705 1672 1425 520 101 905 419 397 9868 810 789 44
internal_count=22129 17573 4556 4073 1905 2168 463 188 7281 60 10292 324 154 424 94 1717 639 1078 1705 1672 1425 520 101 905 419 397 9868 810 789 44
is_linear=0
shrinkage=0.05


Tree=80
num_leaves=31
num_cat=0
split_feature=7 0 18 12 16 12 16 2 3 24 24 1 2 10 22 3 24 1 0 13 11 10 4 18 28 11 13 12 8 34
split_gain=1.47715 0.696655 0.507328 0.769025 0.519884 0.399583 0.366597 0.35732 0.414191 0.657276 0.511384 0.549124 0.780485 0.558507 0.986268 0.520342 0.496724 0.521727 0.503106 0.484495 0.754372 0.514514 0.443365 0.438368 0.424877 0.415066 0.394995 0.373426 0.441257 0.356864
threshold=282.37500000000006 12.048749446868898 0.085000000000000089 -0.17833333333333332 -0.67499999999999993 -0.82833333333333325 -0.58499999999999985 1020.3798217773439 27.625000000000004 -0.66499999999999992 -0.7649999999999999 69.76007461547853 1015.3477478027345 -0.21166666666666664 -0.019045138888888886 68.375000000000014 -0.97833333333333317 79.078273773193374 19.348750114440922 0.40166666666666673 -0.084999999999999978 0.011666666666666669 11.651355743408205 0.085000000000000089 12.500000000000002 -0.60166666666666657 0.3116666666666667 -0.36499999999999994 201.12500000000003 -0.78656609248549325
decision_type=2 2 2 2 2 2 2 2 2 2 2 2 2 2 2 2 2 2 2 2 2 2 2 2 2 2 2 2 2 2
left_child=1 2 4 -4 -1 -3 -6 8 -2 10 11 27 16 14 -14 -16 17 18 -13 21 -21 24 -18 25 -11 -12 -9 -10 -29 -7
right_child=7 5 3 -5 6 29 -8 26 9 19 23 12 13 -15 15 -17 22 -19 -20 20 -22 -23 -24 -25 -26 -27 -28 28 -30 -31
leaf_value=-0.0035290595403473291 -0.0015887055491204905 0.0045294072579902906 -0.0072499682153151796 0.00039577553970809729 0.0091150172181766152 -0.0011252230035182381 0.0024348411118469658 -0.0026908413340481878 -0.00046589466287323092 -0.0045671152495129338 -0.00089893730504340258 0.0077126066079169211 -0.00044697528960219082 -0.00010774369002319872 0.017543385803721667 0.0069613994887241949 -0.0083664646044119516 -0.0037089576009228563 0.00064614362496320365 -0.0040334955305106153 0.0067824388334494353 -0.010325535830681123 -0.00081533376863965215 -0.0032956082770531931 0.0033658292421716307 0.0051417432491568668 0.0015273906083570587 -0.0011888579712953703 -0.0063373262254799558 -8.4665455145691024e-05
leaf_weight=35 981 45 33 9715 22 921 309 466 737 86 38 48 26 38 21 26 22 28 53 38 28 31 167 27 21 113 63 119 64 7821
leaf_count=35 981 45 33 9715 22 921 309 466 737 86 38 48 26 38 21 26 22 28 53 38 28 31 167 27 21 113 63 119 64 7821
internal_value=-1.35417e-05 0.000155569 0.00043851 0.000369892 0.00226606 -0.000170101 0.00287884 -0.00099977 -0.000767901 -0.000302731 5.3384e-05 -0.000278991 0.0011983 0.00480803 0.00736693 0.0116895 -6.17077e-05 0.00233023 0.00400446 -0.00296836 0.000555083 -0.00465349 -0.0016943 0.00257234 -0.00301018 0.00362157 -0.00218848 -0.000967856 -0.00298942 -0.000194292
internal_weight=22142 18901 10114 9748 366 8787 331 3241 2712 1731 1527 1349 429 111 73 47 318 129 101 204 66 138 189 178 107 151 529 920 183 8742
internal_count=22142 18901 10114 9748 366 8787 331 3241 2712 1731 1527 1349 429 111 73 47 318 129 101 204 66 138 189 178 107 151 529 920 183 8742
is_linear=0
shrinkage=0.05


Tree=81
num_leaves=31
num_cat=0
split_feature=7 33 27 18 28 0 0 8 15 27 25 19 18 16 27 25 24 3 0 0 0 17 3 8 25 0 27 18 11 1
split_gain=1.33313 0.633965 0.588613 0.648542 0.445104 0.574301 0.408322 0.402408 0.39459 0.592865 0.359747 0.696353 0.742494 0.358618 0.34678 0.332676 0.482282 0.414517 0.506624 0.47696 0.358489 0.595351 0.345068 0.310837 0.742192 0.428098 0.393679 0.310071 0.78654 0.36622
threshold=282.37500000000006 -0.60355339059327362 0.15666666666666682 -0.56645833333333317 18.500000000000004 12.598749637603762 12.048749446868898 177.12500000000003 0.15161323838346707 -0.17249999999999993 1.0083333333333335 0.12841907209925529 0.27781250000000007 0.44166666666666671 0.32000000000000017 1.0583333333333336 -0.74833333333333318 95.375000000000014 8.4112496376037615 7.2237501144409189 9.6112494468688983 0.49166666666666675 55.625000000000007 279.50000000000006 0.83166666666666678 17.586251258850101 0.67833333333333357 -0.37187499999999996 -0.38833333333333325 67.252098083496108
decision_type=2 2 2 2 2 2 2 2 2 2 2 2 2 2 2 2 2 2 2 2 2 2 2 2 2 2 2 2 2 2
left_child=1 4 6 14 5 7 8 13 9 -3 -8 -12 -13 -1 -4 16 -10 19 -19 -17 21 -18 -21 26 25 -25 27 -5 -29 -30
right_child=-2 2 3 23 -6 -7 10 -9 15 -11 11 12 -14 -15 -16 17 20 18 -20 22 -22 -23 -24 24 -26 -27 -28 28 29 -31
leaf_value=0.0031849350985293161 -0.000949781564268567 -0.0018882278721654494 -0.00016665206931065768 -0.0076583338414572865 0.0001117758238858101 0.00030624359396464747 -0.00023882207619976034 -0.0042941285222436168 -0.0019626422981011936 0.00031139156275919401 0.0010413848118063201 -0.0027035784931519094 -0.014364965717929105 0.0013538819459502699 0.0090328457787455553 0.0030488856592478446 0.014100903548443547 -0.0017355735140756287 0.0065125434066151053 0.00048204266931861639 0.0013163956692037375 0.0031802352440233033 -0.0070342718290064389 0.0012396810814829136 -0.012190259590473337 -0.0069619532952156782 0.003494372174798234 0.0066926934450209424 0.0017259134040041653 -0.0026889200100463678
leaf_weight=342 3241 322 20 22 2789 1598 5272 28 22 6298 54 39 21 1226 21 40 26 29 52 26 23 24 37 41 24 26 37 27 54 361
leaf_count=342 3241 322 20 22 2789 1598 5272 28 22 6298 54 39 21 1226 21 40 26 29 52 26 23 24 37 41 24 26 37 27 54 361
internal_value=-1.28646e-05 0.000147791 -4.92799e-05 -0.00153615 0.00057329 0.000976283 2.73329e-05 0.00164716 0.00028203 0.000204401 -0.000298912 -0.0030778 -0.00678506 0.00175326 0.00454529 0.00212398 0.00452682 0.000883376 0.00355951 -0.00122116 0.00648255 0.00885898 -0.0039323 -0.00195733 -0.00464561 -0.00194304 -0.00146904 -0.00186483 -0.00157647 -0.00211446
internal_weight=22142 18901 12918 633 5983 3194 12285 1596 6899 6620 5386 114 60 1568 41 279 95 184 81 103 73 50 63 592 91 67 501 464 442 415
internal_count=22142 18901 12918 633 5983 3194 12285 1596 6899 6620 5386 114 60 1568 41 279 95 184 81 103 73 50 63 592 91 67 501 464 442 415
is_linear=0
shrinkage=0.05


Tree=82
num_leaves=31
num_cat=0
split_feature=7 28 32 18 1 3 11 23 11 19 10 1 13 13 32 29 2 19 18 13 27 24 14 8 2 7 2 27 2 22
split_gain=1.22171 0.666065 0.501733 0.578911 0.445529 0.438111 0.351484 0.347547 0.341601 0.313104 0.29537 0.321938 0.474504 0.404627 0.317882 0.291416 0.548754 0.887515 0.590917 0.493666 0.487644 0.486045 0.557364 0.445458 0.381726 0.388134 0.354253 0.642207 1.01044 0.82433
threshold=69.125000000000014 13.500000000000002 1.5000000000000002 0.41635416666666686 73.744075775146499 25.125000000000004 0.26166666666666671 0.20499119699099075 0.41166666666666668 0.2702049119512106 -0.45166666666666661 75.261196136474624 -0.41166666666666657 -0.2283333333333333 2.5000000000000004 5.5000000000000009 1007.6497192382814 0.1754348419355258 -0.026145833333333288 -0.5183333333333332 -0.060000000000000102 -0.84499999999999986 -0.28541666666666665 196.25000000000003 1021.0383605957032 288.62500000000006 1015.0994262695314 0.15333333333333332 1013.6346435546876 0.34881944444444452
decision_type=2 2 2 2 2 2 2 2 2 2 2 2 2 2 2 2 2 2 2 2 2 2 2 2 2 2 2 2 2 2
left_child=2 5 3 6 -3 8 -1 -6 -2 -4 -9 13 -13 -12 -15 24 18 -18 -17 -19 -20 22 -21 -22 26 -26 27 -7 29 -29
right_child=1 4 9 -5 7 15 -8 10 -10 -11 11 12 -14 14 -16 16 17 19 20 21 23 -23 -24 -25 25 -27 -28 28 -30 -31
leaf_value=0.009565624076387157 -0.0015994592152567379 -0.00028318627853081635 -5.9781735027573233e-05 0.00057410394369202314 0.0071970725548453629 -0.00054487692251596533 0.0027526160111600779 0.0055754062975157635 -0.0057923071127494469 0.00074346815008109746 0.008862302282258221 -0.0074774056300520898 0.00042786739067228024 0.0039229859539773315 -0.0011893569601869043 0.010907025706200373 -0.0041442213044949596 -0.00092333216659123236 0.0053950764762703335 0.013429517839990912 0.0026405982221202814 0.00090964330154676718 0.0025685501259027259 -0.0058756979880854494 -0.00092803302955097883 -0.0040434340314120694 0.00030289629533919996 -0.00015513556058219062 -0.011736164928491539 -0.0056483333659378097
leaf_weight=23 1023 1718 9177 4554 24 1484 107 34 51 1398 23 20 373 68 55 21 117 144 51 21 34 77 27 28 235 174 753 192 30 106
leaf_count=23 1023 1718 9177 4554 24 1484 107 34 51 1398 23 20 373 68 55 21 117 144 51 21 34 77 27 28 235 174 753 192 30 106
internal_value=-1.22214e-05 -0.000565214 0.000237221 0.000668021 0.000125705 -0.000915362 0.00395799 0.00130238 -0.00179856 4.64068e-05 0.00105548 0.000770367 2.55634e-05 0.00277521 0.00163698 -0.000643881 0.000448148 -0.000508861 0.0032049 0.00107232 0.00177354 0.00337131 0.00732022 -0.00120547 -0.00083482 -0.00225341 -0.00060862 -0.000987413 -0.00298962 -0.00210909
internal_weight=22142 6883 15259 4684 2315 4568 130 597 1074 10575 573 539 393 146 123 3494 520 386 134 269 113 125 48 62 2974 409 2565 1812 328 298
internal_count=22142 6883 15259 4684 2315 4568 130 597 1074 10575 573 539 393 146 123 3494 520 386 134 269 113 125 48 62 2974 409 2565 1812 328 298
is_linear=0
shrinkage=0.05


Tree=83
num_leaves=31
num_cat=0
split_feature=0 34 3 20 24 17 33 34 16 7 26 2 16 13 1 6 17 23 29 8 6 10 4 10 5 23 9 1 20 5
split_gain=1.12978 0.812245 0.581079 1.58718 0.59483 0.672924 0.548901 0.735868 0.491358 0.550507 0.519639 0.600559 0.46728 0.589745 0.518058 0.556681 0.44085 0.43724 0.437 0.434367 0.464314 0.432476 0.399923 0.396389 0.68751 0.392879 0.37398 0.364015 0.417775 0.363106
threshold=12.523749828338625 -0.78656609248549325 98.375000000000014 -0.14166666666666664 -0.33499999999999991 0.45166666666666672 -0.78656609248549303 -0.37940952255126015 -0.20166666666666666 439.62500000000006 -0.13833333333333334 1009.9260253906251 -0.53166666666666662 -0.6449999999999998 64.760784149169936 502.75000000000006 -0.16166666666666665 0.45963230787564674 4.5000000000000009 211.37500000000003 506.12500000000006 0.011666666666666669 25.191341400146488 -0.28499999999999998 233.22824859619143 0.37612392448034415 363.78433227539068 74.028404235839858 -0.71833333333333316 275.00447082519537
decision_type=2 2 2 2 2 2 2 2 2 2 2 2 2 2 2 2 2 2 2 2 2 2 2 2 2 2 2 2 2 2
left_child=6 2 3 4 5 8 7 26 9 18 11 -11 14 -14 16 25 -4 -17 21 20 -10 23 29 -2 -25 -16 -1 28 -20 -15
right_child=1 -3 12 -5 -6 -7 -8 -9 19 10 -12 -13 13 22 15 17 -18 -19 27 -21 -22 -23 -24 24 -26 -27 -28 -29 -30 -31
leaf_value=0.0023826930251722614 -0.0038722654164905809 -0.00012180909886354173 -2.7280943679167022e-05 -0.012822176410906739 0.0071618079324252907 -0.0091998588044329404 0.00017408924867810799 0.00062423777108672229 -0.0063907246194070295 0.0073430285235313144 -0.0013395762103292517 2.7199582184729138e-05 0.00097126443553209737 -0.0028547629321547916 -0.00033320061685073945 0.0035552577096717181 -0.0079331683134660127 -0.0017772231895287407 -5.131391471768e-05 0.0062140476220520213 0.0040034344970163978 -0.0089224682064793486 0.00070048702000349297 0.0051402006401783896 -0.0043841440288815651 0.0074393773200022734 0.0067887607344476108 0.0033903615137692109 -0.0065647332436804262 -0.0085507572628557692
leaf_weight=344 335 8466 149 31 20 28 8765 1764 21 37 967 116 187 158 21 74 20 80 83 39 22 35 64 36 40 72 56 43 35 34
leaf_count=344 335 8466 149 31 20 28 8765 1764 21 37 967 116 187 158 21 74 20 80 83 39 22 35 64 36 40 72 56 43 35 34
internal_value=-1.16103e-05 -0.000364215 -0.00111129 -0.0016018 -0.0014145 -0.00150787 0.000350157 0.0010633 -0.00138881 -0.00156837 -0.000911181 0.00179639 -3.31778e-05 -0.00116325 0.00117024 0.00262975 -0.000962889 0.000785138 -0.00278098 0.0023929 -0.00107278 -0.00358703 -0.00272245 -0.00313267 0.000127388 0.00568428 0.00299954 -0.000548069 -0.00198326 -0.00386343
internal_weight=22142 11213 2747 1888 1857 1837 10929 2164 1809 1727 1120 153 859 443 416 247 169 154 607 82 43 446 256 411 76 93 400 161 118 192
internal_count=22142 11213 2747 1888 1857 1837 10929 2164 1809 1727 1120 153 859 443 416 247 169 154 607 82 43 446 256 411 76 93 400 161 118 192
is_linear=0
shrinkage=0.05


Tree=84
num_leaves=31
num_cat=0
split_feature=7 28 3 9 25 1 12 5 0 15 26 15 2 26 25 29 1 16 29 9 28 11 13 26 19 26 15 1 5 26
split_gain=1.03343 0.594459 0.524654 0.520895 0.483582 0.481233 0.465047 0.444144 0.433762 0.392779 0.389115 0.527459 0.373926 0.322929 0.319072 0.335279 0.317245 0.404561 0.333775 0.403706 0.307772 0.303287 0.477692 0.297265 0.284412 0.367764 0.270167 0.398834 0.270361 0.262111
threshold=69.125000000000014 12.500000000000002 99.375000000000014 249.21356201171878 1.2950000000000002 73.887947082519545 -0.84833333333333327 206.25242614746097 16.017500877380375 0.10443853411188453 -0.19333333333333325 0.32845807852440395 998.63671875000011 0.083333333333333398 1.1216666666666668 1.5000000000000002 72.539558410644545 -0.33833333333333332 1.5000000000000002 169.69203186035159 9.5000000000000018 -0.245 -0.044999999999999991 -0.036666666666666507 0.35878384886117026 0.18166666666666667 0.13989910376640202 75.261196136474624 175.6418380737305 0.21666666666666656
decision_type=2 2 2 2 2 2 2 2 2 2 2 2 2 2 2 2 2 2 2 2 2 2 2 2 2 2 2 2 2 2
left_child=4 6 3 7 24 12 23 -3 14 -6 -7 26 -5 -9 21 -16 18 -18 -10 -20 -11 -4 -23 -2 -1 -26 -12 -28 -29 -14
right_child=1 2 8 5 9 10 -8 13 16 20 11 -13 29 -15 15 -17 17 -19 19 -21 -22 22 -24 -25 25 -27 27 28 -30 -31
leaf_value=7.5736893004773197e-06 9.6763349809068249e-05 -0.0077538419873095484 0.0081602513479689769 0.0039125918373564611 0.00060789168800416552 0.0065285274875350298 -0.00078240541568325498 0.00061843554287759669 0.0022839689828064026 -0.0031964835990220307 0.00037584942075454821 -0.0051815492263289561 -0.00039034029450913462 -0.0049736655202910441 -0.0038371836124309181 0.0030876534927467055 0.0086057206939743926 0.00048408019979631167 -0.0081576016974974092 -0.00090473010010706876 0.003289417382262043 -0.0019260975518537796 0.0050982513227565852 -0.0039611410094342629 0.00072927648356805241 0.0055347458049211477 0.0077117065234259437 -0.0019837292570931216 0.0031431714163368779 -0.0023299869687453257
leaf_weight=11229 59 39 39 47 2989 33 3654 67 69 20 256 33 1564 42 29 44 23 46 22 150 214 34 84 192 765 42 35 36 90 196
leaf_count=11229 59 39 39 47 2989 33 3654 67 69 20 256 33 1564 42 29 44 23 46 22 150 214 34 84 192 765 42 35 36 90 196
internal_value=-1.10298e-05 -0.000519631 1.24656e-05 -0.000299872 0.000218389 -0.000114074 -0.000925413 -0.00317472 0.00142261 0.000762331 0.00128789 0.000903572 -0.000488809 -0.00153632 0.0030678 0.000336691 0.000201988 0.00319129 -0.000653871 -0.00183242 0.00273507 0.00433768 0.00307429 -0.00300729 7.27319e-05 0.000979375 0.00138513 0.00298994 0.00167834 -0.000606346
internal_weight=22142 6883 2978 2438 15259 2290 3905 148 540 3223 483 450 1807 109 230 73 310 69 241 172 234 157 118 251 12036 807 417 161 126 1760
internal_count=22142 6883 2978 2438 15259 2290 3905 148 540 3223 483 450 1807 109 230 73 310 69 241 172 234 157 118 251 12036 807 417 161 126 1760
is_linear=0
shrinkage=0.05


Tree=85
num_leaves=31
num_cat=0
split_feature=6 23 10 12 24 22 28 33 28 26 26 19 4 18 8 26 5 22 0 23 18 26 23 11 5 5 24 1 4 17
split_gain=0.814385 0.535223 0.795426 0.523939 0.501541 0.474194 0.394574 0.383886 0.564478 0.439558 0.405969 0.441108 0.354015 0.946529 0.443423 0.334171 0.32391 0.613824 0.660922 0.742139 0.542716 0.612038 0.553809 0.539544 0.478717 0.478084 0.392472 0.388401 0.692331 0.456313
threshold=473.12500000000006 0.34093295746270857 0.2116666666666667 0.17166666666666672 -0.58166666666666655 0.10961805555555558 13.500000000000002 -0.37940952255126059 16.500000000000004 0.35166666666666674 -0.36166666666666658 0.074061723507398688 33.782026290893562 0.39906250000000015 178.62500000000003 0.10666666666666672 230.81469726562503 0.3071180555555556 15.754999637603762 0.41209590617288289 -0.21583333333333329 -0.15166666666666659 0.45658006432324211 -0.56166666666666665 215.80805969238284 245.69785308837893 -0.59166666666666656 64.760784149169936 21.901044845581058 -0.52166666666666661
decision_type=2 2 2 2 2 2 2 2 2 2 2 2 2 2 2 2 2 2 2 2 2 2 2 2 2 2 2 2 2 2
left_child=4 2 3 15 12 6 -3 8 9 -6 -9 -12 -1 14 -14 -2 17 18 -7 23 21 -21 -22 -20 -19 27 -27 29 -29 -18
right_child=1 5 -4 -5 7 16 -8 10 -10 -11 11 -13 13 -15 -16 -17 25 24 19 20 22 -23 -24 -25 -26 26 -28 28 -30 -31
leaf_value=-5.6900866664847676e-05 -0.0017957536809486696 -0.0016358617115612443 -0.011719146284546393 0.0050154045548128044 0.0020176539961074612 0.0062563854913031194 0.00018288065589185413 0.006941996565596624 0.00040677830661083058 -0.0049759836826959386 0.00067235992682619357 -0.00027711255893414212 -0.0035366983658218008 -0.011695538969555249 0.0039593636667739377 -0.0070218438198207875 -0.0016125415187530424 -0.0027476205720734274 0.0098903442988352436 0.0092845896282233303 -0.0088153889354811426 -0.00018616380206492916 -0.00027609833503997516 0.002263212466167043 0.0055492470873286948 -9.9551118356853922e-05 0.0061899714010696001 0.0061116066243913445 -0.0030172587698002141 -0.0094651750049780364
leaf_weight=10770 130 1131 24 23 970 76 405 22 2081 23 2161 2819 47 24 34 40 37 133 31 20 34 116 43 92 20 539 26 27 90 37
leaf_count=10770 130 1131 24 23 970 76 405 22 2081 23 2161 2819 47 24 34 40 37 133 31 20 34 116 43 92 20 539 26 27 90 37
internal_value=1.41419e-05 -0.000740761 -0.00313469 -0.00206719 0.000136593 -0.000558933 -0.00115631 0.000435079 0.000874815 0.00185567 0.000164837 0.000134897 -8.50687e-05 -0.00297428 -0.000390203 -0.00302542 0.00013567 0.00104133 0.00204564 0.00109321 -0.000692482 0.00120659 -0.00404669 0.0041855 -0.00166306 -0.000541183 0.000189878 -0.00270375 -0.000910598 -0.00553886
internal_weight=22025 3074 217 193 18951 2857 1536 8076 3074 993 5002 4980 10875 105 81 170 1321 565 412 336 213 136 77 123 153 756 565 191 117 74
internal_count=22025 3074 217 193 18951 2857 1536 8076 3074 993 5002 4980 10875 105 81 170 1321 565 412 336 213 136 77 123 153 756 565 191 117 74
is_linear=0
shrinkage=0.05


Tree=86
num_leaves=31
num_cat=0
split_feature=7 25 3 8 4 26 22 13 5 26 9 1 1 4 8 9 14 18 24 23 22 18 6 0 4 24 0 5 6 14
split_gain=0.77976 0.517628 0.37345 0.52103 0.448682 0.579867 0.532747 0.58623 0.479067 0.386698 0.533242 0.401851 0.37753 0.537679 0.389505 0.375213 0.369744 0.351591 0.349916 0.355424 0.32891 0.303823 0.289286 0.451696 0.483248 0.434696 0.631001 0.842973 0.507381 0.418416
threshold=85.375000000000014 1.2950000000000002 26.875000000000004 202.62500000000003 19.87880897521973 -0.21166666666666667 0.51717013888888907 -0.60166666666666657 242.65390777587893 -0.22166666666666668 189.16221618652347 56.356004714965827 80.022304534912124 10.611502170562746 174.62500000000003 430.46934509277349 0.33041666666666686 -0.21583333333333329 -1.0749999999999997 0.2015140304796337 0.19879340277777782 0.20291666666666675 511.12500000000006 23.373750686645511 14.00253200531006 -0.88166666666666649 16.386250495910648 250.28643035888675 439.87500000000006 -0.069166666666666723
decision_type=2 2 2 2 2 2 2 2 2 2 2 2 2 2 2 2 2 2 2 2 2 2 2 2 2 2 2 2 2 2
left_child=1 -1 3 -2 9 6 7 17 15 10 -4 -11 13 -12 -15 -9 -3 -6 -7 -20 -10 22 25 29 -25 26 27 28 -13 -24
right_child=2 16 4 -5 5 18 -8 8 20 11 12 21 -14 14 -16 -17 -18 -19 19 -21 -22 -23 23 24 -26 -27 -28 -29 -30 -31
leaf_value=5.6444147132049359e-05 -0.00096172495796701925 0.0053174463111314582 -0.0098467010690871156 -0.0079611287540400453 0.01144701693029631 0.0046681052475469184 0.0084931444842368375 -0.0055306435887550204 0.0086082235654993434 -0.0029472033828297803 0.0027393636888040133 0.005383595489361819 0.0047099636797793207 -0.00058801324405478991 -0.0060254327647773359 0.0010746162168161816 0.00070271131125860229 0.00258811050055859 0.0038193284092765106 -0.00019630852061885198 0.001002701885193925 -0.0013606599120532859 -0.00079130766818678129 0.0063001420641186374 -0.0008715140822459944 -0.0004353780330839775 0.00066078393505255911 -0.00053328166954046076 0.014446621072104038 -0.0066298899851972241
leaf_weight=12336 1741 44 23 27 21 40 34 43 21 152 38 47 20 53 87 43 3214 24 57 1656 44 517 747 46 48 466 338 43 23 32
leaf_count=12336 1741 44 23 27 21 40 34 43 21 152 38 47 20 53 87 43 3214 24 57 1656 44 517 747 46 48 466 338 43 23 32
internal_value=1.34348e-05 0.000204487 -0.000449833 -0.00106862 -0.000215218 0.000354962 0.00271544 0.00171319 0.000220413 -0.000637109 -0.00264053 -0.000457054 -0.00180345 -0.00253529 -0.00396698 -0.00222801 0.000765034 0.00672227 4.5259e-05 -6.26884e-05 0.00345987 -0.000292987 1.53852e-05 -0.00063607 0.00263802 0.000635582 0.00174216 0.00497673 0.00836145 -0.00103115
internal_weight=22025 15594 6431 1768 4663 1983 230 196 151 2680 221 2459 198 178 140 86 3258 45 1753 1713 65 2307 1790 873 94 917 451 113 70 779
internal_count=22025 15594 6431 1768 4663 1983 230 196 151 2680 221 2459 198 178 140 86 3258 45 1753 1713 65 2307 1790 873 94 917 451 113 70 779
is_linear=0
shrinkage=0.05


Tree=87
num_leaves=31
num_cat=0
split_feature=7 25 15 1 26 3 8 4 26 9 26 22 6 22 13 19 12 5 9 28 27 2 13 9 19 15 28 5 23 23
split_gain=0.703734 0.482018 0.38563 0.342952 0.376529 0.350077 0.478007 0.339102 0.453932 0.454733 0.434476 0.501724 0.474205 0.400238 0.411226 0.398563 0.371712 0.502873 0.434793 0.403578 0.36686 0.399236 0.366319 0.596071 0.361969 0.337047 0.370523 0.4446 0.402781 0.52913
threshold=85.375000000000014 1.4116666666666668 0.1319353788606796 56.356004714965827 0.26166666666666677 26.875000000000004 202.62500000000003 19.87880897521973 -0.22166666666666668 189.16221618652347 -0.21166666666666667 0.51717013888888907 656.12500000000011 0.086493055555555573 0.40166666666666673 0.24814268380347923 0.29166666666666669 298.52890014648443 218.23894500732425 8.5000000000000018 -0.34833333333333322 1002.7432861328126 -0.38833333333333325 340.68188476562506 0.20723029106690269 0.38145614092465735 12.500000000000002 224.77542114257815 0.20394478030531418 0.35929759251559801
decision_type=2 2 2 2 2 2 2 2 2 2 2 2 2 2 2 2 2 2 2 2 2 2 2 2 2 2 2 2 2 2
left_child=1 -1 -3 4 -2 6 -5 8 9 -7 11 12 13 -9 22 24 -10 18 -18 -20 21 -12 23 -15 -11 26 -22 -28 -29 -30
right_child=3 2 -4 5 -6 7 -8 10 16 15 20 -13 -14 14 -16 -17 17 -19 19 -21 25 -23 -24 -25 -26 -27 27 28 29 -31
leaf_value=0.00010569730625969737 -0.001428065551575214 0.00088424363291777401 0.0047419362524819654 -0.00085234653541332731 -0.0081341433423486632 -0.0093543659803285474 -0.0075630723883309495 0.0068565751447088336 -4.3412183386186632e-05 -0.0021868322161026298 0.0087155305254070659 0.0080684872590662798 0.0083762686953625896 0.0084611846343614159 0.0059221822302788496 -0.0041656797528861365 -0.0064597287105725102 -0.0077872811110644372 -0.0031652010892867111 0.0013418693041014806 -0.00066203116537486408 0.0013885414059371113 -0.0038434376861427874 -0.0024780036255833693 0.0042830737509034775 -0.0044947168274250418 0.0029805779348417347 0.006437151295055326 -0.0033877201293887314 0.0006869593477444101
leaf_weight=14157 431 1369 68 1544 22 23 27 22 2029 52 23 34 22 20 22 94 34 33 80 131 830 97 71 33 37 42 188 24 102 364
leaf_count=14157 431 1369 68 1544 22 23 27 22 2029 52 23 34 22 20 22 94 34 33 80 131 830 97 71 33 37 42 188 24 102 364
internal_value=1.2763e-05 0.000194263 0.00106679 -0.000427341 -0.00175375 -0.000326829 -0.00096768 -9.83796e-05 -0.000479145 -0.00272799 0.000406828 0.00247457 0.00147356 0.000569632 -0.000377716 -0.00189517 -0.000278338 -0.00199296 -0.0012125 -0.000366973 0.000129478 0.00279288 -0.00149544 0.00164999 0.000502904 -7.67213e-05 4.63264e-05 0.00091349 0.000120403 -0.000204923
internal_weight=22025 15594 1437 6431 453 5978 1571 4407 2513 206 1894 224 190 168 146 183 2307 278 245 211 1670 120 124 53 89 1550 1508 678 490 466
internal_count=22025 15594 1437 6431 453 5978 1571 4407 2513 206 1894 224 190 168 146 183 2307 278 245 211 1670 120 124 53 89 1550 1508 678 490 466
is_linear=0
shrinkage=0.05


Tree=88
num_leaves=31
num_cat=0
split_feature=33 9 3 33 8 0 4 24 13 0 18 18 6 9 1 3 0 8 5 8 23 3 23 9 12 10 0 15 2 15
split_gain=0.649984 0.732312 0.43156 0.410213 0.361124 0.308383 0.24386 0.357524 0.303386 0.464126 0.332698 0.743748 0.610272 0.438181 0.553095 0.487279 0.432073 0.385183 0.366938 0.775875 0.315627 0.344462 0.462075 0.50674 0.489804 0.429508 0.687401 0.407552 0.349898 0.320632
threshold=-0.60355339059327362 43.597093582153327 26.875000000000004 0.91597561503675362 202.62500000000003 3.123749971389771 19.87880897521973 -1.0749999999999997 -0.30166666666666664 8.6487498283386248 0.10677083333333344 1.0000000180025095e-35 527.87500000000011 643.26354980468761 76.956684112548842 94.375000000000014 22.586250305175785 277.75000000000006 65.228488922119155 193.37500000000003 0.37612392448034415 98.375000000000014 0.52461750430776133 189.16221618652347 -0.0083333333333333315 -0.73166666666666658 22.823750495910648 0.13989910376640202 1009.682098388672 0.1742483827673755
decision_type=2 2 2 2 2 2 2 2 2 2 2 2 2 2 2 2 2 2 2 2 2 2 2 2 2 2 2 2 2 2
left_child=5 3 4 -2 -3 -1 8 -8 9 -4 11 16 13 14 15 -13 18 -12 19 -10 -11 22 23 -22 27 -24 28 -25 -27 -26
right_child=1 2 6 -5 -6 -7 7 -9 10 20 17 12 -14 -15 -16 -17 -18 -19 -20 -21 21 -23 25 24 29 26 -28 -29 -30 -31
leaf_value=0.0018278871162202754 -1.1938834022447216e-06 -0.0011893088260698465 -0.0070994426645594301 0.0009669955765605209 -0.0073707500802508256 0.00035007496794990119 0.0049381375197963037 -1.8436505769966165e-05 -0.0016626424419002668 -0.0039981827675567962 -0.00072386193475523005 0.017595828119665386 -0.0019770118472134247 -0.00016358943306840959 0.0030961496365974504 0.0065586256980896002 0.0069301598868332804 0.0062653612322174012 -0.0012999548052247938 0.010968860079301521 -0.0092971044314953573 0.00032322003834022253 -0.0021952362957277471 -0.0013364302722466701 -0.0025338126416318118 -0.0052050477686861997 0.0084700917708687481 -0.004817745974043163 0.0016784121121600039 0.0055364055035170175
leaf_weight=375 7530 1522 33 1280 24 6021 37 2177 31 86 1373 20 29 20 30 20 20 20 297 20 26 394 105 204 20 24 32 143 80 32
leaf_count=375 7530 1522 33 1280 24 6021 37 2177 31 86 1373 20 29 20 30 20 20 20 297 20 26 394 105 204 20 24 32 143 80 32
internal_value=1.21249e-05 -0.000161636 -0.000550663 0.000139474 -0.00128527 0.00043672 -0.000335283 6.43969e-05 -0.000624558 -0.00125334 -0.000230231 0.000894703 0.00433083 0.00636335 0.00822819 0.0120772 -0.000216435 -0.000623514 -0.000627159 0.00329089 -0.001085 -0.000848643 -0.00154191 -0.00253366 -0.00209293 0.000207033 0.00206173 -0.00277109 8.99214e-05 0.00243248
internal_weight=22025 15629 6819 8810 1546 6396 5273 2214 3059 1179 1880 487 119 90 70 40 368 1393 348 51 1146 1060 666 425 399 241 136 347 104 52
internal_count=22025 15629 6819 8810 1546 6396 5273 2214 3059 1179 1880 487 119 90 70 40 368 1393 348 51 1146 1060 666 425 399 241 136 347 104 52
is_linear=0
shrinkage=0.05


Tree=89
num_leaves=31
num_cat=0
split_feature=0 1 9 20 0 22 33 22 23 26 33 34 4 8 11 18 8 18 18 12 4 3 17 23 22 19 2 1 22 13
split_gain=0.602178 0.426206 0.439606 0.408618 0.461118 0.519505 0.750295 0.589975 0.530582 0.402312 0.394251 0.626779 0.384461 0.559936 0.384596 0.364767 0.521521 0.395697 0.404571 0.697898 0.513607 0.392172 0.525538 0.686564 0.3519 0.345424 0.342584 0.341129 0.388866 0.325628
threshold=12.523749828338625 65.038372039794936 709.99658203125011 -0.72499999999999998 18.873750686645511 0.075711805555555581 0.25881904510252091 0.10961805555555558 0.41209590617288289 0.42166666666666675 -0.78656609248549303 -0.37940952255126015 34.264411926269538 175.62500000000003 -0.62166666666666648 -0.60708333333333309 180.12500000000003 -0.2638541666666665 0.085000000000000089 -0.12499999999999999 8.7086863517761248 52.125000000000007 0.39833333333333337 0.42266125085992035 0.37546875000000007 0.25750503396653546 1008.3301696777345 74.324615478515639 0.17210069444444451 -0.66833333333333322
decision_type=2 2 2 2 2 2 2 2 2 2 2 2 2 2 2 2 2 2 2 2 2 2 2 2 2 2 2 2 2 2
left_child=10 24 3 4 9 -6 7 -7 -8 -3 11 -1 14 -14 -5 16 -12 -17 20 -20 -19 -22 23 -23 -2 -4 -24 29 -29 -9
right_child=1 2 25 12 5 6 8 27 -10 -11 15 -13 13 -15 -16 17 -18 18 19 -21 21 22 26 -25 -26 -27 -28 28 -30 -31
leaf_value=0.0027360775968533436 -0.00089822632947866876 0.00017769350543156832 -0.00015221048727835296 -0.0043932180820123014 0.00032626564925068729 0.008939225033953271 0.014311420946614818 -0.0033175429545808585 0.0032845536177046595 -0.0058189757200407576 -1.2186415390008027e-05 0.00048766534515947243 -0.0083811819094366264 -0.00023209934857594869 -0.00011884009101795902 -0.0023833072835328889 0.010640471139922739 -0.0057543765776790681 -0.0048860847368736617 0.00012761495289632081 -0.00067763016525922083 0.00972002385813674 0.0040629643966288622 0.0026177694122610697 -0.0072637540076605292 -0.0029877081661558399 -0.0038395828014472499 0.0090477093866166598 0.0015088563817553223 0.0016326422806337685
leaf_weight=377 1656 787 200 53 301 29 24 50 20 29 27 1743 35 53 7453 157 20 20 70 8220 70 54 24 92 22 232 32 26 50 99
leaf_count=377 1656 787 200 53 301 29 24 50 20 29 27 1743 35 53 7453 157 20 20 70 8220 70 54 24 92 22 232 32 26 50 99
internal_value=1.15186e-05 -0.000247407 -0.000116899 -4.21864e-05 0.000737909 0.0017914 0.00327128 0.00222707 0.00929921 -3.54234e-05 0.000275501 0.000887501 -0.000187543 -0.00347321 -0.000149022 0.000127829 0.00452086 0.000104203 0.00014971 8.52797e-05 0.0019789 0.00254752 0.00366515 0.00524463 -0.000981684 -0.00167498 -0.000452777 0.00136195 0.00408794 -2.84937e-05
internal_weight=22025 11119 9441 9009 1415 599 298 254 44 816 10906 2120 7594 88 7506 8786 47 8739 8582 8290 292 272 202 146 1678 432 56 225 76 149
internal_count=22025 11119 9441 9009 1415 599 298 254 44 816 10906 2120 7594 88 7506 8786 47 8739 8582 8290 292 272 202 146 1678 432 56 225 76 149
is_linear=0
shrinkage=0.05


Tree=90
num_leaves=31
num_cat=0
split_feature=0 34 18 0 1 9 1 24 9 19 17 0 2 21 21 4 16 27 4 23 4 3 0 24 18 27 26 26 5 16
split_gain=0.559229 0.46425 0.447388 0.465154 0.451146 0.554518 0.461336 0.407878 0.40625 0.53391 0.62529 0.736585 0.684874 0.651269 0.666228 0.638693 0.526512 0.462648 0.617562 0.497265 0.470725 0.420643 0.399941 0.394823 0.389205 0.375126 0.367356 0.35866 0.343182 0.60739
threshold=12.523749828338625 -0.78656609248549325 0.085000000000000089 21.686250686645511 65.038372039794936 490.38520812988287 61.82472229003907 -0.90166666666666651 709.99658203125011 0.15134321399617098 -0.061666666666666661 22.423750877380375 1009.4691772460939 0.26500000000000007 0.44833333333333336 10.194302082061769 -0.30166666666666664 0.26500000000000012 18.622367858886722 0.38780921997557022 24.252152442932132 96.375000000000014 18.098750114440922 -0.87499999999999989 -0.27843749999999995 0.16000000000000011 -0.24833333333333327 -0.020000000000000004 86.367782592773452 -0.82166666666666655
decision_type=2 2 2 2 2 2 2 2 2 2 2 2 2 2 2 2 2 2 2 2 2 2 2 2 2 2 2 2 2 2
left_child=-1 2 4 7 5 6 -2 -4 9 -6 11 12 13 23 -15 -12 -14 18 27 20 -20 24 -8 -11 -19 26 -9 -17 29 -7
right_child=1 -3 3 -5 8 28 22 25 -10 10 15 -13 16 14 -16 17 -18 21 19 -21 -22 -23 -24 -25 -26 -27 -28 -29 -30 -31
leaf_value=0.0002683443149434157 -0.0016661040250227626 -5.0864919446529254e-05 0.00053217302510430193 -0.0094771399247375408 -0.0027466497671035732 -2.8544303777086883e-05 -0.0021751583001709414 -0.0085082106556828054 -0.0018116473102716586 0.0041659107992018107 0.0055549554067612118 0.0079056432409940862 6.181343394336033e-05 0.013093324558752957 0.0027981437247944999 -0.0054110147898680854 0.007992263256826183 -0.0021478712023683608 0.010167055582644901 -0.001430547583127781 0.0017806773111012511 -0.00085870618074152026 -0.0090368669192280836 -0.0046572575556291717 -0.010176047069641453 -0.008482963550065099 -0.001667808434681969 0.0010597148356310121 -0.0012142149862612664 0.0083767323002505775
leaf_weight=10869 130 8399 110 22 116 124 35 22 239 32 36 46 430 33 30 61 22 26 27 53 44 57 54 21 36 29 182 33 679 26
leaf_count=10869 130 8399 110 22 116 124 35 22 239 32 36 46 430 33 30 61 22 26 27 53 44 57 54 21 36 29 182 33 679 26
internal_value=1.31053e-05 -0.000235612 -0.000798839 -0.00242928 -0.00054984 -0.00132721 -0.00356491 -0.00197723 5.7224e-05 0.000462174 0.000839301 0.0018202 0.00132736 0.00475458 0.00819086 -0.000775363 0.000447809 -0.0014516 -8.28442e-05 0.0022342 0.00496986 -0.00395906 -0.00633844 0.000669938 -0.00680939 -0.00316192 -0.0024055 -0.00313938 -0.000736063 0.00142837
internal_weight=22023 11154 2755 365 2390 1048 219 343 1342 1103 987 614 568 116 63 373 452 337 218 124 71 119 89 53 62 233 204 94 829 150
internal_count=22023 11154 2755 365 2390 1048 219 343 1342 1103 987 614 568 116 63 373 452 337 218 124 71 119 89 53 62 233 204 94 829 150
is_linear=0
shrinkage=0.05


Tree=91
num_leaves=31
num_cat=0
split_feature=33 7 33 3 27 23 3 19 8 2 24 34 26 22 35 18 11 23 28 0 27 4 19 16 1 19 14 8 28 0
split_gain=0.531804 0.591317 0.571748 0.373643 0.365773 0.595801 0.39894 0.445169 0.606098 0.531164 0.456653 0.577325 0.450545 0.551524 0.624066 0.414309 0.508545 0.410369 0.323926 0.515466 0.45191 0.736984 0.40001 0.351054 0.301739 0.286394 0.351107 0.27837 0.274637 0.330685
threshold=-0.60355339059327362 0.37500000000000006 0.78656609248549325 26.875000000000004 0.15666666666666682 0.5351343055567489 41.875000000000007 0.28261047495565123 279.50000000000006 1017.4656677246095 -0.58166666666666655 -0.98296291314453399 0.21666666666666656 0.54242187500000016 -1.0000000180025095e-35 -0.14843750000000003 0.011666666666666669 0.40297204772357903 11.500000000000002 10.011250019073488 -0.22833333333333325 26.695857048034672 0.24334769598753206 0.29833333333333339 71.527667999267592 0.16924826984045091 -0.14375000000000002 151.12500000000003 19.500000000000004 3.123749971389771
decision_type=2 2 2 2 2 2 2 2 2 2 2 2 2 2 2 2 2 2 2 2 2 2 2 2 2 2 2 2 2 2
left_child=28 2 -2 -3 18 6 17 12 9 10 11 -9 -8 14 -14 24 -17 -6 -5 20 21 -20 23 -22 -13 -7 -27 -19 29 -1
right_child=1 3 -4 4 5 25 7 8 -10 -11 -12 15 13 -15 -16 16 -18 27 19 -21 22 -23 -24 -25 -26 26 -28 -29 -30 -31
leaf_value=0.0023720517472887882 -6.0358367621431242e-05 -0.0011148457449090066 0.00098445856058644132 -0.00035879642705913305 -0.01132768841664074 -0.0008969152075666431 -0.0013019412515774386 -0.0035490238666534427 -0.0064971879844691743 -0.0060614353356262052 -0.0034266020653062855 -0.0011727681564581063 -0.0025291663700884853 0.0024201162095943639 -0.010435280225162085 0.011641507653652558 0.0029898768693039368 0.0013010603058236567 0.0014305645323813309 -9.3266004087779944e-05 0.0053414509368820062 0.011854101183208903 -0.0021626687751955215 0.0011708505197369746 0.0058959970107445355 0.0074764965170451879 -0.00067182924074586485 -0.0065659956788927639 -0.00012063328491579869 0.00050162752519976978
leaf_weight=250 5721 1630 1698 4004 20 37 427 25 27 21 29 36 52 22 48 35 33 22 43 1156 62 28 72 271 26 39 20 23 1832 4314
leaf_count=250 5721 1630 1698 4004 20 37 427 25 27 21 29 36 52 22 48 35 33 22 43 1156 62 28 72 271 26 39 20 23 1832 4314
internal_value=1.245e-05 -0.00014474 0.000178771 -0.000437153 -0.000269223 -0.00118121 -0.0016048 -0.00129157 0.000544757 0.00147223 0.00233205 0.00340948 -0.00206757 -0.00474727 -0.0063241 0.00474765 0.00744292 -0.00536844 -0.000116794 0.000476944 0.00186174 0.00554126 0.00121669 0.00194736 0.00179155 0.00255168 0.00471435 -0.00271988 0.000396503 0.000604083
internal_weight=22023 15627 7419 8208 6578 942 846 781 232 205 184 155 549 122 100 130 68 65 5636 1632 476 71 405 333 62 96 59 45 6396 4564
internal_count=22023 15627 7419 8208 6578 942 846 781 232 205 184 155 549 122 100 130 68 65 5636 1632 476 71 405 333 62 96 59 45 6396 4564
is_linear=0
shrinkage=0.05


Tree=92
num_leaves=31
num_cat=0
split_feature=33 7 33 3 27 23 15 5 9 29 0 13 16 4 11 9 3 8 25 35 29 2 21 20 18 5 2 0 5 27
split_gain=0.479953 0.533664 0.516003 0.337213 0.33011 0.537711 0.434411 0.7407 0.84601 0.398661 0.383491 0.519737 0.427297 0.400086 0.429978 0.374564 0.362117 0.294538 0.645162 0.380262 0.3693 0.349606 0.341866 0.594281 0.62472 0.337574 0.306142 0.304601 0.302948 0.327686
threshold=-0.60355339059327362 0.37500000000000006 0.78656609248549325 26.875000000000004 0.15666666666666682 0.5351343055567489 0.1742483827673755 297.03623962402349 29.562715530395511 2.5000000000000004 21.786250114440922 -0.58166666666666655 -0.69499999999999995 14.807874679565431 -0.77833333333333321 458.84269714355474 41.125000000000007 269.87500000000006 0.87333333333333341 1.0000000180025095e-35 4.5000000000000009 1008.5364074707032 0.091666666666666688 -0.57499999999999984 -0.14843750000000003 282.06051635742193 1004.7828063964845 19.017500877380375 144.51995086669925 0.52500000000000024
decision_type=2 2 2 2 2 2 2 2 2 2 2 2 2 2 2 2 2 2 2 2 2 2 2 2 2 2 2 2 2 2
left_child=-1 2 -2 -3 6 16 -5 8 -8 -7 13 12 -12 15 -15 -10 -6 19 -19 20 21 -18 -21 24 27 26 -25 -24 -22 -30
right_child=1 3 -4 4 5 9 7 -9 10 -11 11 -13 -14 14 -16 -17 17 18 -20 22 28 -23 23 25 -26 -27 -28 -29 29 -31
leaf_value=0.00037667795318272899 -5.7340449214636317e-05 -0.0010591034584295294 0.00093523562797382428 -0.00028320266377688668 -0.0052354598238006939 -0.00029906116713911097 0.0092617010232061148 0.0052107556740773608 -0.0040685705220676032 0.0062365075025081753 0.0048965614200347949 -0.0094071510480716828 -0.0049682239990468833 0.00669238013497582 0.00075703903761430776 0.0015183492931100774 -0.0060778050572193217 -0.0019293555427733131 -0.011629153811372818 -0.0037892053507872533 -0.0049488529868540361 -0.0014234348263545504 -0.0032127951960200852 -0.0034946684698190763 0.0095855263791777001 -0.0059852729924993282 0.0021191171915544305 0.0047602180587127813 0.0011828201582052 -0.0047748333826247193
leaf_weight=6396 5721 1630 1698 4884 61 56 26 92 80 40 21 24 23 33 405 48 76 120 20 37 32 86 23 34 37 24 85 25 159 27
leaf_count=6396 5721 1630 1698 4884 61 56 26 92 80 40 21 24 23 33 405 48 76 120 20 37 32 86 23 34 37 24 85 25 159 27
internal_value=1.18275e-05 -0.000137503 0.000169832 -0.000415295 -0.000255762 -0.00112215 -0.000110954 0.00100775 0.000421872 0.00242409 5.93557e-05 -0.00348843 -0.000260031 0.000485591 0.00120422 -0.00197348 -0.00152456 -0.0012362 -0.00331504 -0.000784976 -0.0017988 -0.00360697 0.00066881 0.00139226 0.00470324 -0.000575806 0.000515178 0.000939816 -0.000455116 0.000317999
internal_weight=22023 15627 7419 8208 6578 942 5636 752 660 96 634 68 44 566 438 128 846 785 140 645 380 162 265 228 85 143 119 48 218 186
internal_count=22023 15627 7419 8208 6578 942 5636 752 660 96 634 68 44 566 438 128 846 785 140 645 380 162 265 228 85 143 119 48 218 186
is_linear=0
shrinkage=0.05


Tree=93
num_leaves=31
num_cat=0
split_feature=0 34 11 26 3 1 4 5 22 36 1 5 10 21 14 5 4 21 1 27 12 6 26 3 14 17 10 18 12 23
split_gain=0.446047 0.352951 0.431998 0.910753 0.436259 0.506643 0.353422 0.397478 0.673507 0.83952 0.617355 0.784745 0.877789 0.502934 0.851762 0.432602 0.365384 0.420661 0.451448 0.35382 0.346209 0.340068 0.332243 0.329733 0.480669 0.331412 0.326783 0.31772 0.538614 0.525553
threshold=12.523749828338625 -0.78656609248549325 0.1516666666666667 -0.30166666666666658 98.875000000000014 76.956684112548842 4.995694875717164 227.59552764892581 0.073628472222222241 -0.22252093395631442 69.933559417724624 209.41963195800784 -0.14166666666666664 0.53166666666666684 -0.26708333333333339 210.2082214355469 13.18322801589966 -0.098333333333333342 71.015396118164077 -0.36166666666666653 -0.2283333333333333 560.62500000000011 0.38833333333333342 15.125000000000002 -0.3937500000000001 -0.39499999999999996 0.038333333333333337 0.085000000000000089 -0.16166666666666665 0.42976412715004525
decision_type=2 2 2 2 2 2 2 2 2 2 2 2 2 2 2 2 2 2 2 2 2 2 2 2 2 2 2 2 2 2
left_child=27 2 6 -4 5 -5 -2 8 20 13 15 -12 -13 14 -10 19 17 -9 -19 -11 -8 -20 -18 -21 25 -25 -16 29 -29 -1
right_child=1 -3 3 4 -6 -7 7 16 9 10 11 12 -14 -15 26 -17 22 18 21 23 -22 -23 -24 24 -26 -27 -28 28 -30 -31
leaf_value=0.0035843549251411352 -0.0050893898269661316 -4.9804476953034928e-05 -0.012068042570583361 -0.0020538651177328298 -0.00024645282401200807 -0.010098882012035964 -0.00077877616471082128 -0.0024157684187230189 0.00060950151327226934 0.007635833053306367 0.0028937843782024103 0.016840465286916767 0.003718665547668934 0.0066679582872893666 -0.0063577386194083379 -0.0045998313881713774 -0.001275702701608499 0.0069804337606657043 0.0032792978363542003 0.0068168635794427258 -0.005782262973386694 -0.0048599313611962965 -0.0064558167148788927 -0.00027295074572688654 0.0041517069891070651 -0.0080996471468270537 0.00068868753899421016 -0.004474522319581029 0.00019995468797610034 0.00041244644839815396
leaf_weight=183 41 8399 23 65 177 28 527 52 278 24 109 26 25 24 76 29 947 43 33 20 37 21 32 38 38 21 21 62 10168 456
leaf_count=183 41 8399 23 65 177 28 527 52 278 24 109 26 25 24 76 29 947 43 33 20 37 21 32 38 38 21 21 62 10168 456
internal_value=1.12361e-05 -0.000210891 -0.000701986 -0.00251692 -0.0017033 -0.00447602 -0.000485992 -0.000408033 0.000190357 0.00119409 0.00305983 0.00528901 0.0104082 -0.000349006 -0.000798091 0.000961778 -0.00109395 0.00121273 0.00315791 0.00210566 -0.00110702 0.000114042 -0.00144502 0.00097126 -0.000234019 -0.00305872 -0.00483222 0.000239188 0.000171625 0.00132083
internal_weight=22023 11154 2755 293 270 93 2462 2421 1293 729 330 160 51 399 375 170 1128 149 97 141 564 54 979 117 97 59 97 10869 10230 639
internal_count=22023 11154 2755 293 270 93 2462 2421 1293 729 330 160 51 399 375 170 1128 149 97 141 564 54 979 117 97 59 97 10869 10230 639
is_linear=0
shrinkage=0.05


Tree=94
num_leaves=31
num_cat=0
split_feature=33 19 1 25 27 34 0 27 8 8 3 26 19 5 9 21 14 19 1 0 4 23 35 1 27 26 26 25 4 3
split_gain=0.422303 0.509941 0.286761 0.264586 0.259749 0.24683 0.296072 0.241717 0.54472 0.63865 0.563625 0.380673 0.342708 0.554466 0.748313 0.54747 0.998371 0.455984 0.327191 0.298523 0.291541 0.259672 0.25071 0.232668 0.231556 0.779871 0.351226 0.19328 0.190975 0.172147
threshold=-0.60355339059327362 0.10903594190623048 57.216363906860359 0.91166666666666674 -0.29499999999999987 0.37940952255126048 3.123749971389771 0.4883333333333334 279.50000000000006 231.62500000000003 96.375000000000014 0.023333333333333331 0.39712986493679586 283.21772766113287 554.84765625000011 0.58833333333333349 -0.31958333333333327 0.38660410115144045 75.087837219238295 18.561250686645511 18.622367858886722 0.45048622578189762 1.0000000180025095e-35 69.36948394775392 -0.24833333333333335 -0.3216666666666666 -0.18666666666666659 0.56666666666666676 25.620936393737797 26.875000000000004
decision_type=2 2 2 2 2 2 2 2 2 2 2 2 2 2 2 2 2 2 2 2 2 2 2 2 2 2 2 2 2 2
left_child=5 3 -3 -2 -5 6 28 12 9 10 11 -9 17 14 15 16 -14 29 -11 23 -17 -16 -12 -13 26 -26 -8 -27 -1 -4
right_child=1 2 7 4 -6 -7 24 8 -10 18 22 19 13 -15 21 20 -18 -19 -20 -21 -22 -23 -24 -25 25 27 -28 -29 -30 -31
leaf_value=0.0014972213388690001 -0.00012789039769103093 -0.0018817876222905856 -0.00095580220993703624 0.0060952810154776679 0.00038300834882909929 -0.00013734605397540614 -0.0064882179132352271 0.00073017017915844918 -0.0093212223434618307 0.0068213654817232197 -0.0025264270963485948 -0.0051366253406740729 0.011952546696799498 0.0076479185037896975 -0.0043979939297839462 -0.0050404074136167765 -0.0015671666743318467 -0.0058710584757040796 -0.0013813983125146479 -0.0019848119909875099 0.0033005974583581767 0.00064201442914646727 0.0047259128303267063 -0.012197611833523428 0.010114944484528333 -0.0020102875270542708 0.0003298301496269072 0.00050203422630373275 0.004855395128679111 -0.00024167818679398355
leaf_weight=196 5205 342 1038 20 4023 1832 30 20 23 31 22 20 36 32 63 20 22 38 20 20 22 43 26 28 21 78 51 4134 54 4513
leaf_count=196 5205 342 1038 20 4023 1832 30 20 23 31 22 20 36 32 63 20 22 38 20 20 22 43 26 28 21 78 51 4134 54 4513
internal_value=1.06743e-05 -0.000129401 -0.000473307 0.000107816 0.000411266 0.000352912 0.000549703 -0.000393515 -0.00206009 -0.00116701 -0.00295637 -0.00533362 -0.000333453 0.00152473 0.000573553 0.00367619 0.00682438 -0.000412581 0.0036046 -0.00711709 -0.00067131 -0.00235346 0.00140192 -0.00925553 0.000452757 0.00050343 -0.00219537 0.00045551 0.00222259 -0.000375215
internal_weight=22023 15627 6379 9248 4043 6396 4564 6037 210 187 136 88 5827 238 206 100 58 5589 51 68 42 106 48 48 4314 4233 81 4212 250 5551
internal_count=22023 15627 6379 9248 4043 6396 4564 6037 210 187 136 88 5827 238 206 100 58 5589 51 68 42 106 48 48 4314 4233 81 4212 250 5551
is_linear=0
shrinkage=0.05


Tree=95
num_leaves=31
num_cat=0
split_feature=3 34 9 26 27 5 27 26 8 26 0 7 29 8 8 26 25 34 32 10 28 24 18 3 7 24 6 22 8 14
split_gain=0.474803 0.575461 0.877642 0.324722 0.675786 0.304086 0.310064 0.309475 0.309111 0.308889 0.671602 0.417206 0.366627 0.929521 0.354491 0.294845 0.278491 0.301534 0.276673 0.266037 0.305403 0.425965 0.443497 0.417299 0.807542 0.544475 0.431929 0.415618 0.53317 0.358671
threshold=99.125000000000014 -0.60355339059327384 5.2465488910675058 0.10333333333333339 -0.19333333333333325 328.83950805664068 0.18333333333333346 0.58500000000000008 190.62500000000003 0.30166666666666681 19.498750686645511 369.62500000000006 4.5000000000000009 170.62500000000003 302.12500000000006 -0.42499999999999993 0.71500000000000019 -0.5 2.5000000000000004 -1.0149999999999999 10.500000000000002 -0.29499999999999998 0.39270833333333338 78.625000000000014 339.87500000000006 -0.99833333333333318 502.75000000000006 0.51717013888888907 192.12500000000003 -0.16
decision_type=2 2 2 2 2 2 2 2 2 2 2 2 2 2 2 2 2 2 2 2 2 2 2 2 2 2 2 2 2 2
left_child=1 2 -1 15 -5 7 8 9 -7 14 12 -12 -11 -14 19 -2 -3 18 -18 -4 23 22 -22 24 26 -25 -21 -23 -29 -26
right_child=3 16 5 4 -6 6 -8 -9 -10 10 11 -13 13 -15 -16 -17 17 -19 -20 20 21 27 -24 25 29 -27 -28 28 -30 -31
leaf_value=-0.008935155940707774 0.0058549758937695758 -0.00028858309412923709 -0.0033178684482388851 0.0085484794821710352 0.00099241832568873153 0.00058113853330723944 -0.0024063373695063436 0.0048498928425833587 0.0068784142305192203 -0.0060926804895337569 0.0070085081756891057 -0.001655521563600015 -0.007343170882668346 0.0067486539779400279 -0.005364127802805832 0.00018610579747529326 0.0026209456871661898 0.00018035222793987414 -0.001090676886451547 -0.003377744872405298 -0.0004368989612548167 0.006879447339257847 -0.007920385159086437 0.0060220123784666931 -0.0011570056512136945 -0.00045904427642829879 -0.0098484258055044661 0.0011870802243217657 -0.0071792377671226863 0.0029886327288113535
leaf_weight=32 23 3812 86 31 651 40 29 25 38 101 24 33 25 22 39 8406 233 4895 64 233 1961 30 20 37 400 261 29 398 20 60
leaf_count=32 23 3812 86 31 651 40 29 25 38 101 24 33 25 22 39 8406 233 4895 64 233 1961 30 20 37 400 261 29 398 20 60
internal_value=9.95007e-06 -0.00018465 -0.00068838 0.000286482 0.00133588 -0.000620904 0.00200786 -0.000694847 0.00364904 -0.000731528 -0.00261901 0.00199249 -0.00439506 -0.000746998 -0.000623264 0.000201574 3.59421e-05 0.000274211 0.00182113 -0.000570961 -0.000502467 -0.000197575 -0.000512452 -0.00122853 -0.00187826 0.000345651 -0.00409397 0.00119477 0.000786778 -0.00061627
internal_weight=22058 12947 3943 9111 682 3911 107 3804 78 3779 205 57 148 47 3574 8429 9004 5192 297 3535 3449 2429 1981 1020 722 298 262 448 418 460
internal_count=22058 12947 3943 9111 682 3911 107 3804 78 3779 205 57 148 47 3574 8429 9004 5192 297 3535 3449 2429 1981 1020 722 298 262 448 418 460
is_linear=0
shrinkage=0.05


Tree=96
num_leaves=31
num_cat=0
split_feature=3 34 9 26 27 5 27 23 9 26 26 13 29 3 8 27 26 25 15 29 10 28 24 21 22 3 7 24 6 8
split_gain=0.42851 0.519354 0.792072 0.293061 0.609897 0.274437 0.279833 0.298911 0.459794 0.279301 0.278773 0.571651 0.337299 0.409821 0.319928 0.313874 0.266098 0.251338 0.299139 0.299106 0.240099 0.275626 0.384434 0.585138 0.377934 0.376613 0.728806 0.491388 0.389816 0.347146
threshold=99.125000000000014 -0.60355339059327384 5.2465488910675058 0.10333333333333339 -0.19333333333333325 328.83950805664068 0.18333333333333346 0.31933906737572887 572.43041992187511 0.58500000000000008 0.30166666666666681 0.23166666666666672 4.5000000000000009 48.125000000000007 302.12500000000006 0.43833333333333346 -0.42499999999999993 0.71500000000000019 0.1742483827673755 5.5000000000000009 -1.0149999999999999 10.500000000000002 -0.29499999999999998 0.70166666666666677 0.49881944444444448 78.625000000000014 339.87500000000006 -0.99833333333333318 502.75000000000006 192.12500000000003
decision_type=2 2 2 2 2 2 2 2 2 2 2 2 2 2 2 2 2 2 2 2 2 2 2 2 2 2 2 2 2 2
left_child=1 2 -1 16 -5 9 7 -7 -9 10 14 12 15 -14 20 -12 -2 -3 -19 -20 -4 25 23 -23 -24 26 28 -27 -22 -26
right_child=3 17 5 4 -6 6 -8 8 -10 -11 11 -13 13 -15 -16 -17 -18 18 19 -21 21 22 24 -25 29 27 -28 -29 -30 -31
leaf_value=-0.0084883980885251727 0.0055622273084262146 -0.00027415393575060267 -0.0031519749770374146 0.0081210555989415425 0.00094279740186792294 -0.001632837827006976 -0.0022860205026768985 0.0091750102667984643 7.9511497945835205e-05 0.0046073982203379271 -0.0045870191232739565 -0.0070170636575382491 -0.0035246411524713045 0.0054475726273709116 -0.0050959214258070387 0.0015526548128885528 0.00017680050732009852 0.00018238716944434381 0.0014300684998512895 0.0073592836793977771 -0.0032088576272417805 -0.00034713962620545777 0.006985740933585196 -0.0057731127654037928 0.0011027367254165005 0.00572091163878606 -0.00058545674501067917 -0.00043609204601275232 -0.0093560045039088567 -0.005492044289019846
leaf_weight=32 23 3812 86 31 651 21 29 33 24 25 68 52 20 35 39 30 8406 4981 187 24 233 1930 26 51 401 37 460 261 29 21
leaf_count=32 23 3812 86 31 651 21 29 33 24 25 68 52 20 35 39 30 8406 4981 187 24 233 1930 26 51 401 37 460 261 29 21
internal_value=9.45257e-06 -0.000175417 -0.000653961 0.000272158 0.00126908 -0.000589859 0.00190747 0.00346659 0.00534533 -0.000660104 -0.000694952 -0.00248806 -0.000948794 0.00218495 -0.000592101 -0.00270753 0.000191496 3.4145e-05 0.0002605 0.00210448 -0.000542413 -0.000477344 -0.000187696 -0.000486829 0.00113503 -0.0011671 -0.00178435 0.000328368 -0.00388927 0.00077456
internal_weight=22058 12947 3943 9111 682 3911 107 78 57 3804 3779 205 153 55 3574 98 8429 9004 5192 211 3535 3449 2429 1981 448 1020 722 298 262 422
internal_count=22058 12947 3943 9111 682 3911 107 78 57 3804 3779 205 153 55 3574 98 8429 9004 5192 211 3535 3449 2429 1981 448 1020 722 298 262 422
is_linear=0
shrinkage=0.05


Tree=97
num_leaves=31
num_cat=0
split_feature=0 18 23 12 11 5 16 12 10 11 14 19 23 10 10 27 24 1 0 19 21 21 18 1 2 22 29 20 5 2
split_gain=0.403193 0.302353 0.497956 0.490672 0.39476 0.487601 0.33361 0.46038 0.582302 0.31625 0.307994 0.29957 0.281647 0.260878 0.2359 0.228696 0.340374 0.397837 0.369721 0.387377 0.334221 0.880606 0.380426 0.435202 0.329117 0.380634 0.293007 0.417942 0.310737 0.249205
threshold=12.523749828338625 0.085000000000000089 0.42266125085992035 -0.17833333333333332 0.43833333333333341 322.43710327148443 -0.56833333333333325 -0.80166666666666664 -0.30166666666666664 -0.071666666666666656 -0.19791666666666666 0.40822898294872656 0.43642560292467719 1.4083333333333334 -1.0149999999999999 -0.16666666666666657 -0.96499999999999997 69.933559417724624 17.517500877380375 0.22680362466289702 0.71166666666666678 0.64833333333333343 0.33052083333333349 84.181659698486342 1008.4173889160157 0.057482638888888903 1.5000000000000002 -0.84499999999999986 115.31142425537111 1002.5975952148439
decision_type=2 2 2 2 2 2 2 2 2 2 2 2 2 2 2 2 2 2 2 2 2 2 2 2 2 2 2 2 2 2
left_child=1 2 4 10 5 9 7 -4 11 -1 -3 -9 -8 -5 -2 16 17 26 19 -19 21 22 29 -24 -20 -26 27 -16 -28 -18
right_child=14 3 6 13 -6 -7 12 8 -10 -11 -12 -13 -14 -15 15 -17 20 18 24 -21 -22 -23 23 -25 25 -27 28 -29 -30 -31
leaf_value=0.00066138539363497077 -0.0027512329115739302 -0.00015560454776277768 0.0045303180751701195 0.00016206941296449361 -0.0016850536657047684 0.011052078960463405 -0.0034689393899170681 -0.0020205599823384548 -0.010200168257579209 0.0059291937805969145 -0.0075997676643909835 0.0045851717493496837 0.0021065734441201799 0.0027945274785528646 0.0064010142581537371 -9.0625216822311252e-05 0.0021708850653980069 0.0019205516073270701 -0.0030714515414244185 0.0088468646613398087 -0.0066060929155731894 0.0087292247282510452 -0.0085136740517459415 -1.9442012649960816e-05 -0.00019263051895842214 0.0046924720166928394 -0.0062141432379245421 -0.0033856310555711389 -0.0011870546764625675 -0.0013392356637154275
leaf_weight=56 90 24 30 10092 29 25 25 121 20 58 33 20 241 95 24 9579 54 80 60 27 29 22 38 25 145 55 44 20 102 795
leaf_count=56 90 24 30 10092 29 25 25 121 20 58 33 20 241 95 24 9579 54 80 60 27 29 22 38 25 145 55 44 20 102 795
internal_value=8.97994e-06 0.000225872 0.00129352 0.000160734 0.00362123 0.00472829 0.000437817 -0.00115643 -0.00221607 0.0033415 -0.00446538 -0.00108358 0.00158256 0.000186619 -0.000201709 -0.000181036 -0.000750801 0.00023301 0.00119449 0.00366831 -0.00131984 -0.0011557 -0.00139416 -0.00514295 0.000176413 0.00115077 -0.00162416 0.00195254 -0.00270207 -0.00111598
internal_weight=22058 10869 625 10244 168 139 457 191 161 114 57 141 266 10187 11189 11099 1520 557 367 107 963 934 912 63 260 200 190 44 146 849
internal_count=22058 10869 625 10244 168 139 457 191 161 114 57 141 266 10187 11189 11099 1520 557 367 107 963 934 912 63 260 200 190 44 146 849
is_linear=0
shrinkage=0.05


Tree=98
num_leaves=31
num_cat=0
split_feature=3 8 6 7 8 5 29 0 6 4 10 26 7 5 2 16 3 7 0 26 27 1 20 22 1 35 11 11 5 19
split_gain=0.380317 0.462222 0.620875 0.347873 0.343811 0.328135 0.45019 0.401914 0.561989 0.509635 0.381625 0.343696 0.324337 0.307443 0.400533 0.286683 0.283835 0.272499 0.270273 0.262349 0.546932 0.260138 0.279982 0.286889 0.25801 0.258003 0.559054 0.402836 0.297233 0.367573
threshold=99.125000000000014 96.125000000000014 118.62500000000001 140.12500000000003 291.25000000000006 288.43713378906256 5.5000000000000009 20.148751258850101 295.12500000000006 25.937077522277836 0.19166666666666674 -0.013333333333333355 121.12500000000001 205.71802520751956 1007.4056091308595 -0.14166666666666664 54.875000000000007 103.62500000000001 18.098750114440922 0.10333333333333339 -0.19333333333333325 56.356004714965827 -0.78583333333333327 0.24206597222222223 72.176319122314467 0.87837969732492682 0.2116666666666667 0.37166666666666676 127.54174423217775 0.20723029106690269
decision_type=2 2 2 2 2 2 2 2 2 2 2 2 2 2 2 2 2 2 2 2 2 2 2 2 2 2 2 2 2 2
left_child=1 -1 -3 5 25 6 7 8 11 17 -8 13 -7 14 -4 -9 -13 -10 -6 -2 -21 -22 24 -24 -23 28 -27 -28 29 -5
right_child=19 2 3 4 18 12 10 15 9 -11 -12 16 -14 -15 -16 -17 -18 -19 -20 20 21 22 23 -25 -26 26 27 -29 -30 -31
leaf_value=4.7761866408985496e-05 0.00017970424930238821 -0.0086038339374378374 -0.0077018947728599123 0.0001618713569691491 0.00065755545161664489 -0.0024892709858843828 0.0071142806921021227 0.0054945391253568236 -0.012802923279814422 0.00071322349325308337 -1.3945139372688638e-05 -0.008425894454121589 -0.0085911208524651426 0.0016562133789761902 0.00015615034988150002 -0.0012520680339225838 -0.002126842980654001 -0.0057885634547306438 -0.0064611625185170864 0.0076879127011183768 -0.0043324497285420482 0.0018054912505948988 -0.0013482284889081105 0.0013126487343237013 0.0065887030087954674 0.00018631255520866233 0.0094482106117842104 0.00094504189820816896 -0.00015247884061760273 -0.0020998695319664317
leaf_weight=8573 8429 24 24 281 20 98 28 32 20 23 57 20 28 128 50 31 169 45 40 31 23 130 150 312 36 426 30 26 2276 498
leaf_count=8573 8429 24 24 281 20 98 28 32 20 23 57 20 28 128 50 31 169 45 40 31 23 130 150 312 36 426 30 26 2276 498
internal_value=8.53094e-06 -0.000165633 -0.000583885 -0.000539637 -0.000335057 -0.00151689 -0.001049 -0.00157957 -0.00207335 -0.00568341 0.00233418 -0.00126086 -0.00384524 0.000173056 -0.0023924 0.00217478 -0.00279341 -0.00794683 -0.00408826 0.000256023 0.00119926 0.000890281 0.00108156 0.000448728 0.00284281 -0.000271389 0.000803707 0.00550031 -0.000441012 -0.00128402
internal_weight=22058 12947 4374 4350 3597 753 627 542 479 88 85 391 126 202 74 63 189 65 60 9111 682 651 628 462 166 3537 482 56 3055 779
internal_count=22058 12947 4374 4350 3597 753 627 542 479 88 85 391 126 202 74 63 189 65 60 9111 682 651 628 462 166 3537 482 56 3055 779
is_linear=0
shrinkage=0.05


Tree=99
num_leaves=31
num_cat=0
split_feature=0 4 21 26 8 11 12 3 19 10 13 12 12 17 26 22 26 0 4 7 5 8 23 10 35 1 9 6 22 26
split_gain=0.354456 0.298291 0.483271 0.669461 0.433978 0.427317 0.48008 0.330645 0.297738 0.274599 0.308287 0.273147 0.412578 0.213482 0.208424 0.205389 0.204278 0.325661 0.328165 0.202927 0.27433 0.434276 0.260827 0.228853 0.307881 0.325668 0.255007 0.20091 0.310526 0.196731
threshold=12.523749828338625 26.404591560363773 0.50166666666666682 0.34166666666666673 257.62500000000006 0.2116666666666667 0.41833333333333339 28.125000000000004 0.25525613488599236 -0.16166666666666665 0.38833333333333336 -0.80166666666666664 -0.6449999999999998 -0.95833333333333315 -0.020000000000000028 0.49881944444444448 -0.053333333333333344 10.786249637603762 22.148045539855961 11.625000000000002 201.59493255615237 190.62500000000003 0.25269400321152519 0.17166666666666672 0.6078576107927941 77.692104339599624 363.78433227539068 249.12500000000003 0.4316145833333333 0.19333333333333341
decision_type=2 2 2 2 2 2 2 2 2 2 2 2 2 2 2 2 2 2 2 2 2 2 2 2 2 2 2 2 2 2
left_child=1 11 7 4 5 6 9 -3 14 -4 -11 -1 -13 -2 -9 -16 17 19 27 -14 21 22 -21 26 -25 -26 -22 -19 -29 -7
right_child=13 2 3 -5 -6 29 -8 8 -10 10 -12 12 16 -15 15 -17 -18 18 -20 20 23 -23 -24 24 25 -27 -28 28 -30 -31
leaf_value=0.0047605848720958157 -0.0026710097749242396 -0.0017178607226621052 0.0060596032446483157 -0.0062262412994944808 -0.0066810878505930305 0.00047052575363943521 0.010186399146914483 0.0076692243896262814 0.010278308456763627 0.0046579098608344792 -0.0016849951620899002 -0.0039407646276231395 -1.9101381430202634e-05 -0.00017021977041453297 0.0044275321385856201 -0.0011278228887281981 0.00017773452506783226 0.0016764922402094885 0.0045243605652233653 -0.0065975503963900022 0.0044781415110551996 -0.0096613310806622568 -0.0014413761160608804 -0.00021222596574501184 -0.0093092597535122997 -0.0017710775191325844 -0.00060950655107652513 0.001047786241230954 -0.0067930251633262512 0.0046193270012736326
leaf_weight=31 86 24 32 36 20 1944 22 23 20 30 53 64 314 11103 41 28 7491 67 56 29 38 22 159 114 23 38 70 28 23 29
leaf_count=31 86 24 32 36 20 1944 22 23 20 30 53 64 314 11103 41 28 7491 67 56 29 38 22 159 114 23 38 70 28 23 29
internal_value=8.10439e-06 0.000211466 0.000716775 0.000535243 0.000649522 0.000719006 0.00341927 0.00360794 0.00474918 0.00212469 0.000607621 7.56866e-05 5.86726e-05 -0.000189441 0.00354719 0.00217319 8.88855e-05 -0.000589573 0.00137234 -0.00101259 -0.00164536 -0.00301456 -0.00223674 -0.000629342 -0.00174633 -0.00461334 0.00118059 -0.00012353 -0.00248827 0.000531507
internal_weight=22058 10869 2302 2166 2130 2110 137 136 112 115 83 8567 8536 11189 92 69 8472 981 174 807 493 210 188 283 175 61 108 118 51 1973
internal_count=22058 10869 2302 2166 2130 2110 137 136 112 115 83 8567 8536 11189 92 69 8472 981 174 807 493 210 188 283 175 61 108 118 51 1973
is_linear=0
shrinkage=0.05


Tree=100
num_leaves=31
num_cat=0
split_feature=0 18 12 23 22 22 15 12 9 6 23 10 5 2 1 7 20 29 25 28 24 34 3 23 24 24 0 34 0 25
split_gain=0.337008 0.270986 0.423178 0.321163 0.338131 0.429648 0.42932 0.386695 0.302422 0.441138 0.291328 0.284818 0.531962 0.333269 0.269112 0.285411 0.418782 0.664823 0.432464 0.545754 0.797871 0.366987 0.599227 0.496031 0.492586 0.47542 0.434126 0.456519 0.437344 0.417622
threshold=12.523749828338625 0.085000000000000089 -0.16166666666666665 0.42976412715004525 0.30335069444444451 0.29025173611111116 0.21048774685359184 -0.60166666666666657 579.73037719726574 318.12500000000006 0.44268071138296444 0.38166666666666677 322.43710327148443 1005.5466613769532 65.038372039794936 496.12500000000006 -0.72499999999999998 2.5000000000000004 0.59833333333333349 11.500000000000002 -0.80166666666666664 -0.60355339059327384 76.125000000000014 0.31014610146081129 -0.87499999999999989 -0.45333333333333331 16.017500877380375 -0.9159756150367534 17.748750686645511 0.66166666666666674
decision_type=2 2 2 2 2 2 2 2 2 2 2 2 2 2 2 2 2 2 2 2 2 2 2 2 2 2 2 2 2 2
left_child=1 3 -3 11 5 6 8 -6 9 -5 -9 12 13 -1 -2 16 17 18 -16 20 -20 22 23 25 -24 -18 -26 29 -29 -28
right_child=14 2 -4 4 7 -7 -8 10 -10 -11 -12 -13 -14 -15 15 -17 21 -19 19 -21 -22 -23 24 -25 26 -27 27 28 -30 -31
leaf_value=0.0068561336420702211 -0.00077499789057142296 -0.0039485536803979251 0.00016197430171514024 0.0017804379716981204 -0.0036415360526597081 0.0091964556265156719 -0.0048828767734053341 -0.0037903349746060983 -0.00080729607559208358 0.0099149781912565241 0.0013073138488013478 0.00017659859906416387 0.011232356559080274 0.00067018364961768384 -0.00088110485680916004 -0.0013294317307739785 -0.01235074128295916 -9.7864310164794181e-05 0.0027317861095070839 0.0021095396597877922 0.014318723200509946 -1.3055212113842507e-05 0.0011570201021138418 -0.0019164550718645083 -0.0025544870974164489 -0.0025918262294278697 -0.0024388869127366119 0.0018340580253075663 -0.0029009421895209112 0.0049679322299044535
leaf_weight=33 1682 63 10206 50 74 20 23 33 42 25 186 60 23 64 95 442 24 833 39 368 24 6359 371 316 289 26 26 77 133 71
leaf_count=33 1682 63 10206 50 74 20 23 33 42 25 186 60 23 64 95 442 24 833 39 368 24 6359 371 316 289 26 26 77 133 71
internal_value=8.63607e-07 0.000198647 0.000136756 0.00120269 0.000492756 0.00234133 0.00136203 -0.000516704 0.00258966 0.00449195 0.000539175 0.00298936 0.00439574 0.00277468 -0.000192088 -8.88066e-05 -2.82215e-05 0.000780923 0.00217261 0.00284571 0.00714586 -0.000171179 -0.000925497 -0.00264865 -0.000273302 -0.00727611 -0.00116365 0.000145633 -0.00116478 0.0029826
internal_weight=22077 10902 10269 633 453 160 140 293 117 75 219 180 120 97 11175 9493 9051 1359 526 431 63 7692 1333 366 967 50 596 307 210 97
internal_count=22077 10902 10269 633 453 160 140 293 117 75 219 180 120 97 11175 9493 9051 1359 526 431 63 7692 1333 366 967 50 596 307 210 97
is_linear=0
shrinkage=0.05


Tree=101
num_leaves=31
num_cat=0
split_feature=0 3 34 9 25 17 6 8 26 13 13 25 18 21 9 25 18 3 10 19 18 3 15 1 17 0 26 15 27 28
split_gain=0.309584 0.339908 0.339355 0.754235 0.266111 0.382426 0.311505 0.382066 0.252989 0.273928 0.248897 0.29432 0.234695 0.438811 0.866783 0.576827 0.474261 0.40999 0.532124 0.666397 0.393351 0.819018 0.737915 0.45555 0.409908 0.57365 0.545452 0.379388 0.376635 0.37096
threshold=3.123749971389771 99.125000000000014 -0.60355339059327384 5.2465488910675058 0.59166666666666679 -0.23166666666666666 540.12500000000011 165.62500000000003 -0.14499999999999993 -0.021666666666666664 -0.7749999999999998 0.67833333333333345 0.085000000000000089 0.64166666666666672 200.77687835693362 0.68166666666666675 0.26322916666666668 18.625000000000004 0.26166666666666671 0.29052116320551141 -0.05385416666666671 53.875000000000007 0.075277265271137803 75.58380508422853 0.38833333333333336 13.754999637603762 0.53500000000000014 0.15935633903362451 0.21666666666666679 13.500000000000002
decision_type=2 2 2 2 2 2 2 2 2 2 2 2 2 2 2 2 2 2 2 2 2 2 2 2 2 2 2 2 2 2
left_child=-1 2 3 -2 5 6 -5 -8 9 -4 11 -3 20 14 15 -14 -15 -18 19 -19 24 28 -23 27 26 -26 -6 -24 -22 -29
right_child=1 10 8 4 12 -7 7 -9 -10 -11 -12 -13 13 16 -16 -17 17 18 -20 -21 21 22 23 -25 25 -27 -28 29 -30 -31
leaf_value=0.00075335616084643573 -0.0081339680124074224 0.00044408282460478533 0.004664119243572809 0.0040956599799835168 -0.00039544982452065263 -0.0071918109493598233 -0.00038006225454241592 -0.0054693274534656673 -8.0042003889794361e-05 0.00052588809035725398 0.00015030117651910612 0.0042018420185335539 -0.0017243131565359924 -0.0039351710666536907 -0.0012947379351642572 -0.011200551135421155 -0.0032372290928033183 0.0065865487514718164 -0.00037844132204696226 -5.797143154480879e-05 -0.0004479898315515708 0.011004029603541963 -0.00037522179205925804 -0.0023450232509808636 -0.011190260015428067 -0.00041548530803993351 0.0077018554189375466 0.007632797226429947 -0.0077553447158563707 0.00041794894076883796
leaf_weight=1287 33 140 57 23 2159 33 108 56 8157 134 8417 83 26 79 285 42 75 74 334 77 110 28 39 41 21 30 21 62 21 25
leaf_count=1287 33 140 57 23 2159 33 108 56 8157 134 8417 83 26 79 285 42 75 74 334 77 110 28 39 41 21 30 21 62 21 25
internal_value=8.20428e-07 -4.57651e-05 -0.000216252 -0.000607808 -0.000541912 -0.00222936 -0.00135363 -0.00211786 -3.79227e-05 0.00176086 0.000193983 0.00184271 -0.000437308 -0.00109011 -0.00250497 -0.00757728 -0.000308497 0.000203124 0.000735137 0.00319828 -0.000184053 0.00143826 0.00349239 0.00223295 -0.00042111 -0.00485216 -0.000317448 0.00372261 -0.0016194 0.00555956
internal_weight=22077 20790 12150 3802 3769 220 187 164 8348 191 8640 223 3549 992 353 68 639 560 485 151 2557 326 195 167 2231 51 2180 126 131 87
internal_count=22077 20790 12150 3802 3769 220 187 164 8348 191 8640 223 3549 992 353 68 639 560 485 151 2557 326 195 167 2231 51 2180 126 131 87
is_linear=0
shrinkage=0.05


Tree=102
num_leaves=31
num_cat=0
split_feature=0 18 12 9 16 12 17 17 25 22 11 1 7 20 29 0 23 17 1 34 22 26 12 7 21 8 34 2 21 9
split_gain=0.294133 0.248896 0.364606 0.297172 0.33262 0.760262 0.279125 0.264061 0.458396 0.44226 0.406139 0.234345 0.247987 0.386751 0.603116 0.409782 0.663376 0.543023 0.611216 0.328099 0.529661 0.505689 0.585655 0.43053 0.41578 0.47547 0.393783 0.439073 0.335381 0.330771
threshold=12.523749828338625 0.085000000000000089 -0.17833333333333332 600.64614868164074 -0.83499999999999985 -0.66833333333333322 0.061666666666666675 0.38833333333333336 1.0083333333333335 0.25519965277777784 0.115 65.038372039794936 496.12500000000006 -0.72499999999999998 2.5000000000000004 17.517500877380375 0.51151793055373462 0.011666666666666669 69.36948394775392 -0.60355339059327384 0.43711805555555561 -0.10333333333333328 -0.62166666666666648 423.12500000000006 0.22500000000000001 250.87500000000003 -0.9159756150367534 1018.4412231445314 0.17500000000000002 197.16040802001956
decision_type=2 2 2 2 2 2 2 2 2 2 2 2 2 2 2 2 2 2 2 2 2 2 2 2 2 2 2 2 2 2
left_child=1 3 6 4 -1 -6 -3 8 9 -7 -9 -2 13 14 15 -13 17 18 -17 20 21 23 -23 -15 26 -26 -24 28 -28 -22
right_child=11 2 -4 -5 5 7 -8 10 -10 -11 -12 12 -14 19 -16 16 -18 -19 -20 -21 29 22 24 -25 25 -27 27 -29 -30 -31
leaf_value=0.0079362783581018448 -0.00072343662380494654 -0.00065724577739714621 0.00014849794349734613 -0.00069181038146824984 -0.0061909491615369924 0.0034377176051719055 -0.0076821355328250398 -0.0060420218820218001 0.0019596752557246122 0.012707184100608258 0.0014770481618391141 -5.3362290819228591e-05 -0.001239533761572314 -0.0029626826205986093 -8.6054982725012165e-05 0.0035764194271331166 0.00063625295648252547 0.0028407231397596343 0.012378740610509385 -1.4498114630112318e-05 -0.0075711483638521973 0.0077407350142796837 0.00053429961437359455 0.0023500687051141128 -0.00044148747201022914 0.0024763460576384031 -0.009988545903832198 0.00027652354474412278 -0.0026595208940475628 -0.0019395804265514016
leaf_weight=21 1682 31 10212 163 30 31 26 20 170 22 176 158 442 286 833 38 165 124 41 6359 44 24 65 44 519 191 37 32 27 64
leaf_count=21 1682 31 10212 163 30 31 26 20 170 22 176 158 442 286 833 38 165 124 41 6359 44 24 65 44 519 191 37 32 27 64
internal_value=7.79405e-07 0.000185554 0.000126239 0.0011478 0.0017858 0.00149814 -0.00386158 0.00204867 0.00322544 0.00728542 0.000709796 -0.000179481 -8.31016e-05 -2.6628e-05 0.000750956 0.00207649 0.00299093 0.00490484 0.00814471 -0.000164009 -0.000877243 -0.000581307 3.55561e-05 -0.00225432 -0.000176757 0.000343451 -0.00247084 -0.00450557 -0.00689661 -0.00423392
internal_weight=22077 10902 10269 633 470 449 57 419 223 53 196 11175 9493 9051 1359 526 368 203 79 7692 1333 1225 895 330 871 710 161 96 64 108
internal_count=22077 10902 10269 633 470 449 57 419 223 53 196 11175 9493 9051 1359 526 368 203 79 7692 1333 1225 895 330 871 710 161 96 64 108
is_linear=0
shrinkage=0.05


Tree=103
num_leaves=31
num_cat=0
split_feature=22 1 19 26 13 26 3 15 13 25 1 24 15 17 27 10 7 5 21 4 16 6 4 12 26 27 4 5 18 27
split_gain=0.284051 0.270913 0.474465 0.263387 0.234086 0.254156 0.229731 0.272141 0.310682 0.487214 0.603814 0.443194 0.424881 0.416666 0.354834 0.299117 0.281332 0.261685 0.322132 0.455729 0.348937 0.403535 0.259762 0.350488 0.246474 0.369684 0.240226 0.259436 0.318945 0.236082
threshold=0.84945312500000014 56.356004714965827 0.40299294060195673 -0.21166666666666667 0.66833333333333345 -0.14499999999999993 99.125000000000014 0.25448204266476998 0.3116666666666667 0.91500000000000015 66.531795501708999 -0.56833333333333325 0.28445203966155619 0.34833333333333338 -0.016666666666666701 -0.41166666666666657 301.75000000000006 43.116937637329109 0.30166666666666675 15.082792758941652 -0.85166666666666657 465.37500000000006 26.089751243591312 -0.19499999999999998 0.10333333333333339 -0.18166666666666656 13.18322801589966 225.97600555419925 -0.58567708333333324 0.54166666666666685
decision_type=2 2 2 2 2 2 2 2 2 2 2 2 2 2 2 2 2 2 2 2 2 2 2 2 2 2 2 2 2 2
left_child=1 2 4 -2 5 -1 7 29 9 12 -11 15 14 -10 -9 -12 -16 -14 20 -20 -19 -22 23 -21 -8 -26 -27 -28 -29 -3
right_child=3 6 -4 -5 -6 -7 24 8 13 10 11 -13 17 -15 16 -17 -18 18 19 22 21 -23 -24 -25 25 26 27 28 -30 -31
leaf_value=0.00405941285803069 0.0062716925470158464 -0.00012525533845121056 -0.0086115954488161072 0.00050554865129329759 -0.0057091391199113189 -0.00096371543217086363 9.5411576289616449e-05 -0.0010560988630775525 0.0042732575175765345 0.0020334854954853657 -0.0067364841544379789 -0.0021631025914102793 -0.0051455084911801599 -0.0012200072568528486 -0.0033019331010291351 -0.015015831217169762 -0.011688402900472284 -0.0017015371371858887 0.0044899590441892885 0.00038757961328056726 -0.00052981186835538774 0.0080671346206098605 0.00060786653285552011 -0.0075051571887273065 0.0065318886314829202 0.0024704471725097744 0.0014269240890192152 0.0046121050441718615 -0.0016051852414675522 0.0053119807760231199
leaf_weight=27 20 11068 21 2026 24 374 7279 46 53 22 24 25 22 99 20 20 20 28 29 22 21 39 38 39 30 167 231 23 200 20
leaf_count=27 20 11068 21 2026 24 374 7279 46 53 22 24 25 22 99 20 20 20 28 29 22 21 39 38 39 30 167 231 23 200 20
internal_value=7.40435e-07 -5.65787e-05 -0.00127509 0.000561914 -0.000912576 -0.0006255 -2.88303e-05 -0.000170084 -0.00123851 -0.00194684 -0.00517948 -0.00747927 -0.00103891 0.000695407 -0.00405101 -0.0104998 -0.00749517 4.95014e-05 0.000578623 -0.0010224 0.00290738 0.0050582 -0.00263713 -0.0046586 0.000178775 0.00111088 0.000848994 0.000252557 -0.00096394 -0.000115448
internal_weight=22077 20031 446 2046 425 401 19585 11655 567 415 91 69 324 152 86 44 40 238 216 128 88 60 99 61 7930 651 621 454 223 11088
internal_count=22077 20031 446 2046 425 401 19585 11655 567 415 91 69 324 152 86 44 40 238 216 128 88 60 99 61 7930 651 621 454 223 11088
is_linear=0
shrinkage=0.05


Tree=104
num_leaves=31
num_cat=0
split_feature=33 19 28 29 0 22 16 7 27 9 7 14 0 22 4 14 6 22 4 16 0 27 21 25 13 13 25 9 6 34
split_gain=0.273794 0.353726 0.198445 0.238522 0.225466 0.21895 0.328781 0.355543 0.238829 0.213375 0.205006 0.199407 0.193805 0.293008 0.469122 0.553657 0.550701 0.347599 0.434196 0.33891 0.308036 0.288592 0.299068 0.331405 0.340833 0.360727 0.299716 0.259097 0.302578 0.526766
threshold=-0.60355339059327362 0.074061723507398688 19.500000000000004 2.5000000000000004 0.323749989271164 0.40380208333333339 0.49833333333333335 231.25000000000003 0.37500000000000011 660.17004394531261 80.125000000000014 0.37000000000000011 21.123750686645511 0.1668402777777778 9.2996311187744158 -0.35916666666666658 574.12500000000011 0.096927083333333344 7.863225221633912 -0.67499999999999993 22.586250305175785 0.15666666666666682 0.55833333333333346 1.2550000000000001 -0.47166666666666662 0.011666666666666669 0.58166666666666678 20.6816520690918 515.12500000000011 -0.9159756150367534
decision_type=2 2 2 2 2 2 2 2 2 2 2 2 2 2 2 2 2 2 2 2 2 2 2 2 2 2 2 2 2 2
left_child=2 -2 3 4 -1 8 7 11 -5 -10 -8 -7 21 17 -15 16 -16 -14 -19 20 -20 -3 26 24 -24 -26 -23 -28 29 -29
right_child=1 12 -4 5 -6 6 10 -9 9 -11 -12 -13 13 14 15 -17 -18 18 19 -21 -22 22 23 -25 25 -27 27 28 -30 -31
leaf_value=0.0036720667621525736 0.0001714630308394474 -0.00012965929086841113 -0.00016434502956093355 5.9405932490480394e-06 0.00076295179766514845 0.0058721942716817325 0.00039432911042004383 -0.0025177156713245244 -0.0023119638497099424 0.0028825282426127655 -0.0047261782863643022 0.0021862927925133248 -0.0011276303025807609 0.0037741436889129026 0.0037728218169047916 -0.0084658423196136336 -0.0052766526659979718 -0.0045775961811439355 0.010288714410059831 0.0008628219126885332 0.0019216262523762207 -0.0062430159400471237 0.001891979854553938 -0.00040238305166057412 -0.0091887447449966863 -0.0033067998002161954 -0.0049080897090506967 -0.0014954805962042884 -0.0012724070557043456 0.0028157273900769673
leaf_weight=69 6466 7343 1829 1306 1918 57 863 29 195 22 20 103 691 21 29 48 40 26 22 103 22 22 20 101 38 83 29 120 269 173
leaf_count=69 6466 7343 1829 1306 1918 57 863 29 195 22 20 103 691 21 29 48 40 26 22 103 22 22 20 101 38 83 29 120 269 173
internal_value=7.03414e-07 -0.000111937 0.000275954 0.000451708 0.000863973 0.000136036 0.000683463 0.00257613 -0.000249284 -0.00178533 0.000278349 0.0034994 -0.000311119 -0.000967535 -0.00310694 -0.00434201 -0.00147325 -0.000625824 0.0013785 0.00243196 0.00610517 -0.000230888 -0.00110027 -0.00258859 -0.00415459 -0.00515402 -0.000512717 -0.000299406 -6.15913e-05 0.00105004
internal_weight=22077 15666 6411 4582 1987 2595 1072 189 1523 217 883 160 9200 1002 138 117 69 864 173 147 44 8198 855 242 141 121 613 591 562 293
internal_count=22077 15666 6411 4582 1987 2595 1072 189 1523 217 883 160 9200 1002 138 117 69 864 173 147 44 8198 855 242 141 121 613 591 562 293
is_linear=0
shrinkage=0.05


Tree=105
num_leaves=31
num_cat=0
split_feature=33 19 27 26 9 19 27 15 3 35 28 0 3 19 31 0 12 15 4 16 15 8 17 35 8 23 1 13 5 27
split_gain=0.267241 0.395712 0.315765 0.260496 0.292224 0.253951 0.233017 0.21193 0.283104 0.269126 0.249782 0.215779 0.202318 0.355248 0.435372 0.354752 0.390829 0.461428 0.319972 0.318231 0.287523 0.280119 0.272306 0.349376 0.394984 0.302366 0.306603 0.289589 0.478256 0.264673
threshold=-0.60355339059327362 0.10903594190623048 -0.24166666666666667 -0.23166666666666663 438.15585327148443 0.33404309813152017 -0.29499999999999987 0.32845807852440395 56.125000000000007 1.0000000180025095e-35 18.500000000000004 7.3237500190734872 26.875000000000004 0.17324911147355057 1.0000000180025095e-35 17.823750495910648 -0.69166666666666654 0.19172583627378717 4.6939806938171396 -1.0483333333333331 0.092733687146301716 197.62500000000003 -0.60833333333333328 1.0000000180025095e-35 185.62500000000003 0.57050829247414414 55.558502197265632 -0.94833333333333314 227.59552764892581 -0.40166666666666656
decision_type=2 2 2 2 2 2 2 2 2 2 2 2 2 2 2 2 2 2 2 2 2 2 2 2 2 2 2 2 2 2
left_child=2 6 5 4 -4 -1 -2 10 -9 -10 11 -5 21 14 15 29 -17 20 -15 -20 -18 -3 23 24 -21 26 -24 28 -28 -14
right_child=1 12 3 7 -6 -7 -8 8 9 -11 -12 -13 13 18 -16 16 17 -19 19 22 -22 -23 25 -25 -26 -27 27 -29 -30 -31
leaf_value=-0.0004295375654473901 0.0044277525784808302 -0.00087558854297531234 0.0084072033497726625 0.0014987486361133697 -3.7705162540078164e-05 -0.0059370822066234221 8.5562296202431308e-05 -0.0074578559468500318 0.0027649651426051199 -0.0043928607638614873 -3.4955867170475672e-05 0.00042935323399733545 0.0040242966035707057 -0.0042595755591589421 -0.0060031267191963987 0.00066411353631499169 -0.0019815640514191817 0.0024786478606984019 0.0045098582680178131 -0.001478263146748782 -0.0061089918443310758 -0.006329755485057831 -0.0039673945477592173 -0.0031062562408544483 0.0034972405239629255 0.0042174306619501218 0.0078194889254077828 0.00014188835700195538 0.00017926653553904207 -0.00049522401000413213
leaf_weight=50 31 1231 21 563 20 36 9263 20 29 24 2753 2909 33 42 39 79 71 28 41 119 104 24 44 146 60 47 33 2454 54 1764
leaf_count=50 31 1231 21 563 20 36 9263 20 29 24 2753 2909 33 42 39 79 71 28 41 119 104 24 44 146 60 47 33 2454 54 1764
internal_value=2.6984e-06 -0.000108424 0.000274355 0.000315183 0.00428774 -0.00273502 0.000100046 0.000289322 -0.00238907 -0.000476315 0.000320731 0.00060276 -0.000410547 -0.000272019 -0.000769147 -0.000670963 -0.00231971 -0.00348091 7.43359e-05 0.000135051 -0.00443444 -0.000979891 7.43927e-05 -0.00129105 0.000189503 0.000242998 0.000170736 0.000242392 0.00307728 -0.000412228
internal_weight=22132 15707 6425 6339 41 86 9294 6298 73 53 6225 3472 6413 5158 2118 2079 282 203 3040 2998 175 1255 2957 325 179 2632 2585 2541 87 1797
internal_count=22132 15707 6425 6339 41 86 9294 6298 73 53 6225 3472 6413 5158 2118 2079 282 203 3040 2998 175 1255 2957 325 179 2632 2585 2541 87 1797
is_linear=0
shrinkage=0.05


Tree=106
num_leaves=31
num_cat=0
split_feature=33 19 27 27 19 27 28 3 19 31 26 15 15 0 28 4 20 17 29 5 5 17 13 2 21 24 12 23 21 0
split_gain=0.241185 0.35713 0.284978 0.246605 0.229191 0.210298 0.193163 0.182592 0.320611 0.392923 0.331195 0.382843 0.424935 0.469516 0.345548 0.288774 0.337026 0.579322 0.320794 0.380346 0.541966 0.549014 0.578306 0.55886 0.544624 0.602395 0.505521 0.421256 0.413547 0.947411
threshold=-0.60355339059327362 0.10903594190623048 -0.24166666666666667 -0.19833333333333333 0.33404309813152017 -0.29499999999999987 19.500000000000004 26.875000000000004 0.17324911147355057 1.0000000180025095e-35 0.11333333333333338 0.19172583627378717 0.13366278670151843 11.273749828338625 8.5000000000000018 4.6939806938171396 -1.0483333333333331 -0.52166666666666661 5.5000000000000009 162.3736267089844 231.50811004638675 -0.048333333333333332 -0.7749999999999998 1009.3521728515626 0.35166666666666674 -0.67499999999999993 0.12833333333333338 0.39492764264029667 0.6083333333333335 15.567499637603762
decision_type=2 2 2 2 2 2 2 2 2 2 2 2 2 2 2 2 2 2 2 2 2 2 2 2 2 2 2 2 2 2
left_child=2 5 4 -4 -1 -2 -5 -3 9 10 11 12 -9 -14 -15 -10 17 -17 19 -18 21 22 23 -21 27 -26 28 -24 29 -23
right_child=1 7 3 6 -6 -7 -8 8 15 -11 -12 -13 13 14 -16 16 18 -19 -20 20 -22 26 24 -25 25 -27 -28 -29 -30 -31
leaf_value=-0.00040806060796603561 0.0042063649548518085 -0.00093089676503171177 0.0046104502970014108 0.00045319481333869389 -0.0056402281004314624 8.1284181497953307e-05 -0.00015742721712492879 -0.00036419725806795332 -0.0040465968062302895 -0.0057029703299168698 -0.0028454798616314677 0.0029972240519286555 0.0012542600034857576 -0.00044806724151438923 -0.0064223549908049224 0.0078279844374935098 -0.0013038414421354797 -0.00039822902834537081 0.0013574869670466491 0.013840069092111662 -0.00056068714271335733 0.0047154811443760993 0.0044588946562726054 0.0037598496982933615 0.0071521724476042436 -0.0002736917495812205 0.0017214640534819207 -0.0013639067841539655 -0.0056157319387421011 -0.0028187054713311043
leaf_weight=50 31 1255 33 4485 36 9263 1821 1681 42 39 157 77 46 34 84 38 573 49 397 20 1110 60 40 44 72 44 225 139 50 137
leaf_count=50 31 1255 33 4485 36 9263 1821 1681 42 39 157 77 46 34 84 38 573 49 397 20 1110 60 40 44 72 44 225 139 50 137
internal_value=2.56349e-06 -0.000103003 0.000260638 0.000299424 -0.00259827 9.50433e-05 0.000276864 -0.000390019 -0.000258418 -0.00073069 -0.000637415 -0.000457048 -0.00060121 -0.00303059 -0.00470095 7.06191e-05 0.000128299 0.00319483 3.66503e-05 -0.000171931 0.000162219 0.00112783 0.00260145 0.00690992 0.00166673 0.00433547 7.01067e-06 -6.27221e-05 -0.00155474 -0.000524029
internal_weight=22132 15707 6425 6339 86 9294 6306 6413 5158 2118 2079 1922 1845 164 118 3040 2998 87 2911 2514 1941 831 359 64 295 116 472 179 247 197
internal_count=22132 15707 6425 6339 86 9294 6306 6413 5158 2118 2079 1922 1845 164 118 3040 2998 87 2911 2514 1941 831 359 64 295 116 472 179 247 197
is_linear=0
shrinkage=0.05


Tree=107
num_leaves=31
num_cat=0
split_feature=22 3 34 9 19 15 5 2 26 34 27 8 5 17 8 2 19 5 2 7 7 28 27 8 23 3 2 25 17 3
split_gain=0.24191 0.220172 0.295206 0.838502 0.718609 0.775375 0.581234 0.462259 0.412577 0.387328 0.377128 0.337241 0.335094 0.303267 0.25723 0.655509 0.337278 0.311291 0.497656 0.434003 0.433215 0.291544 0.365535 0.309573 0.550528 0.488758 0.274417 0.269697 0.424154 0.377768
threshold=0.8032118055555556 99.125000000000014 -0.60355339059327384 204.09917449951175 0.17965237741202489 0.095136352395025423 195.44288635253909 1016.239471435547 -0.020000000000000028 -0.9159756150367534 0.096666666666666609 275.12500000000006 228.89776611328128 0.76166666666666683 250.87500000000003 1016.0362243652345 0.33404309813152017 284.31153869628912 1004.4494934082032 153.87500000000003 178.87500000000003 12.500000000000002 0.5916666666666669 214.87500000000003 0.46959695608615309 53.875000000000007 998.63671875000011 1.0750000000000002 -0.18166666666666662 27.625000000000004
decision_type=2 2 2 2 2 2 2 2 2 2 2 2 2 2 2 2 2 2 2 2 2 2 2 2 2 2 2 2 2 2
left_child=1 2 3 4 5 8 -6 10 -1 -7 12 13 -8 14 17 16 -16 21 -19 -20 -21 22 23 27 -25 -26 -23 28 -5 -30
right_child=-2 -3 -4 11 6 9 7 -9 -10 -11 -12 -13 -14 -15 15 -17 -18 18 19 20 -22 26 -24 24 25 -27 -28 -29 29 -31
leaf_value=-0.0063701594558854893 0.00047675536813897009 0.00014953741286793563 -2.6878516105005272e-05 -0.00089033057131528398 -0.0063764872101063907 -0.015852851073723289 0.0086836767513304956 -0.0063040403227898334 0.0010526746286091228 -0.0072164879180490974 -0.0017890720258709855 -0.0033195151813308018 0.0015189296595672979 -0.0047492632038287214 0.0022083895836482971 -0.0031393056721537417 0.0087581569546212757 0.0073357894213805942 -0.0051283764142182574 0.0078380777415904129 0.00057229857991746697 0.0049227872554309157 -0.0074908885838729997 -0.0054305954030356733 -0.0050038440174169163 0.0045067776260631423 -4.4280825653197712e-06 -0.0022847075860321134 -0.002820375359411589 0.0020579062876812017
leaf_weight=36 2397 7886 8259 828 39 20 25 21 39 37 46 92 47 37 57 42 30 29 31 22 304 29 21 91 22 35 1105 203 47 255
leaf_count=36 2397 7886 8259 828 39 20 25 21 39 37 46 92 47 37 57 42 30 29 31 22 304 29 21 91 22 35 1105 203 47 255
internal_value=2.43531e-06 -5.51753e-05 -0.00019142 -0.000569957 -0.00305556 -0.00585105 -0.000982492 0.000530931 -0.00251029 -0.0102468 0.00174732 -0.000335038 0.00400669 -0.000248911 -0.000196067 0.00199048 0.00446693 -0.000289404 0.00103672 0.000525033 0.00106263 -0.000483594 -0.000940493 -0.000847611 -0.0030171 0.000836011 0.000121577 -0.000606737 -0.000305297 0.0012987
internal_weight=22132 19735 11849 3590 310 132 178 139 75 57 118 3280 72 3188 3151 129 87 3022 386 357 326 2636 1502 1481 148 57 1134 1333 1130 302
internal_count=22132 19735 11849 3590 310 132 178 139 75 57 118 3280 72 3188 3151 129 87 3022 386 357 326 2636 1502 1481 148 57 1134 1333 1130 302
is_linear=0
shrinkage=0.05


Tree=108
num_leaves=31
num_cat=0
split_feature=22 10 20 13 19 4 1 27 29 22 12 5 6 9 1 26 1 8 10 5 24 17 23 12 8 5 5 23 13 12
split_gain=0.218324 0.186007 0.166921 0.280838 0.244861 0.29752 0.20676 0.268417 0.201456 0.346251 0.329185 0.218041 0.17643 0.339138 0.157984 0.473709 0.205476 0.258829 0.435347 0.452796 0.529811 0.304285 0.272211 0.202968 0.301714 0.173917 0.353669 0.306224 0.177045 0.243273
threshold=0.8032118055555556 -0.97499999999999998 -1.0116666666666665 -0.79833333333333323 0.16347888827442991 17.284884452819828 57.216363906860359 0.32000000000000017 1.5000000000000002 0.014592013888888892 -0.19499999999999998 86.367782592773452 520.37500000000011 189.16221618652347 59.116996765136726 -0.20499999999999999 63.80040359497071 204.37500000000003 0.27166666666666672 300.94841003417974 -0.82833333333333325 -0.215 0.38135039960199907 -0.77833333333333321 255.87500000000003 229.56762695312503 193.67327880859378 0.42976412715004525 -0.19499999999999998 -0.71166666666666656
decision_type=2 2 2 2 2 2 2 2 2 2 2 2 2 2 2 2 2 2 2 2 2 2 2 2 2 2 2 2 2 2
left_child=1 -1 3 4 -3 -6 7 -4 9 -5 11 -10 13 -11 15 -8 17 22 19 20 23 -22 -16 -19 -25 26 -17 -27 29 -29
right_child=-2 2 6 8 5 -7 14 -9 10 12 -12 -13 -14 -15 16 25 -18 18 -20 -21 21 -23 -24 24 -26 27 -28 28 -30 -31
leaf_value=-0.0016479103502829351 0.00045291759991558244 0.00040469650044351032 -0.0007405098554644189 -0.00079206896459961887 0.0097573997996126607 0.0021062662583534366 0.007591256610808509 -0.0049344447840915318 -0.0039111816312652082 0.0017650997984067847 -0.006716887918966157 0.00081107223588994465 0.00078980207908898594 0.010261549069242471 -0.0039282933070740487 0.00023034376173605584 -1.963231073995718e-05 0.00098980640006415973 0.0045196414060358495 0.0032256831750273707 -0.0040364708984270692 -0.012310777660459279 4.607559181974996e-05 -0.0058139807989521491 0.0001038183118881924 -0.0064963016228284688 0.0066444988169803701 -0.0015377407101408135 -0.00190861117298482 0.0053480862507371812
leaf_weight=181 2397 38 287 72 24 27 26 44 30 24 21 132 26 23 47 83 17768 34 21 25 20 25 517 56 35 20 29 23 48 29
leaf_count=181 2397 38 287 72 24 27 26 44 30 24 21 132 26 23 47 83 17768 34 21 25 20 25 517 56 35 20 29 23 48 29
internal_value=2.31355e-06 -5.24165e-05 -3.7648e-05 0.000951992 0.00344298 0.0057068 -5.92125e-05 -0.00129801 0.000276083 0.00166816 -0.000826932 -6.34192e-05 0.0040947 0.00592294 -3.74086e-05 0.00119135 -5.45005e-05 -0.000848781 -0.00232056 -0.00305719 -0.00398115 -0.00863331 -0.000285122 -0.00230637 -0.0035379 0.000474121 0.00189115 -0.000848441 0.000281131 0.00230243
internal_weight=22132 19735 19554 417 89 51 19137 331 328 145 183 162 73 47 18806 258 18548 780 216 195 170 45 564 125 91 232 112 120 100 52
internal_count=22132 19735 19554 417 89 51 19137 331 328 145 183 162 73 47 18806 258 18548 780 216 195 170 45 564 125 91 232 112 120 100 52
is_linear=0
shrinkage=0.05


Tree=109
num_leaves=31
num_cat=0
split_feature=33 19 27 26 19 15 7 7 28 22 6 20 7 26 26 7 6 3 26 27 13 26 3 19 31 15 15 8 11 10
split_gain=0.210346 0.301085 0.254464 0.234633 0.199557 0.198628 0.267638 0.39746 0.220969 0.199151 0.251262 0.302823 0.300225 0.238931 0.263958 0.276992 0.218996 0.258748 0.217169 0.191742 0.183068 0.173545 0.156078 0.294594 0.336152 0.311061 0.507956 0.312065 0.300117 0.406513
threshold=-0.60355339059327362 0.10903594190623048 -0.24166666666666667 -0.3216666666666666 0.33404309813152017 0.32845807852440395 259.25000000000006 184.12500000000003 18.500000000000004 0.24206597222222223 424.12500000000006 -0.79166666666666663 240.87500000000003 0.076666666666666716 0.33166666666666678 140.12500000000003 208.37500000000003 99.625000000000014 0.21166666666666675 -0.29499999999999987 0.44833333333333336 1.0000000180025095e-35 26.875000000000004 0.16534888697452702 1.0000000180025095e-35 0.19172583627378717 0.092733687146301716 269.87500000000006 0.025000000000000005 0.23166666666666672
decision_type=2 2 2 2 2 2 2 2 2 2 2 2 2 2 2 2 2 2 2 2 2 2 2 2 2 2 2 2 2 2
left_child=2 19 4 -4 20 8 7 -7 9 -5 12 -12 13 -11 15 16 18 -18 -15 -2 -1 -21 -3 24 25 26 27 -24 -27 -30
right_child=1 22 3 5 -6 6 -8 -9 -10 10 11 -13 -14 14 -16 -17 17 -19 -20 21 -22 -23 23 -25 -26 28 -28 -29 29 -31
leaf_value=0.0021599537628734936 0.0040111989849397258 -0.00085999116715657412 0.0056869506556540732 0.0001343722073042661 -0.0052968013792350473 -0.003978128710332385 -0.0072586589027196172 0.0048744584245252465 -4.1937548137683519e-05 0.00053283525103922029 2.9978448186408389e-06 0.0078419715166091926 -0.0038541889886426575 0.0016214614860421105 -0.0034428599908057113 0.0050795809228797086 -0.0057497634995906134 0.0014384327221412078 0.0058081566903959306 -4.7136955811240604e-05 -0.0039699292475623748 0.00046442113410194419 -0.00043781030243056763 5.4414389369604502e-05 -0.0054461354616324644 -0.0013124444521963596 -0.0023223003990432934 0.004215236132763125 0.0095602970230781181 -9.1604874469339848e-05
leaf_weight=29 31 1255 20 1550 36 32 20 21 2753 1337 22 28 34 348 23 65 21 31 34 7100 21 2163 1380 3224 37 30 406 37 24 20
leaf_count=29 31 1255 20 1550 36 32 20 21 2753 1337 22 28 34 348 23 65 21 31 34 7100 21 2163 1380 3224 37 30 406 37 24 20
internal_value=2.19787e-06 -9.63884e-05 0.000243209 0.00027986 -0.00245831 0.000262746 -0.00233027 -0.0004705 0.000293052 0.000557073 0.000894276 0.00439282 0.000801869 0.000887025 0.00179421 0.0020356 0.00157971 -0.00146449 0.0019941 8.54549e-05 -0.000414597 7.23168e-05 -0.000359924 -0.000238252 -0.000726129 -0.000634068 -0.000763066 -0.000316312 0.00254381 0.00517307
internal_weight=22132 15707 6425 6339 86 6319 73 53 6246 3493 1943 50 1893 1859 522 499 434 52 382 9294 50 9263 6413 5158 1934 1897 1823 1417 74 44
internal_count=22132 15707 6425 6339 86 6319 73 53 6246 3493 1943 50 1893 1859 522 499 434 52 382 9294 50 9263 6413 5158 1934 1897 1823 1417 74 44
is_linear=0
shrinkage=0.05


Tree=110
num_leaves=31
num_cat=0
split_feature=4 26 27 19 23 13 13 26 18 34 4 26 8 11 26 27 5 5 1 0 8 2 11 25 25 10 34 8 27 7
split_gain=0.244441 0.435719 0.435046 0.384107 0.326127 0.673583 0.326468 0.312296 0.330558 0.398991 0.319971 0.51463 0.436112 0.519345 0.312476 0.305234 0.274652 0.273082 0.471762 0.29222 0.273707 0.263495 0.365796 0.285507 0.254217 0.242836 0.224307 0.218913 0.275339 0.248852
threshold=23.24157810211182 -0.21166666666666667 -0.44833333333333325 0.24814268380347923 0.30862595565592171 -0.41166666666666657 0.38833333333333336 -0.049999999999999975 -0.53218749999999981 -0.5 19.604638099670414 -0.12166666666666669 153.12500000000003 -0.60166666666666657 -0.13833333333333334 0.016666666666666618 43.116937637329109 190.92264556884768 77.258136749267592 12.523749828338625 269.87500000000006 1001.238739013672 0.2116666666666667 1.0783333333333336 0.91166666666666674 -0.94833333333333314 -0.78656609248549325 192.12500000000003 -0.16333333333333322 163.25000000000003
decision_type=2 2 2 2 2 2 2 2 2 2 2 2 2 2 2 2 2 2 2 2 2 2 2 2 2 2 2 2 2 2
left_child=7 2 3 -2 24 -6 26 8 16 10 11 12 21 -14 17 27 -1 19 -19 -15 -21 -10 -23 -24 -4 -9 -7 28 -12 -29
right_child=1 -3 4 -5 5 6 -8 25 9 -11 15 -13 13 14 -16 -17 -18 18 -20 20 -22 22 23 -25 -26 -27 -28 29 -30 -31
leaf_value=0.0068210182414900154 -0.0048497116754463478 0.00018572363995353824 0.002320119765188013 0.0026121472778921836 0.006653375045823611 -0.0052560819339539325 0.0033508658242811054 -0.0017754635695277844 0.0045733568724244831 -0.00012673625324458704 -0.0022449777287796941 -0.00069879326574554879 0.001678290166226881 -0.010793193797115236 -0.0096036173360577477 -0.0032789301419979891 0.00074993560490177274 -0.004289116409282148 0.0027231457117464272 -0.0028123484706872558 -0.008858896327136016 0.00072868809673107336 -0.0086309350361116234 -0.0013396195376869935 0.0092787308591817108 1.9627573447358534e-05 0.0012803588417314349 -0.0012902588683313557 0.0025069418466753431 0.0051768761749068897
leaf_weight=21 35 5093 21 34 53 35 35 191 20 1255 70 498 35 25 30 50 165 106 31 61 27 72 25 29 35 13838 21 21 54 51
leaf_count=21 35 5093 21 34 53 35 35 191 20 1255 70 498 35 25 30 50 165 106 31 61 27 72 25 29 35 13838 21 21 54 51
internal_value=-4.35445e-06 0.000289309 0.0022505 -0.00117285 0.00343156 0.00217246 -0.000437308 -9.87847e-05 -0.000597025 -0.000750694 -0.00140054 -0.0018132 -0.00301705 -0.00406403 -0.00478182 0.000208151 0.00143538 -0.00420321 -0.0027024 -0.00602277 -0.00466754 -0.000758148 -0.00160442 -0.00471523 0.00666925 -4.81197e-06 -0.00280492 0.00109771 -0.000175593 0.00329063
internal_weight=22037 5362 269 69 200 144 91 16675 2646 2460 1205 959 461 315 280 246 186 250 137 113 88 146 126 54 56 14029 56 196 124 72
internal_count=22037 5362 269 69 200 144 91 16675 2646 2460 1205 959 461 315 280 246 186 250 137 113 88 146 126 54 56 14029 56 196 124 72
is_linear=0
shrinkage=0.05


Tree=111
num_leaves=31
num_cat=0
split_feature=4 26 27 19 23 13 13 22 8 11 0 24 26 12 10 26 23 14 8 2 1 19 35 1 20 23 8 0 11 16
split_gain=0.220608 0.393236 0.392629 0.346656 0.29433 0.607908 0.294638 0.295608 0.282691 0.647479 0.268976 0.376548 0.240866 0.219748 0.211934 0.196671 0.318829 0.3853 0.378719 0.344169 0.320025 0.485919 0.282365 0.249953 0.523315 0.316537 0.308801 0.274068 0.248001 0.321136
threshold=23.24157810211182 -0.21166666666666667 -0.44833333333333325 0.24814268380347923 0.30862595565592171 -0.41166666666666657 0.38833333333333336 0.29718750000000005 306.12500000000006 -0.11166666666666665 17.823750495910648 -0.96166666666666656 -0.28833333333333339 -0.34166666666666662 -0.38833333333333325 -0.049999999999999975 0.38565290452278139 -0.51124999999999987 111.12500000000001 1011.0450134277345 84.951572418212905 0.15134321399617098 0.87837969732492682 68.41214752197267 -0.88166666666666649 0.47278226356663233 151.12500000000003 20.892500877380375 0.35833333333333339 0.3116666666666667
decision_type=2 2 2 2 2 2 2 2 2 2 2 2 2 2 2 2 2 2 2 2 2 2 2 2 2 2 2 2 2 2
left_child=8 2 3 -2 12 14 7 -7 15 10 13 -12 -4 -10 -6 16 17 -1 -19 20 21 -20 -23 24 25 -18 -26 -28 -21 -30
right_child=1 -3 4 -5 5 6 -8 -9 9 -11 11 -13 -14 -15 -16 -17 23 18 19 28 -22 22 -24 -25 26 -27 27 -29 29 -31
leaf_value=0.0046905731398577772 -0.00460722620732018 0.0001764374610086902 0.009280570855574502 0.0024815398166110219 0.010073905309069563 0.00048137496341951194 0.0031833224011851209 -0.006859398392649989 0.0034065159253562649 -0.0086269446348230684 0.00065050036380333558 -0.0066838390941666151 0.0026842599846422675 -0.0016829189758649785 0.0036571455773927518 2.2500651612971125e-06 -0.0032250683485668761 -0.00051737208841586837 -0.011717040569561979 -6.4608415872598554e-05 0.0015630898110213735 -0.0025124964190228862 -0.0079873983207489219 0.00034670794926403855 -0.00071494423845731543 0.0019157505961143188 -0.0031045131945575122 -0.008992323248336714 -0.0083723535906756307 -0.0011527735355505071
leaf_weight=27 35 5093 31 34 22 32 35 24 48 31 35 35 25 38 31 13920 37 543 23 146 21 98 31 1155 127 157 112 24 24 43
leaf_count=27 35 5093 31 34 22 32 35 24 48 31 35 35 25 38 31 13920 37 543 23 146 21 98 31 1155 127 157 112 24 24 43
internal_value=-4.13672e-06 0.000274844 0.00213798 -0.00111421 0.00325998 0.00206383 -0.000415443 -0.00266467 -9.38454e-05 -0.00202695 -0.000715417 -0.00301667 0.00633579 0.0011577 0.00632071 -7.19209e-05 -0.000473969 -0.00119741 -0.00136854 -0.00256591 -0.00422255 -0.00502188 -0.00382817 -4.49294e-05 -0.00103473 0.000935285 -0.00248791 -0.00414354 -0.00122037 -0.00373889
internal_weight=22037 5362 269 69 200 144 91 56 16675 187 156 70 56 86 53 16488 2568 956 929 386 173 152 129 1612 457 194 263 136 213 67
internal_count=22037 5362 269 69 200 144 91 56 16675 187 156 70 56 86 53 16488 2568 956 929 386 173 152 129 1612 457 194 263 136 213 67
is_linear=0
shrinkage=0.05


Tree=112
num_leaves=31
num_cat=0
split_feature=33 7 33 28 3 25 6 27 6 8 8 5 4 5 6 20 8 27 5 5 15 23 26 25 25 11 8 25 19 23
split_gain=0.215593 0.233412 0.328316 0.256882 0.356498 0.347099 0.234665 0.232715 0.517957 0.443912 0.467373 0.358461 0.352928 0.350822 0.334489 0.514715 0.320157 0.287671 0.288573 0.444007 0.506979 0.698802 0.467834 0.287363 0.412715 0.305224 0.353552 0.393698 0.278181 0.276808
threshold=-0.60355339059327362 0.37500000000000006 0.91597561503675362 9.5000000000000018 98.625000000000014 1.1350000000000002 23.875000000000004 0.20333333333333345 278.12500000000006 279.50000000000006 250.87500000000003 264.28956604003912 24.252152442932132 37.295604705810554 267.62500000000006 -0.29833333333333328 122.12500000000001 0.060000000000000088 115.31142425537111 233.22824859619143 0.1423073742266048 0.46667919456106149 -0.26166666666666655 1.2950000000000002 0.84166666666666679 -0.3216666666666666 169.12500000000003 0.65166666666666673 0.30888418789735156 0.41456819743196238
decision_type=2 2 2 2 2 2 2 2 2 2 2 2 2 2 2 2 2 2 2 2 2 2 2 2 2 2 2 2 2 2
left_child=-1 2 -2 5 7 -3 -7 11 -9 10 16 13 -13 -5 -14 -16 -10 18 -15 20 23 22 -22 24 25 26 27 -20 -23 -24
right_child=1 3 -4 4 -6 6 -8 8 9 -11 -12 12 14 17 15 -17 -18 -19 19 -21 21 28 29 -25 -26 -27 -28 -29 -30 -31
leaf_value=0.00024041664284935819 -2.9593589390554658e-05 -0.0004038599134258134 0.00095822240384943285 0.0023679147403454408 0.00054585890442238234 0.00030802244048405133 -0.002370317317786602 -0.007017937428195422 0.0034439246920454831 -0.0081653431904851453 0.0056939710372846883 0.00017979556562647942 -0.0010438349009442996 -0.0020439911730372553 0.0018501503774049609 0.0090952427329447794 -0.0015358862009284518 0.00071112917411798133 0.0061639467302787437 -0.0015925719167081348 -0.0039447259468336901 0.0044967766012996438 0.0045372212491521053 0.0025239147532953544 -0.0042673096837080628 0.0051023651985451579 -0.0053223042865283791 -0.0011703966088689767 0.01146609023368607 -0.0013333803966581342
leaf_weight=6404 6464 3263 967 100 1673 103 397 38 36 20 28 374 36 439 66 39 312 306 24 475 42 45 57 55 86 25 34 77 21 31
leaf_count=6404 6464 3263 967 100 1673 103 397 38 36 20 28 374 36 439 66 39 312 306 24 475 42 45 57 55 86 25 34 77 21 31
internal_value=-3.92989e-06 -0.000104026 9.89514e-05 -0.000287922 -3.02894e-05 -0.000591838 -0.00181858 -0.00037877 -0.00144187 -0.000906795 -0.000520702 -0.000180919 0.000983475 -0.000510949 0.00311522 0.00454118 -0.00102073 -0.000678617 -0.000980008 -0.000499464 0.000545257 0.00252424 0.000396987 -0.000743383 -0.00147388 2.75935e-05 -0.000912179 0.000572418 0.00671429 0.00246917
internal_weight=22037 15633 7431 8202 4439 3763 500 2766 434 396 376 2332 515 1817 141 105 348 1717 1411 972 497 196 130 301 246 160 135 101 66 88
internal_count=22037 15633 7431 8202 4439 3763 500 2766 434 396 376 2332 515 1817 141 105 348 1717 1411 972 497 196 130 301 246 160 135 101 66 88
is_linear=0
shrinkage=0.05


Tree=113
num_leaves=31
num_cat=0
split_feature=25 3 26 34 7 26 17 15 8 5 24 25 34 9 10 23 16 24 3 11 35 5 3 13 7 0 7 7 5 26
split_gain=0.196596 0.166879 0.297568 0.219777 0.361302 0.283711 0.24876 0.22021 0.266396 0.339433 0.210358 0.236699 0.194508 0.698342 0.272027 0.332632 0.321478 0.536637 0.619805 0.400819 0.3957 0.307602 0.291968 0.379111 0.269146 0.694192 0.285277 0.432577 0.253219 0.292487
threshold=1.5016666666666669 99.125000000000014 -0.42499999999999993 -0.70710678118654757 95.125000000000014 -0.30166666666666658 0.075000000000000011 0.10056783227704548 269.87500000000006 240.41962432861331 -0.99333333333333329 0.94333333333333347 -0.60355339059327384 5.2465488910675058 0.32166666666666671 0.26510670825288601 -0.038333333333333323 -0.7649999999999999 42.625000000000007 0.081666666666666679 1.0000000180025095e-35 227.59552764892581 67.125000000000014 0.1516666666666667 153.87500000000003 20.248750686645511 61.125000000000007 101.12500000000001 303.40417480468756 0.53500000000000014
decision_type=2 2 2 2 2 2 2 2 2 2 2 2 2 2 2 2 2 2 2 2 2 2 2 2 2 2 2 2 2 2
left_child=1 12 -3 5 6 -4 -5 -6 9 10 -9 -12 13 -1 16 -16 24 20 -19 -20 21 -18 -21 -24 25 26 -15 -28 29 -26
right_child=-2 2 3 4 7 -7 -8 8 -10 -11 11 -13 -14 14 15 -17 17 18 19 22 -22 -23 23 -25 28 -27 27 -29 -30 -31
leaf_value=-0.0079198189545422789 0.00082692989267831073 0.006227518413215876 -0.0035441920303217163 0.0056428805878385906 -4.8957667229021155e-06 0.00065702745672604384 5.7811269375804356e-05 0.0042010137456513592 -0.0071995167724358353 -0.004592725778048908 -0.0023067367233737487 0.0032335157340033526 -1.7494073078645236e-05 0.00062818113386768984 -0.00034075720098917378 -0.0028712288953149623 -0.0085066403506789366 -0.0017473505602942571 0.011615462070330977 0.0091499342536553747 0.0035028897680430895 -0.00018735491670668128 0.0058497861943308371 -0.0014093419921118767 -0.00039823660939382631 0.004162924885608708 -0.011027429246072036 -0.0033737935101817128 0.0016781070764945033 0.0053905304267325184
leaf_weight=31 690 20 41 20 155 2022 6348 21 26 74 98 24 8684 27 300 229 25 45 20 20 21 20 37 35 2682 33 24 80 163 22
leaf_count=31 690 20 41 20 155 2022 6348 21 26 74 98 24 8684 27 300 229 25 45 20 20 21 20 37 35 2682 33 24 80 163 22
internal_value=-3.73339e-06 -3.0583e-05 0.000135558 0.000121758 -1.59916e-05 0.000573533 7.53523e-05 -0.00147749 -0.00241681 -0.00184376 -0.000421221 -0.00121685 -0.000148216 -0.000445853 -0.000384608 -0.00143618 -0.000213655 0.00161856 0.00320887 0.00520021 -0.00216443 -0.00480918 0.00380558 0.00232104 -0.000348457 -0.00231844 -0.00395115 -0.00514002 -0.000235768 -0.000351139
internal_weight=22037 21347 8849 8829 6766 2063 6368 398 243 217 143 122 12498 3814 3783 529 3254 223 157 112 66 45 92 72 3031 164 131 104 2867 2704
internal_count=22037 21347 8849 8829 6766 2063 6368 398 243 217 143 122 12498 3814 3783 529 3254 223 157 112 66 45 92 72 3031 164 131 104 2867 2704
is_linear=0
shrinkage=0.05


Tree=114
num_leaves=31
num_cat=0
split_feature=4 26 27 19 19 23 22 8 11 19 0 6 8 10 10 17 1 1 26 26 27 9 4 14 11 14 25 8 26 25
split_gain=0.194776 0.360334 0.350343 0.311839 0.270045 0.325138 0.458589 0.262031 0.582996 0.26138 0.239109 0.222429 0.182614 0.178979 0.170311 0.249421 0.166102 0.183614 0.162934 0.159845 0.159316 0.293682 0.213271 0.336041 0.297824 0.197736 0.323977 0.157844 0.388316 0.256884
threshold=23.24157810211182 -0.21166666666666667 -0.44833333333333325 0.24814268380347923 0.13854635300343707 0.30862595565592171 0.20408854166666671 306.12500000000006 -0.11166666666666665 0.15298594299012572 16.667500495910648 600.12500000000011 302.12500000000006 1.2783333333333335 -0.058333333333333327 0.115 72.89530181884767 69.933559417724624 -0.049999999999999871 -0.0033333333333332711 -0.32166666666666671 441.99099731445318 28.616616249084476 0.17583333333333323 0.115 -0.17875000000000005 0.72833333333333339 196.25000000000003 0.22166666666666671 0.63166666666666671
decision_type=2 2 2 2 2 2 2 2 2 2 2 2 2 2 2 2 2 2 2 2 2 2 2 2 2 2 2 2 2 2
left_child=7 2 3 -2 -4 -6 10 19 9 -9 -7 16 13 20 15 -8 17 18 -11 -1 21 22 23 -3 -24 26 -23 -22 -29 -30
right_child=1 12 4 -5 5 6 14 8 -10 11 -12 -13 -14 -15 -16 -17 -18 -19 -20 -21 27 25 24 -25 -26 -27 -28 28 29 -31
leaf_value=-0.00024305057737360978 -0.0043429504321621992 -0.0033226821460716782 -0.0022620739215718851 0.0023804099063614989 0.0071540861018002033 0.010485951970331371 0.0012206584193719258 -0.0060414693423081192 -0.0082116949944681817 0.0028368727251125332 0.0032728857692779496 0.0049501872435212136 0.0037635876995045694 0.0019154109203647247 0.0039106987861239097 -0.0054690743902359503 0.002061258827517223 -0.005917814402544702 -0.0026248259372853985 7.0726867479126672e-05 0.00012796114546156692 -0.0024975798634366822 0.01020057306370952 0.0057332553667947652 0.0018759726322189506 -0.0036890546325594187 0.0062036846904084085 -0.00015955593544119065 0.00054466838046209889 -0.0058160119114051521
leaf_weight=7223 35 21 21 34 50 20 38 20 31 22 27 20 35 138 22 22 36 22 36 9265 4337 23 22 20 21 31 20 346 22 57
leaf_count=7223 35 21 21 34 50 20 38 20 31 22 27 20 35 138 22 22 36 22 36 9265 4337 23 22 20 21 31 20 346 22 57
internal_value=-3.54672e-06 0.000258592 0.00204208 -0.00102999 0.00310194 0.00373124 0.00240456 -8.78397e-05 -0.00194897 -0.000704454 0.00634228 8.04016e-05 0.000164392 0.000139487 0.00014757 -0.00123224 -0.000759217 -0.00202843 -0.000553147 -6.67316e-05 8.96741e-05 0.00165168 0.00367496 0.00109485 0.00613507 -0.000645018 0.00154952 3.78478e-05 -0.000881733 -0.00404468
internal_weight=22037 5362 269 69 200 179 129 16675 187 156 47 136 5093 5058 82 60 116 80 58 16488 4920 158 84 41 43 74 43 4762 425 79
internal_count=22037 5362 269 69 200 179 129 16675 187 156 47 136 5093 5058 82 60 116 80 58 16488 4920 158 84 41 43 74 43 4762 425 79
is_linear=0
shrinkage=0.05


Tree=115
num_leaves=31
num_cat=0
split_feature=25 27 4 3 10 33 26 24 2 8 1 4 27 19 26 15 24 6 1 25 36 15 2 26 24 27 15 13 0 13
split_gain=0.214844 0.261849 0.285612 0.386805 0.180491 0.167937 0.167859 0.188023 0.252634 0.195328 0.156509 0.249179 0.198287 0.158809 0.152045 0.168658 0.539686 0.283851 0.387507 0.333931 0.143866 0.459483 0.296462 0.548544 0.373582 0.299587 0.271236 0.352967 0.405198 0.232988
threshold=0.62833333333333352 -0.22833333333333325 29.525028228759769 58.875000000000007 1.4683333333333335 0.98296291314453421 -0.27499999999999997 -0.83166666666666655 1014.6306152343751 133.12500000000003 56.356004714965827 10.366341114044191 0.13999999999999999 0.38146630826144384 -0.28833333333333339 0.15419293748126653 -0.96166666666666656 532.12500000000011 76.635654449462905 0.61166666666666669 -0.22252093395631442 0.21048774685359184 1004.2396850585939 -0.023333333333333324 -0.2616666666666666 -0.44833333333333325 0.32845807852440395 0.55166666666666686 16.823750495910648 0.43833333333333341
decision_type=2 2 2 2 2 2 2 2 2 2 2 2 2 2 2 2 2 2 2 2 2 2 2 2 2 2 2 2 2 2
left_child=1 6 14 -4 5 10 -1 9 -9 -8 11 12 -2 -13 -3 -16 -17 18 19 -18 26 -22 23 25 -24 -23 -12 28 -28 -25
right_child=4 2 3 -5 -6 -7 7 8 -10 -11 20 13 -14 -15 15 16 17 -19 -20 -21 21 22 24 29 -26 -27 27 -29 -30 -31
leaf_value=-0.0053606219331413744 -0.0016672878647702475 0.0040362291224300866 0.0088672083243727697 0.00023667834120223651 0.0031395193888480812 0.00078921631789488362 2.5486687497634976e-05 -0.0019704348538070919 0.0055689763044938449 -0.003712259244514249 -6.7966574761920966e-05 -3.9114486294069878e-05 -0.0077592981894585222 -0.0038176847696905175 -0.00023341128595519308 0.0013753871095278079 0.0016351695740310361 -0.0081481928720363774 -0.0081300661818164855 -0.0057799530134202961 9.7752432880775328e-05 0.003372867166996002 0.0013674489864318347 -0.0018342357063934637 -0.0035082572729659787 0.010783964544534683 -0.0073366292234924111 0.0030772600031923505 0.00041122760589200043 0.0038285025054766962
leaf_weight=32 34 20 20 37 48 777 56 25 20 93 7748 270 22 31 2718 84 49 29 23 22 9119 25 455 39 43 30 45 20 27 34
leaf_count=32 34 20 20 37 48 777 56 25 20 93 7748 270 22 31 2718 84 49 29 23 22 9119 25 455 39 43 30 45 20 27 34
internal_value=1.25989e-05 -0.000364192 -0.000240632 0.00326493 7.74085e-05 6.95565e-05 -0.00200546 -0.00145203 0.00138041 -0.00230747 3.83907e-05 -0.000998043 -0.00406058 -0.00042827 -0.000308482 -0.000338189 -0.00171397 -0.00382378 -0.00248965 -0.000662474 5.94318e-05 0.000187708 0.0014981 0.00364433 0.000946454 0.00741528 -0.000100013 -0.00279891 -0.00443118 0.000803204
internal_weight=21995 3228 3002 57 18767 18719 226 194 45 149 17942 357 56 301 2945 2925 207 123 94 71 17585 9745 626 128 498 55 7840 92 72 73
internal_count=21995 3228 3002 57 18767 18719 226 194 45 149 17942 357 56 301 2945 2925 207 123 94 71 17585 9745 626 128 498 55 7840 92 72 73
is_linear=0
shrinkage=0.05


Tree=116
num_leaves=31
num_cat=0
split_feature=33 1 4 29 5 22 10 22 22 4 27 14 22 9 7 19 22 19 0 5 10 26 16 19 28 8 25 32 4 4
split_gain=0.196502 0.221984 0.259629 0.282729 0.336932 0.336343 0.329136 0.262497 0.378262 0.212158 0.207835 0.428947 0.485524 0.467014 0.305538 0.302352 0.535851 0.49214 0.407602 0.366608 0.295069 0.266087 0.404055 0.212148 0.203895 0.247967 0.396523 0.35848 0.336009 0.36209
threshold=-0.60355339059327362 65.038372039794936 5.1959125995635995 1.0000000180025095e-35 37.295604705810554 -0.061770833333333323 -0.60166666666666657 0.55461805555555566 0.11626736111111115 39.012725830078132 0.4883333333333334 -0.08458333333333333 0.10010416666666667 340.68188476562506 351.12500000000006 0.39712986493679586 0.30335069444444451 0.35878384886117026 19.098750114440922 284.31153869628912 0.081666666666666679 -0.099999999999999922 -0.67499999999999993 0.35479381487227013 16.500000000000004 107.12500000000001 0.78500000000000003 2.5000000000000004 25.500582695007328 10.113295555114748
decision_type=2 2 2 2 2 2 2 2 2 2 2 2 2 2 2 2 2 2 2 2 2 2 2 2 2 2 2 2 2 2
left_child=24 2 -2 6 5 -5 -4 8 -8 -6 15 12 -12 -13 20 17 18 23 -17 -18 -14 22 -19 -3 25 -1 27 -27 29 -29
right_child=1 10 3 4 9 -7 7 -9 -10 -11 11 13 14 -15 -16 16 19 21 -20 -21 -22 -23 -24 -25 -26 26 -28 28 -30 -31
leaf_value=0.0013227799001201458 -0.0046851262139777344 -5.6802109900539752e-06 -0.00084354241341826292 -0.00011108394987373191 -0.00048803038498656208 0.0088479109504260127 -0.0020126547861414458 0.00015052309288876131 -0.010131959078717046 0.0047053053020499648 -0.0062193580151043461 -0.0016486577777652116 0.0077393715951724774 -0.010279991775751115 -0.0030895209033042197 0.011234799349172549 -0.0010752146724241488 -0.00069743830139156089 0.0027984395413091635 0.00541542406771677 0.00048052323150581545 -0.0013691252189455556 -0.009683406272710398 0.0049082826230336324 6.6961274681172811e-05 0.00297273564520203 -0.001192275729435592 0.0034987739594828969 0.0032704590268335062 -0.00093504067424049963
leaf_weight=840 39 13507 164 22 1176 20 26 20 32 20 22 42 28 25 20 22 112 22 41 27 28 100 29 22 4600 157 352 53 76 351
leaf_count=840 39 13507 164 22 1176 20 26 20 32 20 22 42 28 25 20 22 112 22 41 27 28 100 29 22 4600 157 352 53 76 351
internal_value=1.19689e-05 -8.40762e-05 -0.000658266 -0.000552152 -0.00024661 0.0041551 -0.00211522 -0.00478899 -0.00649227 -0.000401185 -2.1985e-05 -0.00178608 0.000321844 -0.0048693 0.00221535 -1.01724e-06 0.00191928 -2.93725e-05 0.00574447 0.000185557 0.00410995 -0.00286805 -0.00580711 2.31056e-06 0.000244515 0.000691068 0.000154529 0.00089876 0.000220397 -0.000353377
internal_weight=21995 15566 1519 1480 1238 42 242 78 58 1196 14047 165 98 67 76 13882 202 13680 63 139 56 151 51 13529 6429 1829 989 637 480 404
internal_count=21995 15566 1519 1480 1238 42 242 78 58 1196 14047 165 98 67 76 13882 202 13680 63 139 56 151 51 13529 6429 1829 989 637 480 404
is_linear=0
shrinkage=0.05


Tree=117
num_leaves=31
num_cat=0
split_feature=25 27 4 3 10 26 23 3 9 7 33 1 4 5 26 15 23 3 25 10 15 7 36 15 28 36 28 5 27 4
split_gain=0.19177 0.234614 0.259189 0.354271 0.16295 0.151878 0.176528 0.199031 0.17872 0.209525 0.15116 0.13655 0.22265 0.186627 0.136481 0.148333 0.463209 0.477256 0.23712 0.216916 0.187655 0.139399 0.135845 0.133219 0.132747 0.275487 0.495517 0.438797 0.466371 0.430217
threshold=0.62833333333333352 -0.22833333333333325 29.525028228759769 58.875000000000007 1.5050000000000001 -0.27499999999999997 0.39492764264029667 73.125000000000014 434.68826293945318 366.25000000000006 0.98296291314453421 56.356004714965827 10.457205295562746 131.70607757568362 -0.28833333333333339 0.15419293748126653 0.47106104501488716 47.125000000000007 0.57333333333333336 -0.11166666666666665 0.18074690250443073 674.25000000000011 1.0000000180025095e-35 0.14935664449123034 10.500000000000002 -0.22252093395631442 18.500000000000004 223.34320831298831 -0.23666666666666658 9.1782402992248553
decision_type=2 2 2 2 2 2 2 2 2 2 2 2 2 2 2 2 2 2 2 2 2 2 2 2 2 2 2 2 2 2
left_child=1 5 14 -4 10 -1 7 -7 -8 -10 11 12 13 -2 -3 21 17 -17 -19 -20 22 23 -18 -16 -13 -26 27 28 29 -27
right_child=4 2 3 -5 -6 6 8 -9 9 -11 -12 24 -14 -15 15 16 20 18 19 -21 -22 -23 -24 -25 25 26 -28 -29 -30 -31
leaf_value=-0.0050896386896056361 -0.001548105338790467 0.0038240480853710328 0.0084733191132545481 0.00021371067174383112 0.0042785824225891542 -0.0021932967239990833 -0.0049027441805878352 0.0046267262740951522 0.0025436680177868959 -0.0024255459432643428 0.00075022574069202874 -9.8019712555686653e-05 -0.00038024127087613014 -0.0073934286070818263 -0.00020585035273454545 -0.0094493977950307825 -0.0045601774237266834 -0.0063240218674764041 -0.0037550215524705974 0.0028289941655359522 0.0025050276179619507 -0.0029512414521456736 0.00093551557004937667 0.0038902405521366746 -0.00011893331555198261 -0.0024497838714160024 -0.0001536068489450908 0.00028882804106986179 0.0011727923317533132 0.0055168171399346396
leaf_weight=32 36 20 20 37 23 20 43 23 29 79 777 7710 299 22 2652 29 22 21 22 29 61 46 23 20 4355 20 2278 1815 1321 111
leaf_count=32 36 20 20 37 23 20 43 23 29 79 777 7710 299 22 2652 29 22 21 22 29 61 46 23 20 4355 20 2278 1815 1321 111
internal_value=1.13705e-05 -0.000344613 -0.000227655 0.00311182 7.2601e-05 -0.00189818 -0.00137176 0.00145462 -0.00217662 -0.00109122 6.744e-05 3.79123e-05 -0.000930194 -0.0037653 -0.00029229 -0.000320436 -0.00161066 -0.00403373 -0.00185242 -1.11695e-05 0.00069811 -0.000222173 -0.00175127 -0.000175191 5.75383e-05 0.000178685 0.000412432 0.000807117 0.00145498 0.00430054
internal_weight=21995 3228 3002 57 18767 226 194 43 151 108 18744 17967 357 58 2945 2925 207 101 72 51 106 2718 45 2672 17610 9900 5545 3267 1452 131
internal_count=21995 3228 3002 57 18767 226 194 43 151 108 18744 17967 357 58 2945 2925 207 101 72 51 106 2718 45 2672 17610 9900 5545 3267 1452 131
is_linear=0
shrinkage=0.05


Tree=118
num_leaves=31
num_cat=0
split_feature=25 27 4 17 10 19 8 8 3 9 16 28 27 5 23 1 3 11 7 17 27 33 26 23 3 9 7 7 13 26
split_gain=0.173073 0.211739 0.233918 0.445044 0.150119 0.148811 0.385072 0.233842 0.322473 0.321415 0.428211 0.294966 0.239319 0.233557 0.176672 0.168669 0.225248 0.213645 0.19277 0.195145 0.139468 0.137381 0.13707 0.159317 0.179626 0.161295 0.189097 0.133639 0.178295 0.2033
threshold=0.62833333333333352 -0.22833333333333325 29.525028228759769 0.17833333333333337 1.4683333333333335 0.2877488435470496 248.12500000000003 168.12500000000003 98.625000000000014 296.13528442382818 -0.6349999999999999 14.500000000000002 0.19000000000000017 269.00869750976568 0.47567536343471378 63.46881294250489 25.125000000000004 -0.53833333333333322 169.12500000000003 0.17833333333333337 -0.11666666666666665 0.98296291314453421 -0.27499999999999997 0.39492764264029667 73.125000000000014 434.68826293945318 366.25000000000006 642.12500000000011 -0.36499999999999994 -0.036666666666666632
decision_type=2 2 2 2 2 2 2 2 2 2 2 2 2 2 2 2 2 2 2 2 2 2 2 2 2 2 2 2 2 2
left_child=1 22 5 -4 21 7 15 20 9 -9 14 12 13 -10 -11 16 -7 -18 -17 -20 -3 -2 -1 24 -24 -25 -27 28 29 -22
right_child=4 2 3 -5 -6 6 -8 8 11 10 -12 -13 -14 -15 -16 18 17 -19 19 -21 27 -23 23 25 -26 26 -28 -29 -30 -31
leaf_value=-0.0048351567435020119 3.3621813506389072e-05 0.00097029875043534762 0.006458996986704213 -0.0026163590500469912 0.0028615877010452098 -0.00020670859467274711 0.0054063943686668541 0.00092731868704397456 0.00094877144729252913 -0.0063455482727537557 -0.010882987433367155 0.005307545477990061 -0.0044718920244026543 -0.0046862857067026201 -0.0017287405219915978 0.00048139688299840826 0.0084780409000813958 0.0013377777015028353 -0.0010709493909370532 -0.0064120706263929607 -0.0030948753204112027 0.00071271446555970465 -0.0020836318377405404 -0.0046576069272664744 0.0043953898727245961 0.0024164846990907822 -0.0023042686747776083 -0.0025234767047472169 -0.000447503227321237 0.0021053350521427535
leaf_weight=32 17942 213 35 22 48 51 37 34 112 30 22 21 38 22 67 251 20 22 118 20 22 777 20 43 23 29 79 70 1646 129
leaf_count=32 17942 213 35 22 48 51 37 34 112 30 22 21 38 22 67 251 20 22 118 20 22 777 20 43 23 29 79 70 1646 129
internal_value=1.0802e-05 -0.000327382 -0.000216272 0.00295623 6.8971e-05 -0.000277675 0.000490758 -0.000442068 -0.00164566 -0.00336006 -0.00458502 -0.000286577 -0.00096958 2.36128e-05 -0.00315662 0.000113417 0.00202634 0.0047379 -0.000343915 -0.00184502 -0.000241855 6.181e-05 -0.00180327 -0.00130317 0.00138189 -0.00206779 -0.00103666 -0.000380146 -0.000296655 0.00134769
internal_weight=21995 3228 3002 57 18767 2945 519 2426 346 153 119 193 172 134 97 482 93 42 389 138 2080 18719 226 194 43 151 108 1867 1797 151
internal_count=21995 3228 3002 57 18767 2945 519 2426 346 153 119 193 172 134 97 482 93 42 389 138 2080 18719 226 194 43 151 108 1867 1797 151
is_linear=0
shrinkage=0.05


Tree=119
num_leaves=31
num_cat=0
split_feature=33 27 2 2 8 20 21 29 15 6 8 2 5 32 12 26 10 22 7 12 16 8 14 3 2 0 5 22 18 9
split_gain=0.169314 0.210013 0.536678 0.522156 0.37156 0.371759 0.555804 0.403286 0.358766 0.440575 0.349264 0.336168 0.449223 0.354065 0.31316 0.301613 0.300205 0.258024 0.252076 0.238744 0.225628 0.247705 0.208425 0.320974 0.196503 0.192554 0.400476 0.215943 0.383147 0.283536
threshold=-0.60355339059327362 0.15666666666666682 1015.0994262695314 1011.4349060058595 269.87500000000006 -0.41166666666666657 0.23166666666666672 4.5000000000000009 0.20526292513757638 524.37500000000011 189.12500000000003 1018.6356201171876 239.73611450195315 2.5000000000000004 -0.19499999999999998 0.3650000000000001 0.39166666666666672 0.21230902777777783 210.12500000000003 -0.60166666666666657 -0.87499999999999989 174.62500000000003 0.37000000000000011 98.375000000000014 1007.4965820312501 21.123750686645511 297.03623962402349 0.1668402777777778 0.095416666666666608 453.26652526855474
decision_type=2 2 2 2 2 2 2 2 2 2 2 2 2 2 2 2 2 2 2 2 2 2 2 2 2 2 2 2 2 2
left_child=-1 25 3 4 5 6 7 20 19 -10 -9 12 13 -4 -7 -13 -8 -6 -14 -5 -3 -22 24 -24 -16 -2 27 -27 29 -29
right_child=1 2 11 8 17 14 16 10 9 -11 -12 15 18 -15 22 -17 -18 -19 -20 -21 21 -23 23 -25 -26 26 -28 28 -30 -31
leaf_value=0.00022612170746641016 1.7016746436411851e-05 9.4268126068291846e-05 0.0011469192414854965 0.0012392618990953921 -0.0021864534912310776 -0.0072211446712608443 0.0040388705830437027 -0.0018422828882868434 -0.0035703710445280502 -0.012210567429661751 0.0062221710905432702 -0.0010553751048074168 0.0038683732868566253 0.0084857934442836621 0.0017404114681163004 0.0054048036294989292 -0.0019927816148847342 -0.0092353531101252891 -0.0023156627866491261 -0.0040713783481821295 -0.0010087883844971657 -0.0079488777581395373 -0.0065524513153611009 -0.00063118451907333414 -0.003586598990849503 -0.00062869348028508996 0.0059185563205656688 0.0036146029841066119 -0.008461762640625238 -0.0032504205431184846
leaf_weight=6429 13627 27 27 33 37 25 118 29 36 25 25 187 26 42 70 20 25 20 45 59 20 36 37 60 23 766 22 21 25 53
leaf_count=6429 13627 27 27 33 37 25 118 29 36 25 25 187 26 42 70 20 25 20 45 59 20 36 37 60 23 766 22 21 25 53
internal_value=1.02619e-05 -7.88916e-05 -0.000761058 -0.00155336 -0.000836964 -0.000396764 0.000803947 -0.00147199 -0.00413799 -0.00711144 0.00189126 0.000848657 0.00274102 0.00561406 -0.00196048 -0.000431203 0.00298439 -0.00465975 -5.10862e-05 -0.00216647 -0.00366012 -0.00547027 -0.00126829 -0.00288981 0.000422979 -2.9447e-05 -0.00074327 -0.000912704 -0.0031102 -0.00130224
internal_weight=21995 15566 1052 705 552 495 280 137 153 61 54 347 140 69 215 207 143 57 71 92 83 56 190 97 93 14514 887 865 99 74
internal_count=21995 15566 1052 705 552 495 280 137 153 61 54 347 140 69 215 207 143 57 71 92 83 56 190 97 93 14514 887 865 99 74
is_linear=0
shrinkage=0.05


Tree=120
num_leaves=31
num_cat=0
split_feature=0 1 19 4 27 33 8 25 9 11 8 22 25 2 3 5 13 6 19 36 14 18 1 36 27 4 5 3 3 29
split_gain=0.149008 0.17036 0.313732 0.200356 0.334797 0.143603 0.310676 0.281562 0.275333 0.318853 0.560365 0.481946 0.263296 0.261794 0.415877 0.539666 0.57115 0.454806 0.324844 0.321881 0.300035 0.28447 0.266268 0.233649 0.289489 0.337507 0.354688 0.369511 0.386601 0.37927
threshold=3.123749971389771 56.356004714965827 0.40299294060195673 10.529126167297365 0.25666666666666682 0.12940952255126045 6.8750000000000009 0.56166666666666687 1.1908552646636965 0.49833333333333335 194.62500000000003 0.43711805555555561 1.4050000000000002 1007.4965820312501 67.875000000000014 164.08743286132815 -0.14166666666666664 326.12500000000006 0.11297902132364716 -0.22252093395631442 -0.14375000000000002 0.37072916666666683 75.741744995117202 -0.56174490092936669 -0.19833333333333333 33.268840789794929 233.22824859619143 66.625000000000014 99.625000000000014 1.5000000000000002
decision_type=2 2 2 2 2 2 2 2 2 2 2 2 2 2 2 2 2 2 2 2 2 2 2 2 2 2 2 2 2 2
left_child=-1 2 3 4 -2 6 -3 -8 -7 12 -11 -12 13 14 19 18 17 -17 -16 -10 -18 -21 -19 -9 25 26 27 -25 29 -29
right_child=1 5 -4 -5 -6 8 7 23 9 10 11 -13 -14 -15 15 16 20 22 -20 21 -22 -23 -24 24 -26 -27 -28 28 -30 -31
leaf_value=0.00054552905166900859 -0.001214299394322031 -0.00015353757737135182 -0.0069444529335236267 -3.7786409452914649e-05 -0.008373494173865766 0.00017803628624123459 -0.0021478548356551781 -5.8165927330096402e-05 -0.0025979134766384963 -0.00092960672148311623 -0.0011378512527285651 -0.011284827705472709 -0.004391797673353624 -0.00034560959489379539 0.0013208853824424648 0.0027391319507470645 0.0060169203524028173 0.0050525016400830023 -0.0035560163604187486 -0.0002368611081890223 0.00069409694088359462 0.0062126031832858211 0.012761903778664419 0.006886396751542634 0.00050697420324248999 0.0069957197313347168 -0.00010456192029789551 0.0042544185088693419 0.0051143146906461982 -0.0039560065616686376
leaf_weight=1287 89 5020 21 312 20 4079 108 1728 145 867 22 25 37 3525 62 71 29 21 76 92 304 21 24 48 3715 31 162 22 45 39
leaf_count=1287 89 5020 21 312 20 4079 108 1728 145 867 22 25 37 3525 62 71 29 21 76 92 304 21 24 48 3715 31 162 22 45 39
internal_value=2.34648e-05 -8.90019e-06 -0.000980012 -0.000682499 -0.00252791 1.22255e-05 0.000135565 0.000381631 -0.000131033 -0.00036796 -0.00121786 -0.00653518 -0.000191694 -0.000156132 0.000634292 0.00136968 0.00221016 0.00523161 -0.00136494 -0.00103885 0.00115765 0.000961712 0.00916418 0.000428814 0.000635978 0.0020171 0.00152869 0.00324678 0.00159865 -0.00099487
internal_weight=22047 20760 442 421 109 20318 10918 5898 9400 5321 914 47 4407 4370 845 587 449 116 138 258 333 113 45 5790 4062 347 316 154 106 61
internal_count=22047 20760 442 421 109 20318 10918 5898 9400 5321 914 47 4407 4370 845 587 449 116 138 258 333 113 45 5790 4062 347 316 154 106 61
is_linear=0
shrinkage=0.05


Tree=121
num_leaves=31
num_cat=0
split_feature=0 1 19 13 26 3 20 26 26 8 13 25 23 10 10 26 14 23 29 6 6 0 18 15 34 36 26 10 19 13
split_gain=0.134479 0.15375 0.283143 0.181373 0.140365 0.135509 0.30588 0.185335 0.181628 0.243446 0.19125 0.267033 0.198599 0.185336 0.167531 0.135108 0.433357 0.410736 0.401343 0.351443 0.472223 0.211949 0.266673 0.19104 0.258892 0.185636 0.174081 0.271138 0.189165 0.201424
threshold=3.123749971389771 56.356004714965827 0.40299294060195673 0.66833333333333345 -0.14499999999999993 99.125000000000014 -1.0483333333333331 -0.42499999999999993 -0.30166666666666658 253.12500000000003 -0.7749999999999998 0.67833333333333345 0.54670916686278215 0.048333333333333346 0.025000000000000005 0.31833333333333341 -0.5512499999999998 0.48739333183876637 1.5000000000000002 578.75000000000011 452.62500000000006 18.561250686645511 -0.014479166666666711 0.24074729335819486 -0.60355339059327384 -0.22252093395631442 0.24500000000000002 -0.45166666666666661 0.31212636805240729 0.40166666666666673
decision_type=2 2 2 2 2 2 2 2 2 2 2 2 2 2 2 2 2 2 2 2 2 2 2 2 2 2 2 2 2 2
left_child=-1 2 3 4 -2 15 14 -8 9 -9 11 12 -10 -13 -7 26 17 -17 21 20 23 22 -18 24 -20 -25 -3 -28 29 -29
right_child=1 5 -4 -5 -6 6 7 8 10 -11 -12 13 -14 -15 -16 16 18 -19 19 -21 -22 -23 -24 25 -26 -27 27 28 -30 -31
leaf_value=0.0005182525950445184 0.0030144491432500739 -9.7883785978854793e-05 -0.0065972302485966978 -0.0049654811322081679 -0.00065719948462493764 0.0059650874976068732 0.0049459028802812102 0.00018999884355693094 0.0011265201909488743 -0.006517585264130806 0.00010835884906418518 0.0067698384059921794 -0.0042899765761103478 0.0017487689463450808 0.0002285459759877995 -0.0015626943204551935 -0.011809756285510958 0.0085706143267452722 -0.0084027690067887319 -0.0069257377949543302 0.0047807123171738708 -0.0014232152234762907 -0.0036446886719204486 0.0035309180333886457 -0.00035771393246250229 -0.0027551725332159551 -0.0033894710320358477 0.0052077753010850688 -0.00024533679614715436 0.00030972519213513984
leaf_weight=1287 28 11299 21 23 370 35 20 31 110 24 8272 34 20 40 20 20 20 20 20 20 39 20 20 23 20 24 24 65 47 31
leaf_count=1287 28 11299 21 23 370 35 20 31 110 24 8272 34 20 40 20 20 20 20 20 20 39 20 20 23 20 24 24 65 47 31
internal_value=2.22915e-05 -8.45518e-06 -0.000931012 -0.000648374 -0.000398893 1.16142e-05 0.00016225 0.000138343 0.000127072 -0.00273695 0.000145657 0.00165805 0.000293213 0.00405575 0.00387907 -9.90731e-05 -0.00125847 0.00350396 -0.00218322 -0.000768422 0.000208929 -0.00562589 -0.00772722 -0.00184049 -0.00438024 0.000320999 -7.41985e-05 0.00152832 0.00235368 0.00362611
internal_weight=22047 20760 442 421 398 20318 8606 8551 8531 55 8476 204 130 74 55 11712 246 40 206 146 126 60 40 87 40 47 11466 167 143 96
internal_count=22047 20760 442 421 398 20318 8606 8551 8531 55 8476 204 130 74 55 11712 246 40 206 146 126 60 40 87 40 47 11466 167 143 96
is_linear=0
shrinkage=0.05


Tree=122
num_leaves=31
num_cat=0
split_feature=26 35 0 1 19 4 15 2 26 20 25 24 23 17 25 21 15 28 17 19 17 8 8 4 0 36 6 7 5 12
split_gain=0.127608 0.314851 0.124105 0.136985 0.255537 0.180596 0.172977 0.121041 0.308931 0.289636 0.346801 0.468972 0.396702 0.267208 0.683503 0.251773 0.509903 0.348316 0.329986 0.507099 0.243967 0.527806 0.451777 0.452135 0.422807 0.319092 0.305121 0.389003 0.415378 0.254201
threshold=-0.61333333333333329 1.0000000180025095e-35 3.123749971389771 56.356004714965827 0.40299294060195673 10.529126167297365 0.1742483827673755 1013.2432861328126 0.49500000000000005 -0.78583333333333327 0.72166666666666679 -0.90166666666666651 0.38135039960199907 -0.12499999999999999 0.63833333333333353 0.20166666666666672 0.22877592323082377 15.500000000000002 -0.39499999999999996 0.14612423357128415 -0.048333333333333332 205.87500000000003 233.12500000000003 18.448049545288089 9.0987496376037615 -0.22252093395631442 560.62500000000011 378.12500000000006 248.82739257812503 -0.60166666666666657
decision_type=2 2 2 2 2 2 2 2 2 2 2 2 2 2 2 2 2 2 2 2 2 2 2 2 2 2 2 2 2 2
left_child=1 -1 -2 4 5 6 -4 9 -9 10 11 -5 -12 14 -13 16 17 18 -11 -20 21 24 25 -24 -17 -23 -22 -28 -29 -26
right_child=2 -3 3 7 -6 -7 -8 8 -10 15 12 13 -14 -15 -16 20 -18 -19 19 -21 26 22 23 -25 29 -27 27 28 -30 -31
leaf_value=-0.0015545239073357412 0.00049233996663987812 0.007103684114380962 -0.0014237916477356798 0.00070973033712229243 -0.0062673688334013745 -3.860368827027299e-06 -0.0065697569272015243 -0.00014543533809074178 0.0055348536678745102 -0.00012167958683628392 -0.0069698601650695011 0.013030895355926908 7.6503730873418762e-05 0.0020729776743785232 0.0029162424536360826 0.0071726980339735756 0.0040631532146771614 0.0035124015846425514 0.0023694410435855392 -0.0054111403324226164 4.9582149581951528e-05 0.0029984602205513512 0.004903626550988454 -0.0032539689592246354 0.0043634056230075656 0.011267495343262065 -0.0066149898661443818 0.0023756071717640306 -0.0058538896988307981 -0.00082365683011003136
leaf_weight=21 1287 21 89 522 21 312 20 9051 24 76 21 23 409 131 61 20 37 24 25 129 9213 20 41 29 26 28 39 46 23 258
leaf_count=21 1287 21 89 522 21 312 20 9051 24 76 21 23 409 131 61 20 37 24 25 129 9213 20 41 29 26 28 39 46 23 258
internal_value=2.1177e-05 0.00277458 1.59217e-05 -1.36734e-05 -0.000884461 -0.000615955 -0.00236801 5.30905e-06 -0.000130413 0.000115271 0.000860809 0.00151919 -0.000267621 0.00348447 0.00568573 2.8561e-05 -0.00142067 -0.00221949 -0.0028176 -0.00414806 7.1846e-05 0.00124773 0.00408595 0.00152405 0.000146049 0.00782206 1.8609e-05 -0.00262358 -0.000367558 -0.000348785
internal_weight=22047 42 22005 20718 442 421 109 20276 9075 11201 1167 737 430 215 84 10034 291 254 230 154 9743 422 118 70 304 48 9321 108 69 284
internal_count=22047 42 22005 20718 442 421 109 20276 9075 11201 1167 737 430 215 84 10034 291 254 230 154 9743 422 118 70 304 48 9321 108 69 284
is_linear=0
shrinkage=0.05


Tree=123
num_leaves=31
num_cat=0
split_feature=22 27 1 19 4 27 2 18 12 24 23 4 5 23 15 7 6 4 8 36 0 0 10 0 16 25 1 2 28 1
split_gain=0.119435 0.169814 0.11128 0.234086 0.17136 0.287458 0.128268 0.121793 0.446259 0.333065 0.367069 0.335938 0.476556 0.30494 0.281082 0.275155 0.236599 0.228814 0.261679 0.278744 0.331904 0.265213 0.257869 0.255621 0.329001 0.287702 0.244893 0.243994 0.261676 0.260488
threshold=0.86362847222222228 -0.32166666666666671 56.356004714965827 0.40299294060195673 10.529126167297365 0.25666666666666682 1014.4525146484376 0.085000000000000089 -0.21166666666666664 -0.27499999999999997 0.28019433228894369 31.724196434021 214.53880310058597 0.3444103180796701 0.1742483827673755 316.62500000000006 246.37500000000003 10.194302082061769 207.12500000000003 -0.56174490092936669 18.873750686645511 19.673750877380375 -0.3216666666666666 12.523749828338625 -0.88833333333333331 0.92000000000000004 66.226615905761733 1011.7479248046876 10.500000000000002 72.020004272460952
decision_type=2 2 2 2 2 2 2 2 2 2 2 2 2 2 2 2 2 2 2 2 2 2 2 2 2 2 2 2 2 2
left_child=2 -2 3 4 5 6 -1 9 13 10 -4 17 15 -9 -15 -13 -11 18 -12 20 22 -21 -20 24 -19 26 -26 28 -25 -29
right_child=1 -3 7 -5 -6 -7 -8 8 -10 16 11 12 -14 14 -16 -17 -18 23 19 21 -22 -23 -24 27 25 -27 -28 29 -30 -31
leaf_value=0.00035532107215438942 0.0047615298144096001 0.00034371990455046701 -0.0055240626047764509 -0.0059540003939348813 5.5217078153228006e-05 -0.007666173118814186 -0.0036287782248109581 -0.0076017219723472675 -4.7323400428150017e-05 0.00081781883374787878 0.00045904172036037046 0.011110977515151416 0.00087627802615676683 -0.0042804137041925318 0.0028350405921430694 0.0029164035525172951 0.0084165903673108135 0.0074124256765935566 0.006758176260020423 0.0025567998823152818 -0.0041428469792008397 0.0084209896383746971 -0.00072904035307305021 -0.0010832959520030272 0.001131839215522632 0.00019871049813843913 0.0070525806763344599 -0.00087328991619562877 0.0006924886816215448 0.00039199969219802191
leaf_weight=58 22 1930 28 21 310 20 31 31 14850 20 570 21 121 35 23 20 21 20 23 51 25 31 23 256 40 320 31 1433 1094 568
leaf_count=58 22 1930 28 21 310 20 31 31 14850 20 570 21 121 35 23 20 21 20 23 51 25 31 23 256 40 320 31 1433 1094 568
internal_value=2.01181e-05 0.000393511 -1.61527e-05 -0.000802554 -0.000544367 -0.00224961 -0.0010324 1.45178e-06 -6.84794e-05 0.000222975 0.000183624 0.000218016 0.00245487 -0.00359845 -0.00145877 0.00711362 0.00470987 0.00013722 0.000951868 0.00278789 0.000494351 0.00477375 0.00301457 -1.93435e-05 0.00115752 0.000837573 0.00371695 -0.000163685 0.000355747 -0.000514127
internal_weight=22047 1952 20095 440 419 109 89 19655 14939 4716 4675 4647 162 89 58 41 41 4485 723 153 71 82 46 3762 411 391 71 3351 1350 2001
internal_count=22047 1952 20095 440 419 109 89 19655 14939 4716 4675 4647 162 89 58 41 41 4485 723 153 71 82 46 3762 411 391 71 3351 1350 2001
is_linear=0
shrinkage=0.05


Tree=124
num_leaves=31
num_cat=0
split_feature=33 26 15 27 27 12 7 9 25 12 19 8 27 21 14 11 1 16 8 1 8 2 25 24 21 27 2 8 9 1
split_gain=0.117258 0.300873 0.195849 0.341998 0.188809 0.327547 0.324548 0.376612 0.250742 0.305525 0.299426 0.170549 0.141991 0.160167 0.350068 0.201668 0.198367 0.183791 0.177715 0.167393 0.151927 0.253883 0.284163 0.321621 0.452596 0.221384 0.204845 0.200554 0.198815 0.215721
threshold=-0.60355339059327362 -0.36166666666666658 0.34486712379383838 0.78833333333333344 0.4883333333333334 -0.19499999999999998 333.37500000000006 615.85873413085949 0.78500000000000003 -0.62166666666666648 0.30197858221978047 5.1250000000000009 0.073333333333333306 0.018333333333333337 -0.012499999999999893 -0.16166666666666665 70.490070343017592 -0.42166666666666658 130.12500000000003 59.975780487060554 113.12500000000001 1025.6417236328127 0.78500000000000003 -0.66166666666666651 0.54166666666666685 0.21166666666666675 1011.8374633789064 156.62500000000003 122.82829666137697 69.171703338623061
decision_type=2 2 2 2 2 2 2 2 2 2 2 2 2 2 2 2 2 2 2 2 2 2 2 2 2 2 2 2 2 2
left_child=1 -1 11 -4 -2 6 8 -8 9 -6 -10 -3 13 17 15 16 -15 19 -16 -13 -14 22 23 26 -25 -24 27 -22 -27 -30
right_child=4 2 3 -5 5 -7 7 -9 10 -11 -12 12 20 14 18 -17 -18 -19 -20 -21 21 -23 25 24 -26 28 -28 -29 29 -31
leaf_value=0.0060359599513255743 -3.3980244471380636e-05 -0.00010121729190459069 -0.0070987612633034592 0.00094707166504771781 0.002154056401923299 -0.0060173594872193308 -0.0067548874128413837 0.0010547059606044339 0.0063936857779481222 -0.0049857946488285265 -0.0003942784173308279 0.0047258407151925252 0.00046045615675385088 -0.0040736782176065299 0.00068845220451046974 -0.0063773088902235034 0.0028841258725151421 0.0069575396588160881 0.0027532811286751259 -0.00015776856564619441 -0.0006097814793715121 0.0046603010128213407 -0.0042848557162525709 0.0090572238940259692 -0.00013811224425808177 -0.0044956239105592814 -0.0012744872708820383 0.0027196430479220694 -0.0026122350642021671 0.001767128809816703
leaf_weight=22 15390 2662 25 28 29 34 38 26 32 31 33 28 1730 21 953 25 20 21 117 47 98 24 74 23 32 31 252 84 47 70
leaf_count=22 15390 2662 25 28 29 34 38 26 32 31 33 28 1730 21 953 25 20 21 117 47 98 24 74 23 32 31 252 84 47 70
internal_value=1.91122e-05 0.000198738 0.00017871 -0.00284813 -5.49103e-05 -0.00149937 -0.000686606 -0.00358224 0.000795958 -0.00153487 0.00294749 0.000203938 0.000423663 0.000861971 0.000696242 -0.00283784 -0.000679627 0.00282309 0.000914233 0.00166545 0.000204598 -0.000397626 -0.000568358 0.000105148 0.00370721 -0.00205189 -0.000351335 0.000926876 -0.000935408 7.89717e-06
internal_weight=22047 6434 6412 53 15613 223 189 64 125 60 65 6359 3697 1232 1136 66 41 96 1070 75 2465 735 711 489 55 222 434 182 148 117
internal_count=22047 6434 6412 53 15613 223 189 64 125 60 65 6359 3697 1232 1136 66 41 96 1070 75 2465 735 711 489 55 222 434 182 148 117
is_linear=0
shrinkage=0.05


Tree=125
num_leaves=31
num_cat=0
split_feature=10 3 26 0 29 10 11 13 23 26 8 36 13 5 10 9 9 0 26 27 15 8 14 0 4 16 25 21 15 25
split_gain=0.142201 0.144366 0.282613 0.519348 0.307786 0.259506 0.387361 0.335731 0.426767 0.242084 0.232917 0.239043 0.200422 0.173095 0.144953 0.138694 0.159488 0.231625 0.125036 0.124631 0.217611 0.414967 0.722909 0.396223 0.483172 0.427411 0.370016 0.354051 0.587678 0.444722
threshold=1.4316666666666669 99.375000000000014 0.33166666666666678 22.423750877380375 1.5000000000000002 0.39166666666666672 -0.34166666666666662 -0.245 0.47278226356663233 0.3083333333333334 231.62500000000003 -0.22252093395631442 0.28166666666666673 221.19389343261722 0.36166666666666675 628.32302856445324 500.67037963867193 19.948751449584964 0.039999999999999959 -0.053333333333333115 0.15935633903362451 199.62500000000003 0.33041666666666686 10.636250019073488 20.642953872680668 -0.6349999999999999 1.0583333333333336 0.44833333333333336 0.38145614092465735 0.59833333333333349
decision_type=2 2 2 2 2 2 2 2 2 2 2 2 2 2 2 2 2 2 2 2 2 2 2 2 2 2 2 2 2 2
left_child=1 2 19 4 13 6 7 8 -6 15 14 -12 -8 -4 -11 16 -3 18 -18 20 21 -1 -23 24 25 -22 -26 28 29 -25
right_child=-2 9 3 -5 5 -7 12 -9 -10 10 11 -13 -14 -15 -16 -17 17 -19 -20 -21 23 22 -24 27 26 -27 -28 -29 -30 -31
leaf_value=-0.00031912218055900202 0.0022476622343044388 0.00011698980509532771 -0.0085912074034030627 0.005701964769867205 -0.0038839712409147378 -0.0051216734080974553 0.007269349673297257 -0.0059505184606782032 0.006005457050632686 0.0075504404951870028 -0.0039384536584839225 0.0034629442903678868 0.00035357670223509725 -0.0032967179017999262 0.0019343275204300884 -0.00191339677380656 0.0017064937067428423 -0.0010145248901854093 0.0061620549069630222 2.9005520121835451e-05 0.00520336548908658 -0.001649604709841564 -0.011606353307142854 -0.0052398401312530041 0.008503980539404812 -0.0033490179681393787 0.0024419920259929253 -0.0020084012125316602 0.0084444121417144077 0.00077926947947754162
leaf_weight=3448 70 8501 26 21 24 35 20 35 20 27 20 24 22 38 20 83 31 37 32 8524 21 206 20 34 39 48 71 178 23 315
leaf_count=3448 70 8501 26 21 24 35 20 35 20 27 20 24 22 38 20 83 31 37 32 8524 21 206 20 34 39 48 71 178 23 315
internal_value=-2.33127e-06 -9.50893e-06 -0.000114202 -0.00181067 -0.00252779 -0.00132992 -0.000233129 -0.00229588 0.000611223 0.000147596 0.00271308 9.86725e-05 0.0036468 -0.0054476 0.00516061 0.000120713 0.000140342 0.0021255 0.00396964 -8.25745e-05 -0.000298588 -0.000455166 -0.00253073 0.000490529 0.00253382 -0.000746119 0.00459124 -0.00017447 0.000703056 0.000192881
internal_weight=22013 21943 13168 241 220 156 121 79 44 8775 91 44 42 64 47 8684 8601 100 63 12927 4403 3674 226 729 179 69 110 550 372 349
internal_count=22013 21943 13168 241 220 156 121 79 44 8775 91 44 42 64 47 8684 8601 100 63 12927 4403 3674 226 729 179 69 110 550 372 349
is_linear=0
shrinkage=0.05


Tree=126
num_leaves=31
num_cat=0
split_feature=22 2 18 8 27 12 15 7 10 24 19 3 27 18 4 5 9 9 12 1 16 26 7 17 1 17 26 9 26 15
split_gain=0.138584 0.142045 0.193729 0.437246 0.652586 0.435307 0.188225 0.220786 0.263077 0.253032 0.298232 0.33733 0.407816 0.235626 0.24676 0.211917 0.273165 0.264332 0.274467 0.193674 0.184918 0.182975 0.185685 0.480801 0.329354 0.359557 0.190098 0.392678 0.284195 0.42645
threshold=0.8032118055555556 1013.4266357421876 0.035624999999999997 262.62500000000006 0.049999999999999954 0.095000000000000029 0.18758578284194613 478.62500000000006 -0.62166666666666648 -0.94166666666666654 0.22680362466289702 60.875000000000007 0.15666666666666682 -0.38979166666666659 23.131214141845707 230.17874145507815 249.21356201171878 210.83599090576175 0.20166666666666672 81.193176269531264 -0.65833333333333321 -0.42499999999999993 252.12500000000003 -0.42166666666666658 76.956684112548842 0.12833333333333338 -0.28833333333333339 527.71023559570324 -0.096666666666666623 0.16197707834343741
decision_type=2 2 2 2 2 2 2 2 2 2 2 2 2 2 2 2 2 2 2 2 2 2 2 2 2 2 2 2 2 2
left_child=1 2 21 20 5 -5 -3 9 -9 10 -8 -12 -13 14 -11 17 19 18 -15 -17 -4 -1 23 -23 26 -26 27 -24 29 -28
right_child=-2 6 3 4 -6 -7 7 8 -10 13 11 12 -14 15 -16 16 -18 -19 -20 -21 -22 22 24 -25 25 -27 28 -29 -30 -31
leaf_value=0.0038712959999266344 0.00036041903661962731 -0.00013370924184887199 -0.0045776334548877041 -0.006370955284522928 -0.010578764794869737 0.0022616930748336019 -0.0027152635739184916 -0.00041552598042220905 -0.0069430891593748878 -0.0018781644757837057 -0.0013908916520641039 0.0099116941549531809 0.001757448015268892 0.0042594568648686012 -0.008004187339916825 -0.0052005318973603991 0.0016480502400531612 -0.0042527905435653752 -0.0035677428446000536 0.0011104222666472197 1.2448386158310767e-05 0.0068186593022854895 -0.0075409615655308189 0.00075547606088201963 -0.0011745485876404852 -0.0087643499579280609 0.00047398910177626506 0.0015116752469912171 6.5270059285770036e-05 0.0053656424427015797
leaf_weight=39 2353 8273 22 23 24 40 39 29 33 48 38 23 46 24 25 31 119 74 21 20 8332 34 23 853 71 20 133 25 1111 67
leaf_count=39 2353 8273 22 23 24 40 39 29 33 48 38 23 46 24 25 31 119 74 21 20 8332 34 23 853 71 20 133 25 1111 67
internal_value=-2.2147e-06 -4.56164e-05 7.59006e-05 -3.63633e-05 -0.0035627 -0.000889909 -0.000194259 -0.00107309 -0.00388987 -0.000729304 0.00102782 0.00239213 0.00447553 -0.00143798 -0.00397612 -0.000796859 0.000335941 -0.00241514 0.000606764 -0.00272565 3.60548e-07 0.00047473 0.000418048 0.000987887 6.94644e-05 -0.00284264 0.000264462 -0.00282605 0.000377615 0.00211269
internal_weight=22013 19660 10817 8441 87 63 8843 570 62 508 146 107 69 362 73 289 170 119 45 51 8354 2376 2337 887 1450 91 1359 48 1311 200
internal_count=22013 19660 10817 8441 87 63 8843 570 62 508 146 107 69 362 73 289 170 119 45 51 8354 2376 2337 887 1450 91 1359 48 1311 200
is_linear=0
shrinkage=0.05


Tree=127
num_leaves=31
num_cat=0
split_feature=10 3 26 0 26 26 19 8 0 16 21 4 4 2 4 4 15 4 1 26 26 1 17 23 17 15 15 8 17 25
split_gain=0.130032 0.125293 0.248611 0.444311 0.226614 0.216255 0.272835 0.379042 0.221841 0.210239 0.264322 0.363559 0.221657 0.304738 0.195773 0.218865 0.354533 0.294283 0.163321 0.190198 0.184238 0.15806 0.152593 0.441503 0.345132 0.21936 0.437989 0.246819 0.183522 0.190431
threshold=1.5050000000000001 99.375000000000014 0.30166666666666681 22.423750877380375 0.28666666666666685 0.3083333333333334 0.28261047495565123 231.62500000000003 16.898751258850101 0.09833333333333337 0.56500000000000006 21.901044845581058 15.164267539978029 1012.5444946289064 17.649915695190433 25.762506484985355 0.21676386024405983 29.783077239990238 61.387336730957038 0.21166666666666675 -0.42499999999999993 72.89530181884767 -0.3216666666666666 0.53125651007260022 -0.28166666666666662 0.071355915428720953 0.1017395003229269 265.12500000000006 -0.215 0.68166666666666675
decision_type=2 2 2 2 2 2 2 2 2 2 2 2 2 2 2 2 2 2 2 2 2 2 2 2 2 2 2 2 2 2
left_child=1 2 4 9 -1 18 7 -7 -8 10 12 -12 13 -4 -14 16 -16 -17 19 -3 -20 -18 23 25 -24 -22 -27 -28 29 -26
right_child=-2 5 3 -5 -6 6 8 -9 -10 -11 11 -13 14 -15 15 17 21 -19 20 -21 22 -23 24 -25 28 26 27 -29 -30 -31
leaf_value=-7.8494890803531116e-05 0.0037554458512560184 -0.00074403592656937145 -0.0099494115116872967 0.0046125074503598389 0.0051197605837798969 0.0042683933503352683 0.0093570478213950998 -0.0044453857912837213 0.0019990779925137757 -0.0070439473114674916 0.0067863091354956858 -0.0023414347631235915 0.0029478458987016766 -0.0020406271395241394 -0.00046265668076021262 0.004356444810431034 -0.0040841619949787853 -0.0027157025129877425 0.004942553900182247 -0.0056508792671097173 -0.00010591102149596231 -0.010148644110276587 -0.0055366830624364038 -0.0023718115135561678 5.5516362079374846e-05 0.0098347861259416858 0.005681238843992885 -0.00065799416378842365 0.0001087302037946292 0.0067890710973491268
leaf_weight=12869 23 193 21 27 21 26 20 24 21 20 20 24 21 29 39 24 22 38 20 22 36 21 27 50 21 27 28 34 8224 21
leaf_count=12869 23 193 21 27 21 26 20 24 21 20 20 24 21 29 39 24 22 38 20 22 36 21 27 50 21 27 28 34 8224 21
internal_value=-2.10397e-06 -6.0341e-06 -0.000103464 -0.00151202 -7.0026e-05 0.000140167 0.00256495 8.57794e-05 0.00558833 -0.00210472 -0.00172331 0.00180754 -0.00244591 -0.00536232 -0.00156215 -0.00221985 -0.00391484 2.19029e-05 0.000114813 -0.00124613 0.000149285 -0.00704589 0.000137964 0.00159908 0.000107132 0.00318743 0.00451957 0.00220489 0.000125567 0.00342229
internal_weight=22013 21990 13196 306 12890 8794 91 50 41 279 259 44 215 50 165 144 82 62 8703 215 8488 43 8468 175 8293 125 89 62 8266 42
internal_count=22013 21990 13196 306 12890 8794 91 50 41 279 259 44 215 50 165 144 82 62 8703 215 8488 43 8468 175 8293 125 89 62 8266 42
is_linear=0
shrinkage=0.05


Tree=128
num_leaves=31
num_cat=0
split_feature=0 2 15 35 34 4 12 2 7 3 33 27 7 22 22 13 15 16 15 28 4 25 22 3 3 11 10 6 8 15
split_gain=0.124361 0.138724 0.171565 0.202146 0.443292 0.246427 0.38467 0.265512 0.341478 0.205469 0.195271 0.489538 0.352815 0.250016 0.19166 0.438299 0.207093 0.18403 0.181522 0.400155 0.205941 0.179641 0.1748 0.174781 0.372424 0.259334 0.229756 0.174736 0.173128 0.224705
threshold=3.123749971389771 1013.4266357421876 0.18758578284194613 -0.8783796973249266 -0.78656609248549325 26.251078605651859 -0.084999999999999978 1018.0695800781251 496.12500000000006 30.625000000000004 0.37940952255126054 0.20333333333333345 0.37500000000000006 0.4267361111111112 0.18066840277777782 0.4316666666666667 0.16734860478945929 0.76833333333333342 0.28445203966155619 13.500000000000002 17.204751968383793 1.281666666666667 0.44655381944444456 99.375000000000014 59.625000000000007 -0.2283333333333333 -0.62166666666666648 547.12500000000011 287.25000000000006 0.1017395003229269
decision_type=2 2 2 2 2 2 2 2 2 2 2 2 2 2 2 2 2 2 2 2 2 2 2 2 2 2 2 2 2 2
left_child=-1 -2 10 4 -4 7 -7 8 9 -5 14 12 -12 -14 -3 16 28 21 20 -20 -11 22 -15 24 26 -25 -9 -28 -16 -30
right_child=1 2 3 5 -6 6 -8 23 -10 18 11 -13 13 17 15 -17 -18 -19 19 -21 -22 -23 -24 25 -26 -27 27 -29 29 -31
leaf_value=0.00047276488992551986 8.3309663181331084e-05 -0.00026212193725596217 -0.0015859819923502369 -0.0039672651821423318 0.0073765050408176394 -0.0090032808466348809 0.00029998711404914506 0.0021967207979676977 -0.0057461026570071348 0.0025439846152760862 0.00016163929572319901 0.0071808203500473792 -0.00060442611667711505 -0.0062256908509880308 0.00098270216824762201 -7.9350944661064268e-06 0.0052340894951211185 -3.0085347850430522e-05 0.0067891143909138115 -0.0014452088731341066 -0.0012295826870589131 -0.0042940533892850919 -0.0013317166864558554 0.004365337551349685 -0.0072143998771342773 -0.002296501845724682 -0.001490597954475658 -0.0069766076581020443 0.0062859640970095321 -4.0886667050907147e-05
leaf_weight=1298 11568 2444 37 22 22 25 20 28 23 58 1289 21 1496 20 608 2201 34 94 36 25 96 101 208 21 43 48 47 21 36 23
leaf_count=1298 11568 2444 37 22 22 25 20 28 23 58 1289 21 1496 20 608 2201 34 94 36 25 96 101 208 21 43 48 47 21 36 23
internal_value=-1.99877e-06 -3.17474e-05 -0.000177257 -0.00101568 0.00175596 -0.00133445 -0.0048685 -0.000994635 7.05726e-05 0.00063506 -0.00012133 -0.00042834 -0.00047815 -0.0009079 6.4105e-05 0.000338846 0.00142767 -0.00198118 0.001106 0.00341439 0.000191631 -0.00253863 -0.00176101 -0.00232614 -0.00334732 -0.000268986 -0.00161519 -0.00318481 0.00123364 0.00381956
internal_weight=22013 20715 9147 572 59 513 45 468 260 237 8575 3229 3208 1919 5346 2902 701 423 215 61 154 329 228 208 139 69 96 68 667 59
internal_count=22013 20715 9147 572 59 513 45 468 260 237 8575 3229 3208 1919 5346 2902 701 423 215 61 154 329 228 208 139 69 96 68 667 59
is_linear=0
shrinkage=0.05


Tree=129
num_leaves=31
num_cat=0
split_feature=22 2 18 8 12 2 21 21 8 17 23 10 18 28 17 22 22 35 23 2 2 1 5 1 8 18 1 0 27 23
split_gain=0.117483 0.115904 0.187183 0.33884 0.545455 0.396689 0.205052 0.276832 0.285095 0.861372 0.256094 0.281197 0.26565 0.284504 0.270319 0.22759 0.48934 0.419308 0.368565 0.583419 0.47047 0.354104 0.31925 0.481083 0.432249 0.325005 0.306598 0.306499 0.400937 0.304456
threshold=0.8032118055555556 1013.2432861328126 0.035624999999999997 262.62500000000006 0.095000000000000029 1006.7945861816407 0.36166666666666675 0.37166666666666676 220.62500000000003 -0.215 0.32080270890166929 -0.19499999999999998 -0.014479166666666711 9.5000000000000018 -0.23166666666666666 0.21230902777777783 0.22470486111111115 0.6078576107927941 0.51151793055373462 1004.6378479003907 1012.6359252929689 65.338756561279311 230.81469726562503 72.89530181884767 120.12500000000001 -0.42343749999999997 77.536392211914077 10.636250019073488 0.19000000000000017 0.46667919456106149
decision_type=2 2 2 2 2 2 2 2 2 2 2 2 2 2 2 2 2 2 2 2 2 2 2 2 2 2 2 2 2 2
left_child=1 2 6 -4 -5 -6 10 -8 -9 -10 11 -1 13 14 -12 18 -17 22 19 -15 21 -21 23 24 -18 -24 -27 -26 -29 -23
right_child=-2 -3 3 4 5 -7 7 8 9 -11 12 -13 -14 15 -16 16 17 -19 -20 20 -22 29 25 -25 27 26 -28 28 -30 -31
leaf_value=2.484806329728319e-05 0.00033198714074748697 -0.00017376854255800596 -8.6739552269052058e-06 -0.0079661544136303882 -0.0044971527258420123 0.0046016010090243076 0.0054519392449308085 0.00049111595735358625 0.012713255873532035 0.00098379237438671742 -0.0011100842584964149 -0.0077542330160559648 0.003741232234191288 0.0099600929906591782 -0.0075636136368848394 -0.0055829141718438937 0.0031289314056329172 0.0044618359642724197 -0.00026475909688625509 -0.00058892107798893764 0.0059087959395255898 0.00059087447717820127 0.0005236403263633192 0.0073223583157295772 0.0032695003325075266 -0.0070890430617621368 0.00013193911263009622 -0.0014640880995156133 -0.0089810382235252003 0.0038709204995073378
leaf_weight=26 2353 9016 8246 35 23 25 37 472 20 72 86 21 54 20 20 45 58 45 511 239 50 163 45 23 21 49 21 68 24 125
leaf_count=26 2353 9016 8246 35 23 25 37 472 20 72 86 21 54 20 20 45 58 45 511 239 50 163 45 23 21 49 21 68 24 125
internal_value=-1.89883e-06 -4.18599e-05 6.98734e-05 -4.06694e-05 -0.0032194 0.000241782 0.000467589 0.00126227 0.00098742 0.00353368 0.000188939 -0.00345091 0.000291562 0.000176074 -0.00232773 0.000352188 -0.00067175 -4.74494e-05 0.000720916 0.0015646 0.0012736 0.000833824 -0.000704141 0.000533242 -0.000379915 -0.00279155 -0.00492275 -0.00218092 -0.00342503 0.00201451
internal_weight=22013 19660 10644 8329 83 48 2315 601 564 92 1714 47 1667 1613 106 1507 399 354 1108 597 577 527 309 194 171 115 70 113 92 288
internal_count=22013 19660 10644 8329 83 48 2315 601 564 92 1714 47 1667 1613 106 1507 399 354 1108 597 577 527 309 194 171 115 70 113 92 288
is_linear=0
shrinkage=0.05


Tree=130
num_leaves=31
num_cat=0
split_feature=32 20 27 19 27 16 34 4 4 9 2 36 18 27 26 8 7 0 4 2 14 19 3 22 3 26 2 3 25 17
split_gain=0.141593 0.217234 0.205488 0.195597 0.248757 0.178935 0.13502 0.341043 0.465873 0.495568 0.42469 0.387242 0.424512 0.379746 0.34265 0.243382 0.231045 0.272251 0.229921 0.21795 0.318181 0.214219 0.211676 0.226186 0.209487 0.199431 0.193417 0.179658 0.237423 0.221296
threshold=1.5000000000000002 0.115 0.43833333333333346 0.25525613488599236 0.006666666666666661 0.20166666666666672 -0.98296291314453399 23.349072456359867 17.463705062866214 309.33108520507818 1005.8706359863282 -0.56174490092936669 0.085000000000000089 0.21166666666666675 -0.20499999999999999 312.75000000000006 324.62500000000006 13.023749828338625 13.10419797897339 1013.5470275878907 -0.3033333333333334 0.25750503396653546 58.125000000000007 0.025156250000000008 64.875000000000014 0.16333333333333344 1016.7508850097657 75.125000000000014 1.0416666666666667 -0.29833333333333328
decision_type=2 2 2 2 2 2 2 2 2 2 2 2 2 2 2 2 2 2 2 2 2 2 2 2 2 2 2 2 2 2
left_child=1 2 3 4 -1 -3 7 8 9 18 -10 12 24 16 -13 -8 -11 -18 -2 -17 21 -21 -19 -24 -9 -12 27 29 -29 -16
right_child=6 5 -4 -5 -6 -7 15 11 10 13 25 14 -14 -15 26 19 17 22 -20 20 -22 -23 23 -25 -26 -27 -28 28 -30 -31
leaf_value=0.0063022937551822245 0.0051646700621896177 -0.0037452841813986498 -0.0021903687868715925 0.00078137792817350212 0.0017392143826212058 0.00012892511503986314 -4.1464835768852266e-05 0.0038429520146455614 -0.0092783274172149877 -0.0056820280739061889 -0.0018242448208053352 0.0079052191450382069 -0.0072702639769816491 -0.0070123007354725682 0.0016170999611495062 -5.1384500588081188e-05 0.0053525386739056565 -0.0027153713598759292 -9.8165440269642418e-05 -0.004340477526078329 -0.0090028467355296026 0.0020824237981633769 0.0054645601138916047 -0.00084244769055988984 -0.0026298711565759733 -0.0071642642430379058 0.0047229803749360144 0.0047669376782847181 -0.0019387692825561813 -0.0055742804082515446
leaf_weight=41 49 30 41 308 110 4554 16099 25 27 21 139 23 26 28 20 69 20 74 36 34 22 21 21 44 25 20 31 33 22 23
leaf_count=41 49 30 41 308 110 4554 16099 25 27 21 139 23 26 28 20 69 20 74 36 34 22 21 21 44 25 20 31 33 22 23
internal_value=-1.99238e-05 0.000211513 0.00120113 0.00150408 0.0029782 0.00010357 -8.93331e-05 -0.000765741 -0.00152338 -0.000280992 -0.00348048 0.000825974 -0.00208816 -0.00159551 0.00228304 -5.98951e-05 -0.000752896 -0.000101878 0.0029357 -0.00209215 -0.00392088 -0.0018881 -0.000886686 0.0011952 0.00060654 -0.00249595 0.00128064 0.00019173 0.00208465 -0.00222945
internal_weight=22036 5084 500 459 151 4584 16952 707 479 293 186 228 76 208 152 16245 180 159 85 146 77 55 139 65 50 159 129 98 55 43
internal_count=22036 5084 500 459 151 4584 16952 707 479 293 186 228 76 208 152 16245 180 159 85 146 77 55 139 65 50 159 129 98 55 43
is_linear=0
shrinkage=0.05


Tree=131
num_leaves=31
num_cat=0
split_feature=3 34 9 26 13 5 16 5 1 4 17 13 9 8 24 11 3 17 13 10 6 6 19 4 22 20 23 7 5 25
split_gain=0.13041 0.205046 0.554276 0.273822 0.286779 0.186382 0.172699 0.282054 0.181097 0.196983 0.171867 0.380294 0.683791 0.633002 0.554006 0.398097 0.361955 0.342026 0.340406 0.331841 0.289635 0.362547 0.286704 0.28572 0.339639 0.51523 0.337097 0.238786 0.218176 0.52143
threshold=99.125000000000014 -0.60355339059327384 5.2465488910675058 -0.14499999999999993 -0.031666666666666655 247.05802917480472 -0.7683333333333332 164.08743286132815 62.23808670043946 22.033517837524418 0.115 -0.30166666666666664 494.64166259765631 236.87500000000003 -0.75166666666666659 0.19166666666666674 88.125000000000014 0.075000000000000011 -0.66833333333333322 0.038333333333333337 448.87500000000006 330.12500000000006 0.22680362466289702 12.907044410705568 0.29025173611111116 -0.78583333333333327 0.51589018949752241 191.87500000000003 208.0724792480469 1.1816666666666669
decision_type=2 2 2 2 2 2 2 2 2 2 2 2 2 2 2 2 2 2 2 2 2 2 2 2 2 2 2 2 2 2
left_child=1 2 -1 4 5 -3 7 -2 -9 -10 17 12 13 14 15 27 -15 -4 -14 -16 21 -19 -18 -13 25 -25 28 -12 29 -26
right_child=6 3 10 -5 -6 -7 -8 8 9 -11 11 23 18 16 19 -17 22 20 -20 -21 -22 -23 -24 24 26 -27 -28 -29 -30 -31
leaf_value=-0.0065954818416179882 -0.00060427847962059517 0.0072882861646851801 -0.00023280218380531577 -2.9349145146372467e-05 0.00062967229521507066 0.0014973701290728059 9.3981791341800526e-05 0.0007639636817064299 0.0068278501522978669 0.0012699320277897641 -0.0024063718378205192 0.0018032818125712493 -0.0021912277421776067 -0.0038318932056427002 -0.0072106470074504618 -0.014026887385174634 0.0071377615258097649 0.005434882525005378 0.0052356367284018129 0.0009994145628297701 0.0067937412502942609 -0.0037697653265912896 -0.0012270164476441486 0.00037857006924847761 -0.0063949410803616049 -0.0079164536395229593 0.005421536340630459 -0.0094238177079845366 -0.0001193264615595682 -0.0004421379736441216
leaf_weight=36 85 33 2609 8819 137 24 8846 46 44 25 22 129 27 40 20 25 20 20 36 32 32 23 21 36 51 39 24 27 576 132
leaf_count=36 85 33 2609 8819 137 24 8846 46 44 25 22 129 27 40 20 25 20 20 36 32 32 23 21 36 51 39 24 27 576 132
internal_value=-1.89276e-05 -0.000120431 -0.000419484 1.15262e-05 0.00186967 0.00485001 0.000126831 0.00157976 0.00319405 0.00481411 -0.000363068 -0.000845556 -0.00250835 -0.0038965 -0.00611339 -0.00889264 -0.000447998 -0.000137104 0.00205269 -0.0021583 0.0031919 0.000511466 0.00285336 -0.000390688 -0.000720551 -0.00393484 -0.000412668 -0.00627313 -0.000597149 -0.00210112
internal_weight=22036 12990 3977 9013 194 57 9046 200 115 69 3941 1257 270 207 126 74 81 2684 63 52 75 43 41 987 858 75 783 49 759 183
internal_count=22036 12990 3977 9013 194 57 9046 200 115 69 3941 1257 270 207 126 74 81 2684 63 52 75 43 41 987 858 75 783 49 759 183
is_linear=0
shrinkage=0.05


Tree=132
num_leaves=31
num_cat=0
split_feature=33 19 29 23 0 22 10 5 25 34 27 19 8 18 13 11 3 25 22 35 15 9 5 3 8 9 14 18 21 5
split_gain=0.128391 0.221989 0.212793 0.281478 0.52806 0.426693 0.410341 0.353314 0.297327 0.315623 0.29567 0.271788 0.318716 0.333534 0.290678 0.409408 0.336423 0.346298 0.32063 0.307911 0.296971 0.330387 0.286618 0.299008 0.389286 0.336369 0.315205 0.270282 0.290381 0.263375
threshold=-0.60355339059327362 0.10903594190623048 3.5000000000000004 0.38465208574258675 11.623749732971193 0.36717013888888889 -0.071666666666666656 147.08274841308597 0.71833333333333338 -0.5 0.096666666666666609 0.19143065178370774 255.87500000000003 -0.10885416666666663 0.39833333333333337 -0.16166666666666665 72.625000000000014 0.64166666666666672 0.07838541666666668 -0.8783796973249266 0.20526292513757638 404.45620727539068 82.321434020996108 26.875000000000004 207.12500000000003 691.51617431640636 -0.49041666666666672 0.085000000000000089 0.38833333333333336 273.06243896484381
decision_type=2 2 2 2 2 2 2 2 2 2 2 2 2 2 2 2 2 2 2 2 2 2 2 2 2 2 2 2 2 2
left_child=-1 -2 -3 4 6 8 -4 -7 9 27 -10 -5 14 -14 16 -16 22 18 -18 -19 21 -21 -13 -24 25 29 -26 28 -6 -25
right_child=1 2 3 11 5 7 -8 -9 10 -11 -12 12 13 -15 15 -17 17 19 -20 20 -22 -23 23 24 26 -27 -28 -29 -30 -31
leaf_value=0.00017008287159872167 6.1231928829178959e-05 -0.00055908037355884748 0.0051694128571487061 -0.00041891991516727607 -0.0035100590632322968 -0.010679896706715227 -1.4456296860242922e-05 -0.0033177219423371506 0.0035267492166142275 0.0005361422689977764 -0.002147438692688746 -0.0014838317637927397 0.001146038011123892 0.007360518822066584 0.0099115950101986532 0.00084562519649890333 2.0025060628351829e-05 -0.0047057971962400393 0.0071255697810556741 0.0055210477547146955 -0.0053919658185914163 -0.0011627962893271616 0.00035073583725357194 0.0068244413478970927 0.0031912022546209673 0.0011423766065766386 -0.0042554607987403872 -0.0075848420045428709 0.003150552264414728 0.0010436573196202518
leaf_weight=6428 9234 3814 41 564 90 20 554 88 58 76 38 86 50 38 20 33 77 74 20 26 25 64 226 93 27 66 30 31 20 25
leaf_count=6428 9234 3814 41 564 90 20 554 88 58 76 38 86 50 38 20 33 77 74 20 26 25 64 226 93 27 66 30 31 20 25
internal_value=-1.79812e-05 -9.54336e-05 -0.000322395 3.02302e-05 -0.000616092 -0.00197123 0.000342751 -0.00468109 -0.00103619 -0.00206119 0.00128072 0.00045553 0.000958785 0.00382956 0.000675569 0.00426675 0.000448713 -0.000943519 0.00148509 -0.00218995 -0.000571051 0.000768092 0.00116875 0.00165723 0.00288241 0.00400088 -0.000728094 -0.00346117 -0.00229904 0.0055997
internal_weight=22036 15608 6374 2560 1016 421 595 108 313 217 96 1544 980 88 892 53 839 286 97 189 115 90 553 467 241 184 57 141 110 118
internal_count=22036 15608 6374 2560 1016 421 595 108 313 217 96 1544 980 88 892 53 839 286 97 189 115 90 553 467 241 184 57 141 110 118
is_linear=0
shrinkage=0.05


Tree=133
num_leaves=31
num_cat=0
split_feature=32 20 7 7 10 27 0 11 5 29 6 26 7 4 35 34 11 0 6 7 6 23 1 7 34 4 4 1 22 22
split_gain=0.124124 0.194651 0.189312 0.38515 0.25367 0.18921 0.172565 0.162738 0.212526 0.211179 0.176164 0.161052 0.150886 0.18188 0.232185 0.160726 0.138286 0.143524 0.132073 0.119932 0.117645 0.115822 0.148742 0.12196 0.112631 0.30185 0.415456 0.40363 0.454219 0.439228
threshold=1.5000000000000002 0.115 85.375000000000014 46.875000000000007 0.41833333333333339 0.37500000000000011 7.8424999713897714 0.41166666666666668 255.12194824218753 3.5000000000000004 243.62500000000003 -0.22166666666666668 18.875000000000004 6.7448120117187509 1.0000000180025095e-35 0.37940952255126048 0.58166666666666678 9.4862494468688983 252.25000000000003 62.625000000000007 184.12500000000003 0.26188503453820833 82.030746459960952 34.625000000000007 -0.98296291314453399 23.349072456359867 17.463705062866214 73.399303436279311 0.34881944444444452 0.51098958333333344
decision_type=2 2 2 2 2 2 2 2 2 2 2 2 2 2 2 2 2 2 2 2 2 2 2 2 2 2 2 2 2 2
left_child=1 2 3 -1 -5 6 -4 8 9 19 11 -9 15 -14 16 -13 -15 20 -8 -3 21 23 -23 -18 25 26 -2 -27 -29 -30
right_child=24 7 5 4 -6 -7 18 10 -10 -11 -12 12 13 14 -16 -17 17 -19 -20 -21 -22 22 -24 -25 -26 27 -28 28 29 -31
leaf_value=0.0011344268073970579 -0.00023939435830365219 -0.0055268674094060607 -0.00050653546798183396 0.0099509889871114872 0.0027181453213820025 -0.0047065386828035113 0.00051304016302785151 0.0044756145260873292 -0.0065486209932714701 0.0025681894661955026 0.0031526629541379714 0.00047559526462542524 0.0031875539759102355 0.002310999808833003 -0.003060066380104135 -0.00015662793221787636 -0.00242843169059294 0.0010434781340376029 0.0059974541344369452 -0.00017709638581436596 -0.0052896175114437935 -0.00068498926013018258 -0.0063740209996467458 0.0016693271577621447 -5.5182076600128009e-05 0.0022998911900571485 -0.0032608059007719521 0.0026582597475498914 -0.0099482981158265232 -0.00027901330284531349
leaf_weight=261 293 22 126 22 27 20 23 21 20 29 48 2131 26 42 110 1903 30 69 21 20 20 27 20 46 16245 151 186 30 24 23
leaf_count=261 293 22 126 22 27 20 23 21 20 29 48 2131 26 42 110 1903 30 69 21 20 20 27 20 46 16245 151 186 30 24 23
internal_value=-1.70822e-05 0.000199608 0.00113638 0.00189806 0.00596554 -0.000106357 0.000434841 9.74298e-05 -0.00199591 -0.000713458 0.000139828 0.000107293 8.65575e-05 -0.000852565 -0.00114114 0.00017735 -0.000310116 -0.000829393 0.0031306 -0.00297936 -0.00173309 -0.00115479 -0.00310585 5.17908e-05 -8.20688e-05 -0.000699855 -0.00141264 0.000797609 -0.00214842 -0.00521652
internal_weight=22036 5084 500 310 49 190 170 4584 91 71 4493 4445 4424 390 364 4034 254 212 44 42 143 123 47 76 16952 707 479 228 77 47
internal_count=22036 5084 500 310 49 190 170 4584 91 71 4493 4445 4424 390 364 4034 254 212 44 42 143 123 47 76 16952 707 479 228 77 47
is_linear=0
shrinkage=0.05


Tree=134
num_leaves=31
num_cat=0
split_feature=10 1 5 23 5 0 15 4 5 17 27 26 19 19 15 9 17 0 26 5 16 23 27 8 4 33 22 1 4 6
split_gain=0.120122 0.110192 0.182168 0.337844 0.560458 0.311968 0.250875 0.200481 0.270973 0.204212 0.200433 0.198343 0.180835 0.177617 0.169145 0.160458 0.233034 0.360833 0.381705 0.320146 0.425936 0.44567 0.371993 0.325819 0.23891 0.259661 0.241782 0.336126 0.362965 0.322578
threshold=1.5050000000000001 64.760784149169936 228.89776611328128 0.40297204772357903 284.31153869628912 19.098750114440922 0.12970586371658119 23.605529785156254 270.01817321777349 -0.42166666666666658 0.52500000000000024 0.35166666666666674 0.23130802521601931 0.19837061945702805 0.22877592323082377 706.14764404296886 -0.061666666666666661 22.423750877380375 0.0033333333333333067 124.44460296630861 -0.28499999999999998 0.33582639331712943 -0.069999999999999923 128.12500000000003 18.011717796325687 1.0000000180025095e-35 0.16194444444444447 74.174610137939467 14.882498264312746 606.12500000000011
decision_type=2 2 2 2 2 2 2 2 2 2 2 2 2 2 2 2 2 2 2 2 2 2 2 2 2 2 2 2 2 2
left_child=1 2 11 4 5 12 -6 10 9 -9 14 -1 -4 -11 -5 16 17 19 -19 24 21 22 -21 -22 26 -26 27 -3 -29 -28
right_child=-2 15 3 7 6 -7 -8 8 -10 13 -12 -13 -14 -15 -16 -17 -18 18 -20 20 23 -23 -24 -25 25 -27 29 28 -30 -31
leaf_value=-6.7485661264522992e-05 0.0035953035983054536 -0.003041541513464282 -0.0066718778805807235 -0.00089208650814599213 -0.0035979180009630715 -0.009748176678890717 0.0028983934275207245 0.0020301445344413976 0.0061337323413918855 -0.0053200244569503105 -0.0054492105102247517 0.0038050085032249204 -0.0013487241411498055 0.00016964680576276762 0.0029033610642316843 -0.00083312221117079466 -5.9925869764721626e-06 0.0072049431281075594 0.00092306991847867159 8.2218897296115764e-05 0.00083557987352833151 0.0010591993164560944 -0.0059290763001296331 0.0078060152061975967 -0.00041695043444633489 -0.0083774629270746605 -0.00015259205686802768 -0.0011824479443021119 0.0058961323471050028 0.007135389038276943
leaf_weight=1203 23 115 27 553 23 29 42 76 23 23 23 34 39 41 31 540 18003 42 57 62 30 721 44 38 20 21 49 55 27 22
leaf_count=1203 23 115 27 553 23 29 42 76 23 23 23 34 39 41 31 540 18003 42 57 62 30 721 44 38 20 21 49 55 27 22
internal_value=-1.62281e-05 -2.00015e-05 -0.000358543 -0.000887255 -0.00297786 -0.00542566 0.000599699 -0.000452844 0.00110406 0.000277757 -0.000870925 3.89531e-05 -0.00352638 -0.0018032 -0.000690616 1.6964e-05 4.07414e-05 0.000686446 0.00358811 0.000447854 0.000926924 0.000614149 -0.00241304 0.00473082 -0.000939743 -0.00449429 -0.000395951 -0.00129754 0.0011483 0.00210566
internal_weight=22036 22013 2167 930 160 95 65 770 163 140 607 1237 66 64 584 19846 19306 1303 99 1204 895 827 106 68 309 41 268 197 82 71
internal_count=22036 22013 2167 930 160 95 65 770 163 140 607 1237 66 64 584 19846 19306 1303 99 1204 895 827 106 68 309 41 268 197 82 71
is_linear=0
shrinkage=0.05


Tree=135
num_leaves=31
num_cat=0
split_feature=10 8 24 34 2 23 21 8 26 10 23 9 2 13 23 6 15 15 15 7 5 2 21 23 2 24 10 27 22 2
split_gain=0.125087 0.130313 0.255281 0.330117 0.409629 0.324208 0.30784 0.210157 0.114584 0.468627 0.289642 0.340974 0.319921 0.361464 0.266062 0.293586 0.210116 0.178001 0.123912 0.261337 0.214773 0.199341 0.30408 0.415612 0.272185 0.511892 0.544511 0.583072 0.563151 0.307798
threshold=-1.0149999999999999 312.75000000000006 -0.7683333333333332 -0.9159756150367534 1013.5470275878907 0.47425235031100194 -0.12499999999999999 347.25000000000006 0.35166666666666674 0.38833333333333336 0.50129588704939121 554.84765625000011 1004.7828063964845 0.18166666666666667 0.47278226356663233 415.25000000000006 0.22877592323082377 0.22877592323082377 0.1121795836450353 633.50000000000011 11.75876569747925 1002.5975952148439 0.50166666666666682 0.45248125088538588 1004.7828063964845 -0.53499999999999981 -0.6449999999999998 -0.44833333333333325 0.33168402777777783 1009.8410949707032
decision_type=2 2 2 2 2 2 2 2 2 2 2 2 2 2 2 2 2 2 2 2 2 2 2 2 2 2 2 2 2 2
left_child=-1 8 3 5 -5 6 -3 -4 18 10 12 -12 -10 14 15 -14 -17 -11 -2 20 -20 22 23 -22 25 26 -23 -28 -29 -26
right_child=1 2 7 4 -6 -7 -8 -9 9 17 11 -13 13 -15 -16 16 -18 -19 19 -21 21 24 -24 -25 29 -27 27 28 -30 -31
leaf_value=-0.0018145570122782063 -8.6763424694975591e-06 -0.0020697677158750595 -0.0074756386201792896 0.00083246281254105263 -0.0084135007740848752 -0.0035344945140726248 0.0052493990408074044 -0.00083568546648497106 0.0038306635773430273 -0.0086470520988638916 0.0083302933101852741 -0.00079187015537172565 -0.00018564924364909531 0.0025427771989009616 0.00037249623076809993 -0.0037548986485316641 -0.010539098203182221 -0.0028835734434274809 0.0039614020667683618 0.0051184726450758597 0.0062338163300591984 0.0046487154624297875 0.00056062443456175975 -0.00089599942082479111 0.0010636401271366999 0.0020204923457733974 -0.010766720931045711 -0.00070302633281276979 -0.0076875119489462421 -7.1791876173285581e-05
leaf_weight=93 17653 20 26 25 23 24 51 22 30 21 21 20 20 34 31 21 25 37 39 28 60 22 350 31 818 78 25 111 39 2208
leaf_count=93 17653 20 26 25 23 24 51 22 30 21 21 20 20 34 31 21 25 37 39 28 60 22 350 31 818 78 25 111 39 2208
internal_value=1.52914e-05 2.30574e-05 -0.00127725 -0.000218202 -0.00359789 0.00148943 0.00318766 -0.00443233 3.44909e-05 -0.00100886 0.0001286 0.00388046 -0.000826842 -0.00189345 -0.00344841 -0.00524308 -0.00744196 -0.00497035 4.71305e-05 0.00030577 0.00027013 0.000231658 0.00123009 0.00380498 9.82716e-05 -0.00140781 -0.0027652 -0.00369724 -0.00251899 0.000235142
internal_weight=22006 21913 191 143 48 95 71 48 21722 260 202 41 161 131 97 66 46 58 21462 3809 3781 3742 441 91 3301 275 197 175 150 3026
internal_count=22006 21913 191 143 48 95 71 48 21722 260 202 41 161 131 97 66 46 58 21462 3809 3781 3742 441 91 3301 275 197 175 150 3026
is_linear=0
shrinkage=0.05


Tree=136
num_leaves=31
num_cat=0
split_feature=10 20 22 18 16 2 3 1 19 15 27 23 18 35 19 17 13 9 23 23 19 26 26 17 3 25 6 2 17 26
split_gain=0.112891 0.112505 0.159833 0.274704 0.340781 0.168985 0.155414 0.243382 0.186902 0.249577 0.124567 0.356584 0.195384 0.272194 0.214353 0.301157 0.189432 0.15417 0.148571 0.24141 0.13323 0.224669 0.164295 0.274452 0.288164 0.298176 0.259056 0.241341 0.238786 0.146446
threshold=-1.0149999999999999 -1.0116666666666665 0.18931423611111112 -0.58567708333333324 -0.37833333333333324 1013.9585266113282 82.625000000000014 59.116996765136726 0.25050037849063583 0.1423073742266048 0.56500000000000017 0.49487562059096696 0.12979166666666672 0.87837969732492682 0.34617723438115094 0.24166666666666672 0.45166666666666672 458.84269714355474 0.44612170803345258 0.38931220647636949 0.42243318011100905 0.28666666666666685 0.33166666666666678 0.39166666666666672 67.875000000000014 0.68500000000000016 506.12500000000006 1005.4270019531251 -0.12499999999999999 -0.083333333333333259
decision_type=2 2 2 2 2 2 2 2 2 2 2 2 2 2 2 2 2 2 2 2 2 2 2 2 2 2 2 2 2 2
left_child=-1 2 3 6 -5 -6 8 -8 9 -2 20 12 13 14 16 -16 18 -13 19 -12 22 29 -3 24 28 26 -26 -25 -24 -22
right_child=1 10 -4 4 5 -7 7 -9 -10 -11 11 17 -14 -15 15 -17 -18 -19 -20 -21 21 -23 23 27 25 -27 -28 -29 -30 -31
leaf_value=-0.0017238291404184994 -0.00021930525191329425 8.9593093425475561e-06 -0.0035672267130576075 0.0069873123955077089 0.004205183585872874 -0.0018123811310423272 -0.00056704285865028696 0.0054181466757186828 -0.0023663721757311322 0.0042677291590830701 -0.00089538222964620224 -0.0020286331253373648 -0.0029826415157777832 0.0061372503172606235 -0.0073869094904512175 3.9643111914872782e-05 0.0057650816606474109 -0.0070620331351227807 -0.0029580183589132504 0.0061072213109582664 0.002616980503934125 0.0057620542007498447 0.00079778794629069478 -0.00086560235125944019 0.002106734999941419 0.0043424870673334226 -0.0056740267761051658 -0.0083024904015474021 -0.0053572411209097488 0.0002897494289302076
leaf_weight=93 168 20196 20 39 20 28 33 35 71 38 32 32 47 20 20 43 20 29 24 20 75 21 26 20 23 44 20 24 40 685
leaf_count=93 168 20196 20 39 20 28 33 35 71 38 32 32 47 20 20 43 20 29 24 20 75 21 26 20 23 44 20 24 40 685
internal_value=1.45268e-05 2.19045e-05 0.000802563 0.00100487 0.00351566 0.000694938 0.000371712 0.00251357 -0.000154087 0.0006084 5.46273e-06 -0.00102922 -0.00011359 0.000639737 -5.17745e-05 -0.00231799 0.00143543 -0.00442156 0.000296049 0.00179793 1.94872e-05 0.000660378 -5.05727e-06 -0.00144201 -0.000441198 0.00144878 -0.00151222 -0.00492209 -0.00293253 0.00051941
internal_weight=22006 21913 452 432 87 48 345 68 277 206 21461 287 226 179 159 63 96 61 76 52 21174 781 20393 197 153 87 43 44 66 760
internal_count=22006 21913 452 432 87 48 345 68 277 206 21461 287 226 179 159 63 96 61 76 52 21174 781 20393 197 153 87 43 44 66 760
is_linear=0
shrinkage=0.05


Tree=137
num_leaves=31
num_cat=0
split_feature=0 3 34 6 2 9 12 14 21 36 15 1 24 16 17 2 17 2 5 27 4 4 7 17 1 18 15 13 12 34
split_gain=0.107314 0.102525 0.151437 0.191711 0.23314 0.185562 0.396484 0.327342 0.313206 0.30097 0.495324 0.319159 0.357773 0.253188 0.461174 0.449244 0.23959 0.206386 0.197039 0.210658 0.447329 0.262553 0.250114 0.319782 0.550029 0.193812 0.191499 0.42284 0.19028 0.220697
threshold=3.123749971389771 99.125000000000014 -0.70710678118654757 473.12500000000006 1013.6346435546876 113.69772338867189 0.17166666666666672 0.25291666666666679 0.62833333333333352 -0.56174490092936669 0.29600347220087148 63.80040359497071 -0.99333333333333329 -0.47499999999999992 0.18833333333333338 1008.4173889160157 -0.57833333333333325 1017.4656677246095 67.926933288574233 -0.14666666666666653 18.948444366455082 25.937077522277836 255.37500000000003 0.038333333333333337 68.984821319580092 -0.20177083333333329 0.1017395003229269 -0.19499999999999998 0.081666666666666679 -0.98296291314453399
decision_type=2 2 2 2 2 2 2 2 2 2 2 2 2 2 2 2 2 2 2 2 2 2 2 2 2 2 2 2 2 2
left_child=-1 -2 5 -4 -5 6 8 -8 28 10 13 17 -13 16 15 -15 -7 -11 -14 20 -20 -22 23 24 -21 -18 -24 -28 29 -3
right_child=1 2 3 4 -6 9 7 -9 -10 11 -12 12 18 14 -16 -17 25 -19 19 22 21 -23 26 -25 -26 -27 27 -29 -30 -31
leaf_value=0.00045792062521490904 -0.00010724325177458095 0.003040609798497624 2.5156666997764357e-05 0.00092942548383559507 -0.0059881615998416118 -0.0016348160751476827 0.0041747257168704682 0.00032478937914273177 -0.0073544304140589455 -0.0011855248274991563 -0.0070478360094130043 0.0088672432117164138 -0.0016267076655126671 -0.0093859137929975991 0.0019509129548290127 -0.00084178063902072607 0.0050440509333102143 0.0039780496498164923 0.00034071663976646964 0.00012692866571755571 0.0099156466232878833 0.0028438641911461243 0.0026205738898939812 0.0015176334087749987 0.010691633900361402 -0.00022237025573849679 -0.0068461130358089045 0.0026137975909348047 -0.0044068319279373302 -0.0012874403243215596
leaf_weight=1281 12132 36 6505 21 29 32 59 860 22 122 25 20 34 25 60 40 58 23 40 22 35 21 26 178 28 25 27 21 37 162
leaf_count=1281 12132 36 6505 21 29 32 59 860 22 122 25 20 34 25 60 40 58 23 40 22 35 21 26 178 28 25 27 21 37 162
internal_value=1.38005e-05 -1.36503e-05 0.000118489 1.45009e-06 -0.00308278 0.00049493 8.64575e-05 0.000571956 -0.00164963 0.0010522 -0.000350108 0.00167466 0.00232945 0.000347572 -0.00121011 -0.00412799 0.00204071 -0.000366475 0.00202677 0.00233888 0.00437914 0.00726373 0.00169032 0.00251007 0.00604316 0.00345778 -0.000835411 -0.0027074 -0.00111556 -0.000500522
internal_weight=22006 20725 8593 6555 50 2038 1176 919 257 862 265 597 452 240 125 65 115 145 432 398 96 56 302 228 50 83 74 48 235 198
internal_count=22006 20725 8593 6555 50 2038 1176 919 257 862 265 597 452 240 125 65 115 145 432 398 96 56 302 228 50 83 74 48 235 198
is_linear=0
shrinkage=0.05


Tree=138
num_leaves=31
num_cat=0
split_feature=33 15 20 28 0 8 2 25 8 3 0 11 29 22 20 15 24 3 26 9 27 21 25 6 3 32 2 2 4 2
split_gain=0.106784 0.196831 0.215644 0.1894 0.191038 0.186405 0.183717 0.34768 0.313877 0.314649 0.213872 0.210243 0.225707 0.20991 0.182096 0.232688 0.175497 0.239179 0.313524 0.185929 0.173548 0.395498 0.295758 0.284755 0.25863 0.254941 0.238973 0.32899 0.30947 0.374775
threshold=-0.60355339059327362 0.32845807852440395 -0.93833333333333313 16.500000000000004 8.3237500190734881 142.12500000000003 1011.7479248046876 0.78500000000000003 115.12500000000001 58.875000000000007 25.730000495910648 0.54083333333333339 5.5000000000000009 0.17741319444444448 -0.88166666666666649 0.16734860478945929 -0.79833333333333323 66.625000000000014 0.093333333333333407 421.69023132324224 0.15666666666666682 0.55833333333333346 0.58166666666666678 752.12500000000011 60.125000000000007 3.5000000000000004 1003.1394653320314 1015.9299316406251 25.0313835144043 1005.1424560546876
decision_type=2 2 2 2 2 2 2 2 2 2 2 2 2 2 2 2 2 2 2 2 2 2 2 2 2 2 2 2 2 2
left_child=1 3 -3 4 -1 -4 7 10 -9 -10 11 12 16 -14 -11 -16 17 18 -6 -19 -2 22 -22 25 -23 26 -24 28 29 -28
right_child=20 2 5 -5 6 -7 -8 8 9 14 -12 -13 13 -15 15 -17 -18 19 -20 -21 21 24 23 -25 -26 -27 27 -29 -30 -31
leaf_value=0.0017125339822086972 -1.1887433955660323e-05 0.0019362557084109126 -0.0014960205045473926 4.7450736135594106e-05 0.0086908403303354014 -0.0072513097489718351 -0.00013944156248062674 0.001287458084438155 -0.0074865644182950976 -0.0052790527045726773 -0.002698013831451092 -0.0012448863771913404 0.0027170128790506474 -0.0035054117456361981 0.0017851682065873212 -0.0029089631107953296 0.0058937977741544065 0.0026902637665012952 0.0015796956576166615 -0.0022852397836686579 -0.0052642287186312458 -0.0057494537165874377 0.0025341498660138594 0.0054204735167634986 -0.0016285713270967153 0.0033391802088590344 -0.00745296611060058 0.00099429248670197053 0.00078610073331470515 -0.001668002592056513
leaf_weight=346 14564 22 34 4548 31 24 740 179 21 20 21 33 33 23 66 44 65 57 31 28 27 46 65 24 221 50 31 207 116 289
leaf_count=346 14564 22 34 4548 31 24 740 179 21 20 21 33 33 23 66 44 65 57 31 28 27 46 65 24 221 50 31 207 116 289
internal_value=1.31105e-05 0.000185749 -0.00227873 0.000217114 0.000661089 -0.00387752 0.000399738 0.00101169 -0.00012884 -0.00180776 0.00218056 0.00252092 0.00298462 0.000161374 -0.000890418 -9.24843e-05 0.00373039 0.00277378 0.00513527 0.00105127 -5.71592e-05 -0.000669927 -0.000119224 5.84164e-05 -0.00233854 -0.000111358 -0.000355041 -0.000647105 -0.00142639 -0.00222842
internal_weight=22006 6366 80 6286 1738 58 1392 652 330 151 322 301 268 56 130 110 212 147 62 85 15640 1076 809 782 267 758 708 643 436 320
internal_count=22006 6366 80 6286 1738 58 1392 652 330 151 322 301 268 56 130 110 212 147 62 85 15640 1076 809 782 267 758 708 643 436 320
is_linear=0
shrinkage=0.05


Tree=139
num_leaves=31
num_cat=0
split_feature=10 29 20 22 18 16 2 3 1 19 15 15 9 33 27 5 21 24 5 18 34 19 19 5 19 9 23 5 9 5
split_gain=0.101335 0.111613 0.0980355 0.140886 0.24077 0.304436 0.150853 0.136541 0.211547 0.169793 0.22218 0.122357 0.110918 0.105913 0.26664 0.332048 0.403539 0.402005 0.37261 0.328703 0.247229 0.343981 0.189577 0.493738 0.398618 0.367071 0.382952 0.28078 0.284815 0.175899
threshold=-1.0149999999999999 1.0000000180025095e-35 -1.0116666666666665 0.18931423611111112 -0.58567708333333324 -0.37833333333333324 1013.9585266113282 82.625000000000014 59.116996765136726 0.25050037849063583 0.1423073742266048 0.18074690250443073 579.73037719726574 -0.78656609248549303 0.4883333333333334 211.49456024169925 0.28500000000000009 -0.83833333333333326 201.59493255615237 -0.37187499999999996 -0.9159756150367534 0.28522294662454833 0.39712986493679586 284.31153869628912 0.38660410115144045 554.84765625000011 0.48305704491585616 221.19389343261722 359.81759643554693 190.92264556884768
decision_type=2 2 2 2 2 2 2 2 2 2 2 2 2 2 2 2 2 2 2 2 2 2 2 2 2 2 2 2 2 2
left_child=1 -1 3 4 7 -6 -7 9 -9 10 12 -11 -2 -4 22 18 17 -17 19 -16 -18 -22 24 25 -15 26 27 28 29 -24
right_child=2 -3 13 -5 5 6 -8 8 -10 11 -12 -13 -14 14 15 16 20 -19 -20 -21 21 -23 23 -25 -26 -27 -28 -29 -30 -31
leaf_value=-0.0044151176904471453 -0.0028002138390685574 -0.00055548962730820532 0.000221515408849538 -0.0033544542605523017 0.0065700199532633024 0.00393922915274743 -0.0017463328379173099 -0.00051913001348800739 0.0050609082282919975 -0.00091091322645661427 0.0040319016111377429 -0.0054588893417357696 0.00043350109188058591 -3.6445677581562223e-05 -0.0067184055167860517 -0.00013878225969771545 -0.0050977494885645269 0.0080858851162095863 -0.0096764078652042725 -0.00030151693345032983 -0.0052590158967567345 0.0026434525218792262 -0.0026595700144146882 0.006996657480274073 -0.0046974276814422495 -0.0017390596259391604 0.0069446674839127812 -0.0018366920952261848 0.0074881044048157978 0.0038923467055428777
leaf_weight=26 33 67 4442 20 39 20 28 33 35 50 38 21 135 16403 29 39 41 24 21 64 21 40 21 33 46 107 32 55 23 20
leaf_count=26 33 67 4442 20 39 20 28 33 35 50 38 21 135 16403 29 39 41 24 21 64 21 40 21 33 46 107 32 55 23 20
internal_value=1.2455e-05 -0.00163453 1.94448e-05 0.000748175 0.000938111 0.00328871 0.000622651 0.000345351 0.00235295 -0.000147489 0.000579261 -0.00225609 -0.000201693 4.09672e-06 -5.26501e-05 -0.00158565 -0.00015188 0.00299442 -0.00366084 -0.00230248 -0.00209519 -7.70694e-05 -2.71001e-05 0.00123795 -4.94802e-05 0.000501373 0.00208896 0.000783229 0.00303472 0.000536487
internal_weight=22006 93 21913 452 432 87 48 345 68 277 206 71 168 21461 17019 279 165 63 114 93 102 61 16740 291 16449 258 151 119 64 41
internal_count=22006 93 21913 452 432 87 48 345 68 277 206 71 168 21461 17019 279 165 63 114 93 102 61 16740 291 16449 258 151 119 64 41
is_linear=0
shrinkage=0.05


Tree=140
num_leaves=31
num_cat=0
split_feature=25 27 27 4 26 8 0 13 18 8 25 7 10 15 26 4 23 4 15 7 27 5 5 5 8 2 13 5 2 2
split_gain=0.131291 0.248493 0.163456 0.118636 0.0926132 0.144161 0.176052 0.171015 0.121445 0.0945071 0.0921019 0.0933772 0.190292 0.178176 0.0863753 0.603252 0.423474 0.437921 0.292535 0.325357 0.272045 0.246475 0.224937 0.535801 0.313344 0.294549 0.253388 0.151314 0.266948 0.141257
threshold=0.59833333333333349 0.40833333333333344 -0.30833333333333318 13.907838821411135 -0.18666666666666659 152.12500000000003 17.823750495910648 -0.16166666666666665 -0.79656249999999984 223.25000000000003 1.5016666666666669 114.62500000000001 0.63833333333333353 0.076321687612597791 -0.24833333333333327 19.690475463867191 0.46433089147548584 10.992170333862306 0.29600347220087148 294.87500000000006 -0.47833333333333322 188.07360839843753 262.76373291015631 227.59552764892581 213.12500000000003 1014.2888793945314 -0.21166666666666664 115.31142425537111 1011.6788330078126 1015.7385253906251
decision_type=2 2 2 2 2 2 2 2 2 2 2 2 2 2 2 2 2 2 2 2 2 2 2 2 2 2 2 2 2 2
left_child=1 2 3 -1 -4 -6 7 -7 -8 -10 14 12 -12 -13 15 16 17 -2 20 -20 -17 -19 23 24 -22 -24 -25 -18 -29 -23
right_child=10 -3 4 -5 5 6 8 -9 9 -11 11 13 -14 -15 -16 18 27 21 19 -21 22 29 25 26 -26 -27 -28 28 -30 -31
leaf_value=-0.0062949108247994448 0.002691408131271601 -0.005393558848076142 0.002897439890710468 -0.00084889343008399021 -0.00011616349316930148 0.002187549498362037 -0.00056434531445400077 -0.0031768334401325172 -0.0030824601739261521 -0.0073485928291033599 0.0050359871163964277 0.0010844849416202665 0.00058624513989773966 -0.0041499195006226416 -2.0503234600864346e-05 -0.0011266136217410818 -0.002172476976093921 -0.0085901752788701963 -0.005034602116435194 0.0034479592941352166 0.0033285160806584865 -0.0016513823027893598 0.0093656675205292077 -0.0050358215842962913 0.010674950546984162 0.002039398820868329 0.001800718485151954 -0.0013372018737718462 0.0053509787549390585 -0.0066377779282629492
leaf_weight=20 25 26 22 20 778 39 26 24 34 21 25 37 617 29 19873 33 22 29 26 20 47 49 34 23 21 23 33 25 37 20
leaf_count=20 25 26 22 20 778 39 26 24 34 21 25 37 617 29 19873 33 22 29 26 20 47 49 34 23 21 23 33 25 37 20
internal_value=-1.1916e-05 -0.000568779 -0.000441295 -0.0035719 -0.000308642 -0.000385143 -0.00183838 0.000143975 -0.00338021 -0.00471135 1.48054e-05 0.000575411 0.000759522 -0.00121548 -4.70836e-06 0.000667436 -0.00134658 -0.00321547 0.0022709 -0.00134653 0.00304848 -0.00472233 0.00380968 0.00261463 0.00559727 0.00640945 -0.00100715 0.00139002 0.00265413 -0.00309671
internal_weight=22058 1010 984 40 944 922 144 63 81 55 21048 708 642 66 20340 467 207 123 260 46 214 98 181 124 68 57 56 84 62 69
internal_count=22058 1010 984 40 944 922 144 63 81 55 21048 708 642 66 20340 467 207 123 260 46 214 98 181 124 68 57 56 84 62 69
is_linear=0
shrinkage=0.05


Tree=141
num_leaves=31
num_cat=0
split_feature=25 27 27 10 15 8 1 15 26 9 6 5 8 35 5 22 3 9 23 12 14 0 0 1 2 22 12 19 33 24
split_gain=0.11849 0.224265 0.147519 0.0884881 0.0860454 0.14849 0.210706 0.0903216 0.0829298 0.306229 0.383991 0.540785 0.518028 0.350138 0.322478 0.317105 0.265251 0.255372 0.212969 0.24553 0.248194 0.291559 0.191147 0.162876 0.151474 0.134731 0.103322 0.0947347 0.309636 0.183405
threshold=0.59833333333333349 0.40833333333333344 -0.30833333333333318 1.5050000000000001 0.18758578284194613 168.12500000000003 77.536392211914077 0.052941267247623845 -0.24833333333333327 413.79724121093756 299.37500000000006 187.17840576171878 134.12500000000003 -1.0000000180025095e-35 264.28956604003912 0.48376736111111113 83.625000000000014 261.68034362792974 0.36708721218271151 0.18166666666666667 -0.14375000000000002 19.598750114440922 15.086249828338625 62.23808670043946 1008.3301696777345 0.18931423611111112 -0.14166666666666664 0.068415600884868741 0.37940952255126054 -0.97166666666666657
decision_type=2 2 2 2 2 2 2 2 2 2 2 2 2 2 2 2 2 2 2 2 2 2 2 2 2 2 2 2 2 2
left_child=1 2 -1 8 5 -4 7 -7 9 10 12 -12 15 -14 18 -2 24 -18 26 20 21 25 -16 -23 -13 -20 -11 -10 -29 -30
right_child=3 -3 4 -5 -6 6 -8 -9 27 14 11 16 13 -15 22 -17 17 -19 19 -21 -22 23 -24 -25 -26 -27 -28 28 29 -31
leaf_value=-0.0033933069984050236 -0.0064927529155587157 -0.0051238808279427204 -0.00011973947834604639 0.0032581037431511847 0.0029514467425178735 -0.00088641251333885715 0.001457118164671556 -0.004368726074462757 0.00016021090581544347 -0.0045843782411380254 -0.0087099359084207278 -0.00026575846597552298 0.010100954500111668 0.0016717978220965183 0.0071854076897486657 0.0023043379373848438 -0.0020248282883959987 0.0039036910252597855 0.0077927362538916488 0.0068200144074147652 -0.0034577568140812219 0.0023183481930755079 0.0012685994240677074 -0.004062792554032058 -0.0059219285215508068 0.002259148587472737 0.00031881714627767605 5.912934374382468e-05 0.00022387158157585426 -0.0006592053047113904
leaf_weight=40 21 26 805 21 20 27 32 60 6142 22 26 20 22 28 39 20 34 39 22 21 25 20 21 20 29 22 21 10825 741 2847
leaf_count=40 21 26 805 21 20 27 32 60 6142 22 26 20 22 28 39 20 34 39 22 21 25 20 21 20 29 22 21 10825 741 2847
internal_value=-1.13202e-05 -0.00054034 -0.00041923 1.40651e-05 -0.00029321 -0.000363441 -0.00201201 -0.00328801 1.08252e-05 0.000666102 -0.000591378 -0.0021629 0.00196451 0.00538063 0.00195596 -0.00220149 -0.000767634 0.00114246 0.000860508 0.00186945 0.000915676 0.00221729 0.00511452 -0.000872222 -0.00361329 0.00502594 -0.00218979 -4.22175e-06 -7.42936e-05 -0.000476831
internal_weight=22058 1010 984 21048 944 924 119 87 21027 472 239 148 91 50 233 41 122 73 173 130 109 84 60 40 49 44 43 20555 14413 3588
internal_count=22058 1010 984 21048 944 924 119 87 21027 472 239 148 91 50 233 41 122 73 173 130 109 84 60 40 49 44 43 20555 14413 3588
is_linear=0
shrinkage=0.05


Tree=142
num_leaves=31
num_cat=0
split_feature=25 27 34 27 13 34 0 9 18 15 14 9 4 26 13 0 18 13 22 12 19 21 26 26 34 10 8 3 4 2
split_gain=0.106937 0.202399 0.135974 0.185896 0.144818 0.199967 0.172288 0.132635 0.194436 0.119365 0.11259 0.0867327 0.0845987 0.373321 0.286242 0.610227 0.283685 0.208938 0.265799 0.224489 0.278366 0.249664 0.206387 0.179616 0.389758 0.366807 0.335306 0.556611 0.330312 0.28589
threshold=0.59833333333333349 0.40833333333333344 -0.9159756150367534 0.096666666666666734 -0.12499999999999999 -0.5 17.423750877380375 760.17968750000011 -0.34249999999999986 0.12777294676860432 -0.8291666666666665 611.97592163085949 19.9812126159668 -0.21166666666666667 -0.71166666666666656 19.873750686645511 -0.24895833333333331 -0.19499999999999998 0.32607638888888896 -0.17833333333333332 0.19389376311051898 0.31833333333333341 0.53500000000000014 -0.11999999999999997 -0.5 -0.58166666666666655 154.12500000000003 80.125000000000014 17.804100036621097 1011.176727294922
decision_type=2 2 2 2 2 2 2 2 2 2 2 2 2 2 2 2 2 2 2 2 2 2 2 2 2 2 2 2 2 2
left_child=1 2 3 7 6 9 -4 8 10 -6 -1 -8 22 14 16 17 -14 18 -16 21 -21 -19 23 24 25 -2 -27 -28 -29 -26
right_child=12 -3 4 -5 5 -7 11 -9 -10 -11 -12 -13 13 -15 15 -17 -18 19 -20 20 -22 -23 -24 -25 29 26 27 28 -30 -31
leaf_value=-0.0019452275906908598 0.00017086415041166431 -0.0048676868936476797 0.0040766392101382687 -0.006346121290698648 -0.0008726352686062455 -0.00029713605519297891 -0.0020343764721474145 0.0016632971021481942 0.0018929158681116644 -0.0060550125446170574 -0.0065357601333578879 0.00085877858749453862 0.0096670468091144268 6.9602283450647965e-05 0.0016626009680820925 -0.0068575201513753695 0.0020899478361631435 0.003605054800088207 -0.0043597615979335926 0.0009862742986081652 0.0055984106896647132 -0.0034037689885331526 0.0043868701009509656 -2.8092851954076379e-05 -0.0013434572137581806 -0.00056218042436171343 -0.0079192089189191236 -0.0032532918803276443 0.003073585294187069 0.0025980824635201722
leaf_weight=34 195 26 37 20 20 606 32 31 21 25 22 136 21 7451 57 22 30 24 27 54 83 27 26 12507 75 128 59 118 25 119
leaf_count=34 195 26 37 20 20 606 32 31 21 25 22 136 21 7451 57 22 30 24 27 54 83 27 26 12507 75 128 59 118 25 119
internal_value=-1.07542e-05 -0.000513323 -0.000398269 -0.00191823 -0.000170985 -0.000535933 0.000987949 -0.00109825 -0.00221004 -0.00375173 -0.00374865 0.000307701 1.33618e-05 0.000144054 0.00175201 0.00115216 0.00520993 0.0018 -0.000273158 0.00272631 0.00378049 -0.000105499 -6.35232e-05 -7.22719e-05 -0.000840765 -0.00154842 -0.00256437 -0.00383308 -0.00214719 0.00107429
internal_weight=22058 1010 984 128 856 651 205 108 77 45 56 168 21048 7796 345 294 51 272 84 188 137 51 13252 13226 719 525 330 202 143 194
internal_count=22058 1010 984 128 856 651 205 108 77 45 56 168 21048 7796 345 294 51 272 84 188 137 51 13252 13226 719 525 330 202 143 194
is_linear=0
shrinkage=0.05


Tree=143
num_leaves=31
num_cat=0
split_feature=4 26 27 6 15 24 22 26 34 10 2 0 20 3 28 4 2 9 15 4 19 10 10 2 22 27 19 17 6 8
split_gain=0.0963801 0.363057 0.239357 0.295486 0.233809 0.221941 0.358898 0.181814 0.357672 0.495783 0.274608 0.272986 0.305861 0.296884 0.298351 0.261407 0.240223 0.232404 0.26885 0.234472 0.262672 0.231897 0.182439 0.239826 0.229139 0.170645 0.262907 0.360872 0.303181 0.298237
threshold=19.9812126159668 -0.24833333333333327 -0.47833333333333322 381.12500000000006 0.29600347220087148 -0.74166666666666659 0.28164062500000003 -0.11999999999999997 -0.5 -0.58166666666666655 1001.9852294921876 21.786250114440922 -0.56499999999999984 97.875000000000014 13.500000000000002 15.704609394073488 1011.176727294922 347.91882324218756 0.15935633903362451 17.909492492675785 0.29915231317580865 -0.82833333333333325 -0.21166666666666664 1011.9582824707032 0.19251736111111115 0.4883333333333334 0.27277750892098879 0.12833333333333338 456.75000000000006 158.12500000000003
decision_type=2 2 2 2 2 2 2 2 2 2 2 2 2 2 2 2 2 2 2 2 2 2 2 2 2 2 2 2 2 2
left_child=7 2 3 -2 5 6 -4 8 9 17 15 12 13 14 -12 -11 -10 -1 -19 20 21 -20 23 -14 -24 -3 29 -28 -29 -27
right_child=1 25 4 -5 -6 -7 -8 -9 16 10 11 -13 22 -15 -16 -17 -18 18 19 -21 -22 -23 24 -25 -26 26 27 28 -30 -31
leaf_value=-0.0029443758545270146 -0.0054450950881635603 0.0001059534089939831 0.0032775460199142496 0.0019100285859571563 -0.0019917199469130973 0.0051239021696771192 -0.0042937125731259589 -4.5293500158974263e-05 -0.001307830371967468 0.0052507385937497026 -0.011858688580707231 0.00095064588955470492 -0.0047745754590521206 -0.0026427344616072684 -0.0046227812135059927 -0.0026474332032111391 0.0022160212566447622 -0.00098217320808117493 -0.0013839284605954006 -0.0016347349938851865 0.0091454697912558922 0.0051562610653821724 -0.0082430725400943466 0.0014144581329191522 -0.0025471202745010442 -4.3728992891227527e-05 0.0053837602399289608 1.1304299286249179e-05 -0.0066749571866932369 -0.0065093025254706546
leaf_weight=43 22 7457 72 36 23 90 20 13356 76 20 29 35 23 39 28 22 133 81 23 22 20 33 23 49 76 31 25 88 21 42
leaf_count=43 22 7457 72 36 23 90 20 13356 76 20 29 35 23 39 28 22 133 81 23 22 20 33 23 49 76 31 25 88 21 42
internal_value=-1.02165e-05 0.000129328 0.00195597 -0.000879846 0.0027583 0.00335857 0.00163162 -8.84961e-05 -0.00083303 -0.00148575 -0.00267454 -0.00320137 -0.00374564 -0.00600423 -0.00830421 0.0011136 0.000934621 0.000356339 0.00114925 0.00291093 0.00422678 0.00247011 -0.00247765 -0.000562594 -0.00387042 6.66444e-05 -0.00134943 -3.42188e-05 -0.00127687 -0.00376365
internal_weight=22058 7927 263 58 205 182 92 14131 775 566 344 302 267 96 57 42 209 222 179 98 76 56 171 72 99 7664 207 134 109 73
internal_count=22058 7927 263 58 205 182 92 14131 775 566 344 302 267 96 57 42 209 222 179 98 76 56 171 72 99 7664 207 134 109 73
is_linear=0
shrinkage=0.05


Tree=144
num_leaves=31
num_cat=0
split_feature=25 27 27 4 0 18 24 23 21 5 17 22 5 26 5 1 12 23 7 0 12 15 7 9 23 19 26 19 5 12
split_gain=0.0946754 0.177233 0.124612 0.101397 0.0818271 0.0907636 0.318172 0.317435 0.243663 0.381985 0.500666 0.741486 0.460608 0.358751 0.318799 0.286319 0.272504 0.267466 0.252787 0.251846 0.243414 0.240234 0.237478 0.418936 0.228316 0.217721 0.313174 0.245832 0.220271 0.245978
threshold=0.59833333333333349 0.40833333333333344 -0.30833333333333318 13.907838821411135 3.123749971389771 0.048020833333333339 -0.27499999999999997 0.2872945834821472 0.35166666666666674 226.5433044433594 0.14166666666666669 0.31626736111111114 206.86354064941409 0.35166666666666674 131.70607757568362 59.512018203735359 0.17166666666666672 0.36298582242128791 249.12500000000003 12.211249828338625 -0.21166666666666664 0.28445203966155619 435.25000000000006 643.26354980468761 0.3444103180796701 0.25050037849063583 0.040000000000000029 0.25323152189119252 313.96571350097662 -0.28499999999999998
decision_type=2 2 2 2 2 2 2 2 2 2 2 2 2 2 2 2 2 2 2 2 2 2 2 2 2 2 2 2 2 2
left_child=1 2 3 -1 -2 6 7 -6 16 10 11 12 14 15 -10 -11 21 -18 -12 -17 -20 25 -23 -24 -21 26 28 -27 29 -9
right_child=4 -3 -4 -5 5 -7 -8 8 9 13 18 -13 -14 -15 -16 19 17 -19 20 24 -22 22 23 -25 -26 27 -28 -29 -30 -31
leaf_value=-0.0056257517886115242 0.00039691136574091673 -0.0045572521666494697 -0.00025909763930400716 -0.0005909494683146477 -0.0058361064134673643 -7.0258290614731584e-05 0.0059275302191963419 0.0012106111437031088 0.0093104987962009476 -0.003870321019815329 0.0013694582246247847 0.00014096348228015225 0.012107347824300329 -0.0050506118335761135 0.0019558336301820308 0.002985445346507987 0.0079647560045123106 0.0010826247931011799 -0.006222165736329297 -0.0036983565574061957 0.00029489881692968902 0.00060849355412992065 0.010219987658783795 0.00067235497731922404 0.00042839564010729815 -0.0045167490054154767 -0.00053217682527882616 -0.00054022448525687121 0.006023366719018668 -0.00071939005456688647
leaf_weight=20 1302 26 944 20 22 15283 24 644 23 39 299 68 30 34 41 89 20 48 23 37 38 135 20 27 356 40 793 1371 20 222
leaf_count=20 1302 26 944 20 22 15283 24 644 23 39 299 68 30 34 41 89 20 48 23 37 38 135 20 27 356 40 793 1371 20 222
internal_value=-9.70568e-06 -0.000482585 -0.000374921 -0.00310835 1.29857e-05 -1.23294e-05 0.000186041 0.000154999 0.000184839 0.000838823 0.00180977 0.00411813 0.00699522 -7.43947e-05 0.00459892 0.000250349 -2.60409e-05 0.00310678 0.000771012 0.000583764 -0.00216236 -9.11484e-05 0.00167418 0.00473518 3.98719e-05 -0.000195125 0.000189625 -0.000652954 0.000835662 0.000715853
internal_weight=22058 1010 984 40 21048 19746 4463 4439 4417 1077 522 162 94 555 64 521 3340 68 360 482 61 3272 182 47 393 3090 1679 1411 886 866
internal_count=22058 1010 984 40 21048 19746 4463 4439 4417 1077 522 162 94 555 64 521 3340 68 360 482 61 3272 182 47 393 3090 1679 1411 886 866
is_linear=0
shrinkage=0.05


Tree=145
num_leaves=31
num_cat=0
split_feature=26 27 8 2 22 29 24 24 21 8 4 20 6 23 9 14 4 26 14 3 8 26 4 2 24 18 22 0 23 27
split_gain=0.127743 0.115569 0.285973 0.248968 0.483207 0.368776 0.312012 0.328829 0.248719 0.241772 0.179467 0.217043 0.161781 0.25161 0.205634 0.253268 0.148996 0.261599 0.259471 0.23916 0.236276 0.228516 0.211712 0.20596 0.331223 0.294314 0.24529 0.183199 0.24094 0.166305
threshold=-0.61333333333333329 0.4883333333333334 279.50000000000006 1007.4965820312501 0.19879340277777782 3.5000000000000004 -0.78166666666666662 -0.45333333333333331 0.67166666666666675 142.12500000000003 18.188796043396 -0.85833333333333328 280.87500000000006 0.47278226356663233 554.84765625000011 -0.17875000000000005 19.9812126159668 -0.13333333333333319 -0.71708333333333318 22.625000000000004 139.12500000000003 -0.48499999999999993 24.791172981262211 1004.2396850585939 -0.68833333333333313 0.34333333333333343 0.14942708333333338 18.873750686645511 0.48166213000092767 -0.1399999999999999
decision_type=2 2 2 2 2 2 2 2 2 2 2 2 2 2 2 2 2 2 2 2 2 2 2 2 2 2 2 2 2 2
left_child=-1 16 3 4 -3 8 10 -8 -6 -7 12 -12 -5 -14 15 -15 21 18 -18 20 22 -2 -20 24 -21 -26 27 28 -25 -28
right_child=1 2 -4 6 5 9 7 -9 -10 -11 11 -13 13 14 -16 -17 17 -19 19 23 -22 -23 -24 26 25 -27 29 -29 -30 -31
leaf_value=0.0030624408952837044 -0.0052975420025177305 0.0075348906926810746 -0.0058764924134056158 0.0024711834130963935 0.0049752656905911871 0.00042496150257647969 0.0025622237974916914 -0.0038505251407278357 -0.0018536974699236452 -0.0058229278833096037 -0.0021051294468343259 -0.0072388635475986772 -0.0069265400015172509 0.005476437073666603 -0.0046748155107100807 -0.0022169134463183582 0.0065238364040851593 0.00010423858357757664 0.0038107315388818588 -0.00024518936127424244 -0.0063871369045227768 -7.7813534784741131e-05 -0.0030636513760934278 0.0040461657950893425 0.0094412088356912137 0.003029457742850932 0.00088683958789001092 0.0061349912468964853 -0.0019139734403385471 -0.0016942463969432547
leaf_weight=34 21 25 26 24 40 30 77 27 20 32 50 35 21 20 21 23 22 7082 21 50 20 13820 24 39 25 63 175 30 30 97
leaf_count=34 21 25 26 24 40 30 77 27 20 32 50 35 21 20 21 23 22 7082 21 50 20 13820 24 39 25 63 175 30 30 97
internal_value=3.48047e-08 -4.70016e-06 -0.000779479 -0.000481676 0.0012022 -9.54768e-05 -0.00131232 0.000897376 0.00269894 -0.00279976 -0.00249689 -0.00421902 -0.00115395 -0.00217751 -0.000619241 0.00136139 1.22579e-05 0.000188905 0.00119495 0.00099071 -0.00186531 -8.57331e-05 0.000144394 0.00135543 0.00300454 0.00485098 0.000742011 0.00287304 0.0014548 -3.36212e-05
internal_weight=22024 21990 471 445 147 122 298 104 60 62 194 85 109 85 64 43 21519 7678 596 574 65 13841 45 509 138 88 371 99 69 272
internal_count=22024 21990 471 445 147 122 298 104 60 62 194 85 109 85 64 43 21519 7678 596 574 65 13841 45 509 138 88 371 99 69 272
is_linear=0
shrinkage=0.05


Tree=146
num_leaves=31
num_cat=0
split_feature=26 4 26 26 3 4 13 8 6 2 17 16 26 1 21 24 3 10 5 8 23 28 13 34 5 26 6 26 13 3
split_gain=0.115288 0.10461 0.209647 0.164048 0.347196 0.306035 0.500088 0.427962 0.226667 0.263142 0.20906 0.269608 0.190953 0.187107 0.181537 0.167879 0.153596 0.133898 0.111875 0.106518 0.213045 0.264403 0.221781 0.131742 0.234823 0.330554 0.27269 0.263053 0.28627 0.218611
threshold=-0.61333333333333329 25.500582695007328 -0.48499999999999993 -0.13333333333333319 25.125000000000004 26.859568595886234 -0.098333333333333342 221.87500000000003 131.12500000000003 1005.2876892089845 -0.14166666666666664 -0.22166666666666662 -0.11166666666666668 70.490070343017592 0.71166666666666678 -0.68833333333333313 97.375000000000014 1.2683333333333335 241.929801940918 306.12500000000006 0.49765609904819857 12.500000000000002 -0.21166666666666664 -0.98296291314453399 56.104400634765632 0.080000000000000043 620.12500000000011 -0.056666666666666622 -0.79833333333333323 98.875000000000014
decision_type=2 2 2 2 2 2 2 2 2 2 2 2 2 2 2 2 2 2 2 2 2 2 2 2 2 2 2 2 2 2
left_child=-1 2 -2 4 13 6 -6 8 -7 14 -11 -12 16 -3 15 -10 -5 -14 -9 23 21 -21 -23 24 26 27 -4 28 -26 -27
right_child=1 3 19 12 5 7 -8 18 9 10 11 -13 17 -15 -16 -17 -18 -19 -20 20 -22 22 -24 -25 25 29 -28 -29 -30 -31
leaf_value=0.0029093188884229786 -0.0047245167137589311 0.00041283671162091197 0.0059209453916453103 -0.0048693115031175488 0.011070107052695346 -0.0027826142823739377 0.0012773760798154401 -0.0051432253609943607 0.0037911089240676831 -0.0023869245816322583 0.0058503333394500341 -0.00029029845116803282 0.00011629258392887661 -0.0063445972456108966 0.001383713833987713 0.009420183515892579 0.00056935266724654607 0.001789966909276216 -0.00031546419985326274 0.00074176715555448287 -0.0059678114327869573 -0.00097584151339510255 -0.0073479525623208093 -1.042855097131764e-05 0.0014507061488323169 -0.0050723840266388535 -0.00068768824016473987 0.00053644811719271996 -0.0032486388386450561 -0.00041734978348310849
leaf_weight=34 24 20 27 34 22 21 32 28 27 31 33 39 3294 21 25 26 21 124 21 116 21 36 22 17350 44 75 37 258 123 38
leaf_count=34 24 20 27 34 22 21 32 28 27 31 33 39 3294 21 25 26 21 124 21 116 21 36 22 17350 44 75 37 258 123 38
internal_value=3.30648e-08 -4.46515e-06 -5.44606e-05 0.000233416 0.00127165 0.00185236 0.00526701 0.00111774 0.00213459 0.0027051 0.00104607 0.00252416 0.000129981 -0.00304829 0.00489587 0.00655254 -0.00279273 0.000177011 -0.00307418 -4.82843e-05 -0.00121059 -0.000636438 -0.00339285 -3.5659e-05 -0.000762815 -0.00110341 0.00210033 -0.000464348 -0.00201049 -0.00350697
internal_weight=22024 21990 18171 3819 346 305 54 251 202 181 103 72 3473 41 78 53 55 3418 49 18147 195 174 58 17952 602 538 64 425 167 113
internal_count=22024 21990 18171 3819 346 305 54 251 202 181 103 72 3473 41 78 53 55 3418 49 18147 195 174 58 17952 602 538 64 425 167 113
is_linear=0
shrinkage=0.05


Tree=147
num_leaves=31
num_cat=0
split_feature=27 8 2 22 29 24 24 21 8 4 20 13 1 21 27 24 4 26 13 20 3 34 2 2 24 18 1 27 19 25
split_gain=0.105442 0.252782 0.224585 0.436362 0.333063 0.281778 0.296956 0.224608 0.21681 0.160762 0.197143 0.159933 0.215246 0.217216 0.138745 0.133412 0.128397 0.238819 0.304418 0.352216 0.210998 0.207422 0.203682 0.165889 0.322047 0.210724 0.208896 0.251612 0.22497 0.203421
threshold=0.4883333333333334 279.50000000000006 1007.4965820312501 0.19879340277777782 3.5000000000000004 -0.78166666666666662 -0.45333333333333331 0.67166666666666675 142.12500000000003 19.430550575256351 -0.85833333333333328 -0.5183333333333332 70.303794860839858 0.20166666666666672 0.5916666666666669 -0.69166666666666654 19.9812126159668 -0.13333333333333319 -0.73166666666666658 -0.78583333333333327 22.625000000000004 -0.78656609248549325 1009.4691772460939 1004.0462646484376 -0.68833333333333313 0.34333333333333343 79.752853393554702 -0.12999999999999989 0.23819799930409019 0.63166666666666671
decision_type=2 2 2 2 2 2 2 2 2 2 2 2 2 2 2 2 2 2 2 2 2 2 2 2 2 2 2 2 2 2
left_child=16 2 3 -2 7 9 15 -5 -6 11 14 -4 13 -13 -11 -7 -1 18 19 -18 21 -20 -21 24 -22 -26 27 29 -29 -25
right_child=1 -3 5 4 8 6 -8 -9 -10 10 -12 12 -14 -15 -16 -17 17 -19 20 22 23 -23 -24 26 25 -27 -28 28 -30 -31
leaf_value=-7.4798490822863511e-05 0.007157146942452528 -0.0055321367815710032 -0.0040187690177533241 0.004724914613179863 0.00038978563830520825 0.00032459889771416787 -0.0036609975586610814 -0.0017646097013675902 -0.0055267792478844065 -0.0051642965560313317 -0.007143766758963466 0.0011613057401215581 0.0030564031752018149 -0.0056384837811650794 0.00037501399906782006 0.0044874295772901049 0.0093250384108851791 9.7480435630576068e-05 -0.0048105365349329077 0.0053496904813437147 -0.00086230953774330292 0.00097652423195540908 -0.0015495591523611676 -0.0011829961683335049 0.0086183653329499066 0.0029458624099788725 -0.0019184995219776674 -0.00261346410229497 0.0020676363180557799 0.0030529420841610274
leaf_weight=13851 25 26 35 40 30 38 27 20 32 20 32 24 34 23 26 39 23 7082 32 20 44 30 23 35 22 64 70 66 42 149
leaf_count=13851 25 26 35 40 30 38 27 20 32 20 32 24 34 23 26 39 23 7082 32 20 44 30 23 35 22 64 70 66 42 149
internal_value=3.14113e-08 -0.000740037 -0.000460049 0.00113925 -9.3926e-05 -0.00124896 0.000850938 0.00256174 -0.00266393 -0.00237469 -0.00412995 -0.00119442 2.59743e-05 -0.00216625 -0.00203338 0.00243305 1.62042e-05 0.00017986 0.00112085 0.00433076 0.000738442 -0.00201035 0.00165939 0.00108483 0.0026169 0.00439697 0.000534643 0.00112272 -0.000793036 0.00224719
internal_weight=22024 471 445 147 122 298 104 60 62 194 78 116 81 47 46 77 21553 7702 620 66 554 62 43 492 130 86 362 292 108 184
internal_count=22024 471 445 147 122 298 104 60 62 194 78 116 81 47 46 77 21553 7702 620 66 554 62 43 492 130 86 362 292 108 184
is_linear=0
shrinkage=0.05


Tree=148
num_leaves=31
num_cat=0
split_feature=26 27 8 2 22 29 24 24 21 8 7 21 1 13 17 24 8 10 17 24 5 23 34 8 18 5 23 13 9 11
split_gain=0.101301 0.0940264 0.228136 0.202688 0.393817 0.300589 0.254304 0.268003 0.202708 0.195671 0.135804 0.201582 0.195616 0.222506 0.183836 0.120404 0.0889537 0.0881342 0.0815046 0.0725951 0.184696 0.279105 0.44522 0.518245 0.333616 0.337994 0.278461 0.240246 0.373249 0.192495
threshold=-0.61333333333333329 0.4883333333333334 279.50000000000006 1007.4965820312501 0.19879340277777782 3.5000000000000004 -0.78166666666666662 -0.45333333333333331 0.67166666666666675 142.12500000000003 259.25000000000006 0.14500000000000005 70.110530853271499 0.14166666666666669 -0.038333333333333323 -0.69166666666666654 197.62500000000003 1.5050000000000001 -0.95833333333333315 -0.58166666666666655 233.22824859619143 0.41070620886673864 -0.37940952255126015 259.75000000000006 0.085000000000000089 315.76820373535162 0.39492764264029667 0.32166666666666671 54.993469238281257 -0.16166666666666665
decision_type=2 2 2 2 2 2 2 2 2 2 2 2 2 2 2 2 2 2 2 2 2 2 2 2 2 2 2 2 2 2
left_child=-1 17 3 4 -3 8 10 15 -6 -7 12 14 13 -5 -12 -8 -14 18 -2 20 -20 22 23 24 25 29 -25 28 -26 -22
right_child=1 2 -4 6 5 9 7 -9 -10 -11 11 -13 16 -15 -16 -17 -18 -19 19 -21 21 -23 -24 26 27 -27 -28 -29 -30 -31
leaf_value=0.0027271415645801055 -0.0014772320082714863 0.006799289616756141 -0.005255529945358061 0.00016899290938107741 0.0044886689243867298 0.00037029631217592399 0.00030836896529715314 -0.0034779476101027326 -0.0016763791876292088 -0.0052504402468912309 -0.0050818942823389083 -0.0066866228041388759 0.0018345072689569661 -0.0067508122490835378 0.0014726239798145127 0.0042630581158356598 -0.0019348279967137689 0.0031045804939070797 7.9010253506699727e-05 0.00013200687219689522 -0.0013235111050259245 -7.0300986655332225e-05 -0.00012725194548693253 0.0022344536821195938 -0.0031676933287622267 0.0036675997138782231 -0.0038131274275656326 -0.0011491587908050523 -0.0083987303830993683 -0.0044602251153660092
leaf_weight=34 92 25 26 21 40 30 38 27 20 32 20 35 45 26 23 39 24 23 8637 8116 168 3349 740 92 79 27 24 43 60 69
leaf_count=34 92 25 26 21 40 30 38 27 20 32 20 35 45 26 23 39 24 23 8637 8116 168 3349 740 92 79 27 24 43 60 69
internal_value=2.98426e-08 -4.1867e-06 -0.000703035 -0.000437047 0.00108229 -8.92297e-05 -0.00118652 0.000808391 0.00243365 -0.00253073 -0.00225595 -0.00386922 -0.00117117 -0.00365898 -0.00157599 0.00231139 0.000523434 1.11094e-05 7.79953e-06 1.41826e-05 -5.77817e-05 -0.000311807 -0.000933009 -0.00199397 -0.00276831 -0.00163288 0.00098323 -0.0044153 -0.00542569 -0.00223673
internal_weight=22024 21990 471 445 147 122 298 104 60 62 194 78 116 47 43 77 69 21519 21496 21404 13288 4651 1302 562 446 264 116 182 139 237
internal_count=22024 21990 471 445 147 122 298 104 60 62 194 78 116 47 43 77 69 21519 21496 21404 13288 4651 1302 562 446 264 116 182 139 237
is_linear=0
shrinkage=0.05


Tree=149
num_leaves=31
num_cat=0
split_feature=26 26 4 26 8 11 3 18 7 22 21 25 15 14 26 35 17 17 26 22 0 27 6 24 2 14 28 2 0 15
split_gain=0.0952788 0.0912036 0.0898509 0.187936 0.36078 0.407255 0.43835 0.325785 0.278726 0.274933 0.23732 0.209024 0.199088 0.252619 0.19639 0.187073 0.269954 0.245057 0.185793 0.22926 0.361273 0.27433 0.286395 0.337034 0.269483 0.293833 0.252633 0.34654 0.232215 0.209675
threshold=0.66000000000000003 -0.61333333333333329 19.9812126159668 -0.11999999999999997 154.12500000000003 -0.2283333333333333 80.125000000000014 -0.53218749999999981 151.12500000000003 0.084184027777777795 0.63833333333333353 0.71833333333333338 0.2002440640148844 -0.37499999999999989 -0.11166666666666668 0.87837969732492682 0.091666666666666688 0.3116666666666667 -0.13333333333333319 0.14942708333333338 19.098750114440922 0.21666666666666679 489.87500000000006 -0.74166666666666659 1003.8528137207032 0.095833333333333284 11.500000000000002 1007.3221130371095 14.923749446868898 0.21676386024405983
decision_type=2 2 2 2 2 2 2 2 2 2 2 2 2 2 2 2 2 2 2 2 2 2 2 2 2 2 2 2 2 2
left_child=1 -1 3 4 -3 7 11 -6 -9 -8 15 -7 -10 -14 -5 16 -11 -18 19 28 21 22 23 26 -25 -26 27 -21 -4 -22
right_child=-2 2 18 14 5 6 9 8 12 10 -12 -13 13 -15 -16 -17 17 -19 -20 20 29 -23 -24 24 25 -27 -28 -29 -30 -31
leaf_value=0.0025907845915165073 -0.0034494686707330401 0.00038033373610531679 0.0077326511824503535 0.0032289195527403572 0.0034223345021018761 -0.0032051329221576457 0.0021427417372365198 0.0042291924217715861 -0.003722758135239629 -0.0064496344951395362 0.0014277645200490954 -0.0096830327176686496 0.0027144920307263318 -0.004086219244742428 -4.3745860202996706e-05 -0.0083422798418905583 0.0014584786221875173 -0.0051724764941768215 6.4333853528357999e-05 0.0038659770955780043 -0.0071817373856902129 -0.0045509115496481008 0.0034120736608527743 0.0036945841735138035 0.0037684572247058353 -0.0015245190233043914 -0.005378744607740963 -0.0046980086015537383 0.0019167516225648753 -0.00018172268755733967
leaf_weight=34 20 341 20 46 48 20 32 20 79 36 25 33 36 22 13282 20 38 22 7264 27 23 22 106 82 37 90 37 21 121 20
leaf_count=34 20 341 20 46 48 20 32 20 79 36 25 33 36 22 13282 20 38 22 7264 27 23 22 106 82 37 90 37 21 121 20
internal_value=2.83486e-08 3.16368e-06 -8.40826e-07 -7.63838e-05 -0.000834856 -0.00179629 -0.00326011 -0.000182522 -0.00128464 -0.00204129 -0.00299086 -0.00723854 -0.00208958 0.000134912 -3.24506e-05 -0.00394314 -0.00302666 -0.000972872 0.000134503 0.000975606 0.00044008 0.000884956 0.00118393 0.000380584 0.0014602 1.75292e-05 -0.002274 0.000119233 0.0027417 -0.00392592
internal_weight=22024 22004 21970 14100 772 431 226 205 157 173 141 53 137 58 13328 116 96 60 7870 606 465 422 400 294 209 127 85 48 141 43
internal_count=22024 22004 21970 14100 772 431 226 205 157 173 141 53 137 58 13328 116 96 60 7870 606 465 422 400 294 209 127 85 48 141 43
is_linear=0
shrinkage=0.05


Tree=150
num_leaves=31
num_cat=0
split_feature=7 0 2 1 19 10 14 5 23 6 14 14 8 23 19 20 3 26 9 23 29 2 26 19 3 1 23 15 19 2
split_gain=0.098843 0.10033 0.284482 0.143199 0.180996 0.128443 0.122053 0.116084 0.0982031 0.0975065 0.217696 0.0865005 0.085406 0.266056 0.332684 0.370511 0.447894 0.429584 0.341781 0.315191 0.342855 0.302624 0.304493 0.401778 0.301503 0.338407 0.28378 0.280218 0.280107 0.408953
threshold=674.25000000000011 24.473750114440922 1017.0369262695314 63.46881294250489 0.22224100539447847 -1.0149999999999999 -0.93291666666666651 115.31142425537111 0.50129588704939121 424.12500000000006 -0.53124999999999989 -0.69791666666666663 88.125000000000014 0.38780921997557022 0.35479381487227013 -0.56499999999999984 52.875000000000007 0.38833333333333342 253.32621765136722 0.32609937203742861 2.5000000000000004 1011.8374633789064 0.036666666666666639 0.2702049119512106 92.125000000000014 72.713436126708999 0.35168312746854596 0.27491998164490844 0.16347888827442991 1021.0383605957032
decision_type=2 2 2 2 2 2 2 2 2 2 2 2 2 2 2 2 2 2 2 2 2 2 2 2 2 2 2 2 2 2
left_child=1 5 3 6 8 -1 7 -3 -5 -8 11 -11 -7 14 15 16 19 -17 -18 -14 -21 -15 23 28 25 -20 -26 -28 -23 -30
right_child=-2 2 -4 4 -6 12 9 -9 -10 10 -12 -13 13 21 -16 17 18 -19 24 20 -22 22 -24 -25 26 -27 27 -29 29 -31
leaf_value=-0.0022641149792304665 -0.0015715822520724031 -0.00046091914921998978 0.006214627883214828 0.006805567751039885 0.00050321943003487268 6.6184931957934004e-05 0.0014036740011290714 0.0046497455309145157 0.0020253694034181534 -0.0016581188382133406 -0.0060704245154435434 0.001861738299097245 -0.007434053719043732 0.0005873709560480873 -0.0023135066943745816 -0.00056466210748284322 1.8436329386851092e-05 -0.0068036672800579779 0.0036008122250981013 0.0043880072247702634 -0.0030120988909362093 -0.00010999024034424332 -0.00092702728391122783 -0.00094895702318715321 -0.0022905351424759085 0.010734092962988856 0.0062132514185375643 -0.0010544045889262289 0.0022088266781144449 -0.00094356746679960773
leaf_weight=63 100 25 23 21 104 14499 29 20 22 64 24 24 21 1800 243 1886 131 28 60 24 45 537 1027 541 33 23 36 21 443 134
leaf_count=63 100 25 23 21 104 14499 29 20 22 64 24 24 21 1800 243 1886 131 28 60 24 45 537 1027 541 33 23 36 21 443 134
internal_value=-3.18548e-06 3.95951e-06 0.000836508 0.000465046 0.00163136 -9.7653e-06 -0.000456718 0.00181049 0.00435988 -0.00118029 -0.00184936 -0.000698158 -3.16934e-06 -0.000146148 -0.000553779 -0.000368504 0.00102779 -0.000655933 0.00194505 -0.00207053 -0.000438149 8.58618e-05 -0.000250722 0.000168956 0.00340393 0.0055775 0.00139941 0.00353569 0.000711856 0.00147673
internal_weight=22051 21951 356 333 147 21595 186 45 43 141 112 88 21532 7033 2551 2308 394 1914 304 90 69 4482 2682 1655 173 83 90 57 1114 577
internal_count=22051 21951 356 333 147 21595 186 45 43 141 112 88 21532 7033 2551 2308 394 1914 304 90 69 4482 2682 1655 173 83 90 57 1114 577
is_linear=0
shrinkage=0.05


Tree=151
num_leaves=31
num_cat=0
split_feature=7 0 2 1 19 14 5 25 6 7 21 27 27 18 22 3 16 0 18 7 28 21 27 3 4 3 4 20 21 22
split_gain=0.0892058 0.0905476 0.256745 0.129237 0.163349 0.110153 0.104766 0.0997816 0.0926987 0.263012 0.203601 0.339154 0.313979 0.248726 0.522898 0.23805 0.36829 0.255663 0.309196 0.208614 0.212192 0.197736 0.521352 0.266873 0.218925 0.394564 0.298315 0.312363 0.263274 0.580106
threshold=674.25000000000011 24.473750114440922 1017.0369262695314 63.46881294250489 0.22224100539447847 -0.93291666666666651 115.31142425537111 0.72833333333333339 160.87500000000003 9.8750000000000018 0.70166666666666677 0.093333333333333296 0.12833333333333333 0.26322916666666668 0.4777777777777778 89.875000000000014 0.045000000000000005 5.8237500190734872 0.49843750000000014 95.125000000000014 11.500000000000002 0.64500000000000002 -0.17249999999999993 93.125000000000014 32.242292404174812 55.125000000000007 35.656366348266609 -0.72499999999999998 0.62083333333333346 0.48772569444444452
decision_type=2 2 2 2 2 2 2 2 2 2 2 2 2 2 2 2 2 2 2 2 2 2 2 2 2 2 2 2 2 2
left_child=1 8 3 5 -5 6 -3 -7 -1 -10 21 15 -13 14 -14 19 -17 -18 -19 20 -12 24 23 -23 28 26 -26 -28 -11 -30
right_child=-2 2 -4 4 -6 7 -8 -9 9 10 11 12 13 -15 -16 16 17 18 -20 -21 -22 22 -24 -25 25 -27 27 -29 29 -31
leaf_value=6.3666654305831097e-05 -0.0014930031380790752 -0.00043787321075797084 0.0059038962966398052 0.0041418905745579885 0.00047805844738972022 -0.00053404937413179757 0.0044172583137697076 -0.0041340271924602112 -0.0024775103303545619 -9.1642326938237429e-05 -0.0066101433505536995 -0.0072659850848140195 -0.00074496828989746675 -0.0001992769666527317 -0.010672815104148218 0.0056083526941282415 -0.0048996302592770567 -0.0038483179887407459 0.0015067113263189402 -0.00064533766973268658 -0.00014187805354595184 0.0020503160126307714 -1.7005581987100318e-05 0.0083176873793656177 0.001724710051900635 0.0032552681075060704 0.00056436722919058348 -0.0069830041426908358 0.00071149134380517137 -0.0062413591110486201
leaf_weight=14437 100 25 23 43 104 118 20 23 120 5621 32 32 36 92 21 35 23 32 171 301 21 35 188 33 58 131 26 29 66 55
leaf_count=14437 100 25 23 43 104 118 20 23 120 5621 32 32 36 92 21 35 23 32 171 301 21 35 188 33 58 131 26 29 66 55
internal_value=-3.02621e-06 3.76153e-06 0.000794682 0.000441794 0.00154979 -0.000433882 0.00171996 -0.00112128 -9.27703e-06 -0.000156397 -0.000116822 -0.000869901 -0.00277234 -0.00180726 -0.0044026 -0.000309997 0.000835641 9.65043e-05 0.000662569 -0.00115466 -0.00404725 -2.07867e-05 0.00134003 0.00509183 -7.8984e-05 0.00138787 -0.000776995 -0.00341516 -0.000141316 -0.0024489
internal_weight=22051 21951 356 333 147 186 45 141 21595 7158 7038 796 181 149 57 615 261 226 203 354 53 6242 256 68 5986 244 113 55 5742 121
internal_count=22051 21951 356 333 147 186 45 141 21595 7158 7038 796 181 149 57 615 261 226 203 354 53 6242 256 68 5986 244 113 55 5742 121
is_linear=0
shrinkage=0.05


Tree=152
num_leaves=31
num_cat=0
split_feature=7 0 4 26 23 15 10 10 8 3 26 4 26 10 19 11 8 14 29 8 26 5 5 19 19 5 5 27 6 17
split_gain=0.0805082 0.0817192 0.244738 0.142133 0.13549 0.259055 0.152004 0.115475 0.0780021 0.245186 0.116051 0.0763645 0.167469 0.326132 0.217277 0.271668 0.145154 0.192714 0.284823 0.31109 0.136 0.250429 0.244944 0.239693 0.348621 0.297117 0.215509 0.203563 0.203912 0.153398
threshold=674.25000000000011 24.473750114440922 7.1394345760345468 -0.088333333333333361 0.50129588704939121 0.082436844465636275 -0.30166666666666664 -1.0149999999999999 153.12500000000003 75.625000000000014 0.12333333333333335 19.9812126159668 0.38833333333333342 0.43833333333333341 0.30197858221978047 -0.36499999999999994 312.75000000000006 -0.33874999999999994 3.5000000000000004 336.62500000000006 -0.24833333333333327 262.76373291015631 229.56762695312503 0.25750503396653546 0.16924826984045091 208.0724792480469 236.02592468261722 -0.12000000000000004 424.12500000000006 0.115
decision_type=2 2 2 2 2 2 2 2 2 2 2 2 2 2 2 2 2 2 2 2 2 2 2 2 2 2 2 2 2 2
left_child=1 7 -3 -4 5 -5 -7 -1 10 -10 -6 16 20 14 15 -14 -9 18 19 -18 21 22 23 24 -13 -25 -24 28 -23 -26
right_child=-2 2 3 4 8 6 -8 11 9 -11 -12 12 13 -15 -16 -17 17 -19 -20 -21 -22 27 26 25 29 -27 -28 -29 -30 -31
leaf_value=-0.0021463270931105531 -0.0014183530274021906 0.005863027728595295 -0.0026453451198690079 -0.0014556383783929051 0.00015601142744344545 0.0081477803597226738 0.0023966909662165026 -5.8942194149106398e-05 0.0060018042035933049 -0.0012620988275067737 -0.0037973234125058212 0.0051324095646850774 -0.0053307776991277939 -0.0068456659447401758 0.0030608744581695647 0.0021923564057215118 -0.0023151282813738696 -0.0045983828064735709 -0.0049375318930039861 0.0059162968197294203 0.00010981994521831142 0.0029990008127476486 -0.0063684863224625597 0.0004105762133131857 0.00021427548344945537 0.0083632518013473604 -0.00033600414590501603 -0.00014103443920612335 0.0093278356897644708 -0.0059042644825586608
leaf_weight=63 100 22 34 25 160 20 27 13630 21 26 21 20 30 25 30 20 22 41 22 24 7423 35 20 23 20 24 57 25 20 21
leaf_count=63 100 22 34 25 160 20 27 13630 21 26 21 20 30 25 30 20 22 41 22 24 7423 35 20 23 20 24 57 25 20 21
internal_value=-2.8749e-06 3.57346e-06 0.000754948 0.000418488 0.000765722 0.0026566 0.00484396 -8.81318e-06 0.000168602 0.00198347 -0.000302663 -2.55908e-06 0.000122466 -0.00186087 -0.000303125 -0.00232152 -7.34757e-05 -0.00189084 -0.000258344 0.00197953 0.000149554 0.00126256 0.000251803 0.00178801 -0.000279604 0.00447152 -0.00190288 0.00359995 0.0053004 -0.00291961
internal_weight=22051 21951 356 334 300 72 47 21595 228 47 181 21532 7793 105 80 50 13739 109 68 46 7688 265 185 108 61 47 77 80 55 41
internal_count=22051 21951 356 334 300 72 47 21595 228 47 181 21532 7793 105 80 50 13739 109 68 46 7688 265 185 108 61 47 77 80 55 41
is_linear=0
shrinkage=0.05


Tree=153
num_leaves=31
num_cat=0
split_feature=8 21 8 20 28 27 3 20 26 2 10 6 4 0 24 24 7 10 36 14 9 3 17 4 2 13 24 2 21 11
split_gain=0.0800599 0.209189 0.264383 0.263201 0.262819 0.277508 0.325709 0.261751 0.204258 0.149843 0.271946 0.297822 0.234037 0.208715 0.204897 0.351306 0.209075 0.140698 0.225797 0.150066 0.137948 0.191335 0.377636 0.337759 0.320533 0.315245 0.481225 0.265052 0.261893 0.332487
threshold=88.125000000000014 0.72166666666666679 245.62500000000003 -0.25499999999999995 9.5000000000000018 -0.24833333333333335 92.875000000000014 -0.3216666666666666 0.046666666666666919 1005.1424560546876 0.44166666666666671 314.37500000000006 23.131214141845707 7.6425001621246347 0.115 0.32666666666666672 112.62500000000001 0.75166666666666682 -0.22252093395631442 0.40000000000000013 17.925394058227543 99.125000000000014 0.34833333333333338 32.720516204833991 1001.238739013672 -0.30166666666666664 -0.97833333333333317 1014.7254638671876 0.55166666666666686 0.50833333333333341
decision_type=2 2 2 2 2 2 2 2 2 2 2 2 2 2 2 2 2 2 2 2 2 2 2 2 2 2 2 2 2 2
left_child=8 20 3 7 5 -5 -7 -3 -1 10 11 -6 -12 -14 16 -16 17 18 -11 -20 -2 22 -22 24 -24 26 -26 -27 -23 -30
right_child=1 2 -4 4 9 6 -8 -9 -10 14 12 -13 13 -15 15 -17 -18 -19 19 -21 21 28 23 -25 25 27 -28 -29 29 -31
leaf_value=2.9878547256049821e-06 -0.0010136844748035662 -0.0014827806701733998 -0.005764995829236729 0.0019668104402996876 0.0086939984382214865 -0.008299617449353848 -0.0018491582875140014 -0.0071319425635136147 0.00062588066794873418 0.0052305665271552768 0.0015004272219633348 0.00064002739381976428 -0.0059152197286797071 -7.0163706273195282e-05 -0.0071604009851364905 -0.00082797839633462109 -0.0041420571223300491 -0.001322593400804979 -0.002481111397759782 0.0022147160311958391 1.8307954869366867e-05 0.00012158958027438921 0.0024227955563798208 0.0020964264777968782 -0.00029724305495619778 -0.0023237125167725027 -0.0084695555082912183 0.00028469327154328187 0.0027432050359493588 -0.00014693504288409125
leaf_weight=13108 348 70 27 27 22 28 65 29 1463 38 122 24 24 42 27 116 21 41 27 46 3755 1527 44 66 31 320 43 140 240 170
leaf_count=13108 348 70 27 27 22 28 65 29 1463 38 122 24 24 42 27 116 21 41 27 46 3755 1527 44 66 31 320 43 140 240 170
internal_value=-2.73115e-06 -0.000135702 -0.000901916 -0.000731171 -0.000375596 -0.00249567 -0.00379123 -0.00313759 6.55294e-05 8.69658e-05 0.00104602 0.00449193 0.000202872 -0.00219564 -0.00062322 -0.00202361 0.000534329 0.00118041 0.00210494 0.000477903 -4.44535e-05 8.78073e-06 -0.000173545 -0.00129219 -0.00167912 -0.00201711 -0.00504602 -0.00152985 0.000422848 0.00154485
internal_weight=22051 7480 796 769 670 120 93 99 14571 550 234 46 188 66 316 143 173 152 111 73 6684 6336 4399 644 578 534 74 460 1937 410
internal_count=22051 7480 796 769 670 120 93 99 14571 550 234 46 188 66 316 143 173 152 111 73 6684 6336 4399 644 578 534 74 460 1937 410
is_linear=0
shrinkage=0.05


Tree=154
num_leaves=31
num_cat=0
split_feature=19 33 8 13 4 18 27 8 8 15 26 29 28 10 20 17 1 25 2 5 27 0 7 6 6 25 15 5 5 0
split_gain=0.0763466 0.164224 0.224077 0.349686 0.202732 0.200936 0.20134 0.197655 0.187883 0.382458 0.201992 0.198526 0.195309 0.251361 0.290418 0.343288 0.343108 0.306882 0.286204 0.318262 0.268965 0.243349 0.212203 0.262548 0.206136 0.196131 0.364643 0.308282 0.44058 0.534815
threshold=0.067785063140476665 1.0000000180025095e-35 272.12500000000006 -0.36499999999999994 21.273674011230472 -0.43979166666666653 -0.066666666666666624 4.6250000000000009 265.12500000000006 0.047482940406302555 0.53500000000000014 5.5000000000000009 6.5000000000000009 0.32833333333333342 0.33833333333333343 0.55833333333333346 86.922214508056655 0.66500000000000015 1021.0383605957032 328.83950805664068 0.21666666666666679 8.9112496376037615 142.12500000000003 217.12500000000003 346.62500000000006 1.1166666666666669 0.06318696536949929 233.80800628662112 214.53880310058597 17.423750877380375
decision_type=2 2 2 2 2 2 2 2 2 2 2 2 2 2 2 2 2 2 2 2 2 2 2 2 2 2 2 2 2 2
left_child=-1 2 7 4 -4 -5 -7 -2 10 -10 11 12 -3 18 15 17 20 -15 19 25 -17 -21 23 -19 -20 26 -14 28 -28 -30
right_child=1 8 3 5 -6 6 -8 -9 9 -11 -12 -13 13 14 -16 16 -18 22 24 21 -22 -23 -24 -25 -26 -27 27 -29 29 -31
leaf_value=0.00014407270270999203 -0.00015356895107772675 9.9270644478127119e-05 -0.0015563322675006932 -0.0012989698750122142 0.0030541871996032765 -0.0032644559185774553 -0.010274202553555371 0.00030887696772133295 0.0054638684189950047 0.00027494115312686379 0.0046787709509953854 0.00039631185356572124 -0.001453004584991834 -0.0069683583420036103 -0.00085044191958587138 -0.009890850500549931 -0.00090589966314534348 -0.0021027734401919272 -0.00014479589968067693 0.0081625621006241999 -0.0027590907789999623 0.00036273552570492029 -0.0040049165865639223 0.0030376480636294693 -0.0025688806654968711 -0.0015872598983181282 0.00025553485371764928 -0.00058452670203484392 0.0052821038156286434 0.00025742949343747593
leaf_weight=6327 4183 1158 64 30 38 21 20 5162 39 397 20 763 386 21 951 39 30 46 141 20 20 20 32 54 232 240 740 645 109 103
leaf_count=6327 4183 1158 64 30 38 21 20 5162 39 397 20 763 386 21 951 39 30 46 141 20 20 20 32 54 232 240 740 645 109 103
internal_value=-2.59459e-06 -6.16104e-05 6.88686e-05 -0.00171418 0.000161312 -0.00440855 -0.00668384 0.000101877 -0.000261723 0.000739088 -0.000337347 -0.000354795 -0.000469713 -0.000641789 -0.00124397 -0.00279045 -0.00525957 -0.00135417 -0.000369253 -0.000157736 -0.0074733 0.00426265 -0.000460999 0.000673054 -0.00165254 -0.000237275 -7.38876e-05 0.000259449 0.000831261 0.00284087
internal_weight=22051 15724 9518 173 102 71 41 9345 6206 436 5770 5750 4987 3829 1193 242 89 153 2636 2263 59 40 132 100 373 2223 1983 1597 952 212
internal_count=22051 15724 9518 173 102 71 41 9345 6206 436 5770 5750 4987 3829 1193 242 89 153 2636 2263 59 40 132 100 373 2223 1983 1597 952 212
is_linear=0
shrinkage=0.05


Tree=155
num_leaves=31
num_cat=0
split_feature=25 27 3 26 1 0 26 17 12 22 2 1 10 23 28 1 18 5 8 24 15 10 28 24 6 23 24 2 8 9
split_gain=0.0842585 0.11041 0.0858931 0.162699 0.240574 0.215993 0.147772 0.139756 0.325184 0.430949 0.304018 0.284126 0.264092 0.214719 0.247603 0.20818 0.196046 0.156608 0.148881 0.204163 0.136503 0.203493 0.42047 0.183276 0.135905 0.362038 0.181172 0.125465 0.123118 0.661348
threshold=1.5750000000000002 -0.11999999999999997 99.125000000000014 0.3083333333333334 72.539558410644545 16.898751258850101 -0.42499999999999993 -0.3216666666666666 -0.45166666666666661 0.29359375000000004 1022.0255737304689 73.399303436279311 -0.2616666666666666 0.39129937597803627 10.500000000000002 63.80040359497071 -0.56645833333333317 127.54174423217775 336.62500000000006 -0.83166666666666655 0.22877592323082377 0.14166666666666669 10.500000000000002 -0.72499999999999998 485.62500000000006 0.37544994915287011 -0.72499999999999998 1012.816131591797 88.125000000000014 232.64605712890628
decision_type=2 2 2 2 2 2 2 2 2 2 2 2 2 2 2 2 2 2 2 2 2 2 2 2 2 2 2 2 2 2
left_child=2 -2 28 6 5 -5 -4 10 9 12 11 13 -9 -8 -15 16 17 -16 20 -20 24 22 -22 -24 -10 -26 -27 -14 -1 -30
right_child=1 -3 3 4 -6 -7 7 8 18 -11 -12 -13 27 14 15 -17 -18 -19 19 -21 21 -23 23 -25 25 26 -28 -29 29 -31
leaf_value=1.5431327361575603e-05 -0.0016517834143234872 0.0012946589974224447 0.0042660893681126513 0.0032359408904556876 0.0053075252000141793 -0.0030885055833668623 0.0050911434479833893 -0.0044639739169118307 7.7880799975310909e-05 -0.0093246721755713222 -0.0035076004398676263 0.0066623861806605154 0.0039766688595674086 -0.0042029251926578581 -0.0015395243349485101 0.0036657404730379185 -0.0043215959025970242 0.0033519139700931393 0.0010282936703879387 -0.0056911877696760576 -0.001937380625697022 3.8296010054808149e-05 0.0030606822250410916 0.0096052085778311549 -0.0076028657367541684 -0.0015938579759676942 0.0037582546716467256 -0.0010306648685243624 -0.0018073694288946495 -7.3016634793323219e-05
leaf_weight=8049 37 226 21 27 37 27 30 36 8194 20 30 27 22 24 30 56 22 36 20 26 22 93 20 23 21 64 21 29 635 4090
leaf_count=8049 37 226 21 27 37 27 30 36 8194 20 30 27 22 24 30 56 22 36 20 26 22 93 20 23 21 64 21 29 635 4090
internal_value=-9.44796e-06 0.00088014 -2.02038e-05 9.83111e-05 0.00220175 7.37177e-05 7.67726e-05 6.68498e-05 3.26884e-05 -0.00270653 0.00122043 0.00185084 -0.00118512 0.00119472 0.000498925 0.00128257 -0.000233999 0.00112853 6.71542e-05 -0.00276967 8.25827e-05 0.00153843 0.00368479 0.00656124 5.48689e-05 -0.001724 -0.000271571 0.00112936 -0.0001035 -0.000306099
internal_weight=22015 263 21752 8978 91 54 8887 8866 8611 107 255 225 87 198 168 144 88 66 8504 46 8458 158 65 43 8300 106 85 51 12774 4725
internal_count=22015 263 21752 8978 91 54 8887 8866 8611 107 255 225 87 198 168 144 88 66 8504 46 8458 158 65 43 8300 106 85 51 12774 4725
is_linear=0
shrinkage=0.05


Tree=156
num_leaves=31
num_cat=0
split_feature=10 19 0 34 9 15 10 6 18 0 13 12 4 9 4 9 11 15 16 10 35 8 1 3 9 5 2 1 9 24
split_gain=0.078946 0.0810415 0.144553 0.129431 0.105083 0.111107 0.150108 0.126839 0.103533 0.210332 0.224558 0.244992 0.331901 0.311013 0.419243 0.263509 0.253219 0.311057 0.243924 0.221886 0.2159 0.203032 0.557833 0.524663 0.384351 0.380194 0.386938 0.445557 0.35923 0.352396
threshold=1.4083333333333334 0.067785063140476665 11.117499828338625 0.25881904510252057 345.08253479003912 0.054254202772861679 0.68166666666666675 116.12500000000001 0.20291666666666675 15.367499828338625 -0.84833333333333327 -0.38833333333333325 13.394651889801027 559.25961303710949 16.301542282104496 19.051176071166996 -0.084999999999999978 0.1423073742266048 0.32833333333333342 -0.47166666666666662 -0.8783796973249266 169.12500000000003 76.635654449462905 89.875000000000014 19.051176071166996 320.71229553222662 990.68307495117199 73.887947082519545 236.32936096191409 0.1516666666666667
decision_type=2 2 2 2 2 2 2 2 2 2 2 2 2 2 2 2 2 2 2 2 2 2 2 2 2 2 2 2 2 2
left_child=1 2 3 4 5 -1 7 -7 9 10 -3 12 19 14 -14 18 17 -16 -13 -12 -17 -10 23 28 -24 26 -25 -28 -23 -26
right_child=-2 8 -4 -5 -6 6 -8 -9 21 -11 11 15 13 -15 16 20 -18 -19 -20 -21 -22 22 24 25 29 -27 27 -29 -30 -31
leaf_value=0.00078769097928839394 0.0014217303877254988 0.0044111140534860661 -7.1819974641584858e-05 0.00017366449478461483 -0.0018993743193277625 0.0018757533317717214 0.00056599764835222493 0.0063987894721644666 -0.00011475904271155541 -9.9400673979180832e-05 -0.00097540642600506548 -0.0070454713399522003 0.0080579102699023988 -0.00093051986105428222 -0.0013921809033490718 -0.00066479414841986799 -0.003659347161650658 0.0048131748372132119 0.00076355388708179825 -0.0061912402689861335 0.0012689949740672442 -0.011862159625161441 -0.0046817349237648562 -0.0069473546020509232 0.0011858604993769271 -0.0072460064921566914 0.0027431245619460921 -0.0024753907267063956 -0.004170673203701708 -0.0049752057157456883
leaf_weight=723 96 37 3600 1841 32 31 56 31 8946 4288 44 20 24 246 36 169 25 46 20 38 989 20 36 21 324 24 86 78 63 25
leaf_count=723 96 37 3600 1841 32 31 56 31 8946 4288 44 20 24 246 36 169 25 46 20 38 989 20 36 21 324 24 86 78 63 25
internal_value=-8.97556e-06 -1.52417e-05 0.000135903 0.000411438 0.000912861 0.00101987 0.00244243 0.00413727 -7.6397e-05 8.69491e-05 0.000558654 0.00047263 -0.000509584 0.000117469 0.00208545 0.000848954 0.00074583 0.00208887 -0.00314096 -0.0033925 0.000986775 -0.000177939 -0.00101281 -0.00266084 0.000237133 -0.00132522 -0.000557115 0.000261148 -0.00602404 0.000744523
internal_weight=22015 21919 6314 2714 873 841 118 62 15605 5982 1694 1657 459 377 131 1198 107 82 40 82 1158 9623 677 292 385 209 185 164 83 349
internal_count=22015 21919 6314 2714 873 841 118 62 15605 5982 1694 1657 459 377 131 1198 107 82 40 82 1158 9623 677 292 385 209 185 164 83 349
is_linear=0
shrinkage=0.05


Tree=157
num_leaves=31
num_cat=0
split_feature=1 19 26 4 27 25 20 7 0 4 26 21 28 3 34 6 5 8 26 27 19 22 8 7 9 22 14 23 20 15
split_gain=0.0770828 0.132525 0.183478 0.0968933 0.26635 0.0821909 0.0778696 0.166116 0.0770125 0.320107 0.167147 0.124816 0.0988782 0.0766203 0.200057 0.260019 0.203991 0.185541 0.161199 0.191896 0.176655 0.174041 0.167047 0.3406 0.363675 0.310943 0.216267 0.286779 0.1704 0.345662
threshold=56.356004714965827 0.17324911147355057 -0.22166666666666668 10.293246746063234 0.26500000000000012 1.5750000000000002 0.65166666666666673 0.62500000000000011 24.473750114440922 7.1394345760345468 0.11333333333333338 -0.041666666666666664 12.500000000000002 99.125000000000014 -0.70710678118654757 410.87500000000006 17.694865226745609 248.12500000000003 0.3083333333333334 0.4883333333333334 0.28261047495565123 0.29718750000000005 208.62500000000003 59.375000000000007 628.32302856445324 0.60793402777777794 0.12999999999999998 0.44268071138296444 0.17500000000000002 0.055677643628310548
decision_type=2 2 2 2 2 2 2 2 2 2 2 2 2 2 2 2 2 2 2 2 2 2 2 2 2 2 2 2 2 2
left_child=1 -1 -3 4 -4 8 -7 -8 13 -10 12 -12 -11 -2 16 17 -15 -16 19 22 -20 -21 23 -18 26 28 27 -25 29 -24
right_child=5 2 3 -5 -6 6 7 -9 9 10 11 -13 -14 14 15 -17 18 -19 20 21 -22 -23 25 24 -26 -27 -28 -29 -30 -31
leaf_value=0.00029604924230391006 -9.6985658156419346e-05 0.0028849378829666726 -0.0008784916060154929 -0.0012059423552373202 -0.0081502434145659212 0.0028466620974623683 0.0010562342655097742 -0.003678837279412186 0.0069039014296140531 -0.0014888379745479031 0.00026482522662263364 0.0056130675560173895 0.00062830001721961499 0.0035966336018766081 -1.3278523097566989e-05 -0.002421341208121573 0.00039774142687796962 0.0032816405142934964 0.00076116859193213959 0.00046986641281171509 0.0057877113560921159 -0.0044935030864603747 -0.003764988553233534 0.0084122156219867371 -0.001122743859797573 -0.0058811765609552034 0.0021347317415347788 0.0021835843531527754 0.0021640717423884424 0.00016815476259429189
leaf_weight=229 12110 24 34 218 20 44 157 21 20 89 20 24 145 53 6701 112 917 43 44 33 29 38 63 42 52 23 102 33 82 493
leaf_count=229 12110 24 34 218 20 44 157 21 20 89 20 24 145 53 6701 112 917 43 44 33 29 38 63 42 52 23 102 33 82 493
internal_value=-8.52678e-06 -0.000607115 -0.00130585 -0.00167562 -0.00357173 6.0967e-06 0.000963182 0.000497602 -3.89356e-06 0.000794245 0.000354702 0.00318205 -0.000176936 -1.52357e-05 9.65015e-05 -3.19514e-05 0.000535959 7.73001e-06 0.000452814 0.000363208 0.00275801 -0.00218658 0.000463394 0.000828499 0.00255341 -0.000169602 0.00363341 0.00567162 3.63008e-05 -0.000277507
internal_weight=22015 525 296 272 54 21490 222 178 21268 298 278 44 234 20970 8860 6856 2004 6744 1951 1878 73 71 1807 1146 229 661 177 75 638 556
internal_count=22015 525 296 272 54 21490 222 178 21268 298 278 44 234 20970 8860 6856 2004 6744 1951 1878 73 71 1807 1146 229 661 177 75 638 556
is_linear=0
shrinkage=0.05


Tree=158
num_leaves=31
num_cat=0
split_feature=10 1 26 23 26 3 3 8 14 0 0 2 26 12 22 24 1 34 9 22 25 27 8 34 3 8 14 2 26 2
split_gain=0.0699393 0.0709102 0.143811 0.156639 0.25838 0.392156 0.249563 0.368691 0.214472 0.210002 0.17505 0.236869 0.275361 0.228651 0.212401 0.275736 0.172929 0.284007 0.166871 0.279745 0.154345 0.152335 0.16265 0.170644 0.213463 0.184578 0.163211 0.162675 0.146454 0.171668
threshold=1.5050000000000001 65.038372039794936 -0.36166666666666658 0.51965670542592812 -0.053333333333333316 4.6250000000000009 73.625000000000014 199.62500000000003 -0.85291666666666643 19.348750114440922 15.567499637603762 1014.0386352539064 0.13333333333333347 -0.38833333333333325 0.4777777777777778 -0.72499999999999998 60.385578155517585 -0.9159756150367534 760.17968750000011 0.084184027777777795 0.62833333333333352 0.43833333333333346 149.12500000000003 -0.9159756150367534 23.875000000000004 134.12500000000003 -0.59374999999999989 1016.3424682617189 -0.21166666666666667 1012.1943359375001
decision_type=2 2 2 2 2 2 2 2 2 2 2 2 2 2 2 2 2 2 2 2 2 2 2 2 2 2 2 2 2 2
left_child=1 2 -1 4 9 18 7 21 -8 28 14 13 -13 -12 15 -10 -11 -18 -6 -20 -15 22 23 26 -25 27 -7 -26 29 -4
right_child=-2 -3 3 -5 5 6 8 -9 10 16 11 12 -14 20 -16 -17 17 -19 19 -21 -22 -23 -24 24 25 -27 -28 -29 -30 -31
leaf_value=0.0027728351588992058 0.0026895660989490963 1.9267019766858035e-05 0.0048902487964369362 0.00018583407643098452 0.0010379322409280578 -0.0019431883170497868 0.0038685972116784088 -0.0055408135600337836 0.00027327609847840927 -0.0014212095770303028 -0.0020470301381704447 -0.00073011889053771321 -0.005607713696688576 0.0061046165932961945 -0.00038608884309358597 0.0066660570701764484 -0.0080357735875893292 -0.0020606787475963059 0.0010935032914858311 0.0091002682317048306 0.00048167153369062227 -0.0052127361204475165 0.0009929431413934018 -0.0026773794181829706 0.0042446467180758023 -0.0030199233442544937 -0.0071516996072161767 -0.0011241402975948793 -0.0014618887079650758 -0.0012877279194071891
leaf_weight=38 24 19741 22 885 100 53 36 51 37 70 38 78 46 23 107 31 37 43 24 20 26 20 97 63 43 20 21 21 177 23
leaf_count=38 24 19741 22 885 100 53 36 51 37 70 38 78 46 23 107 31 37 43 24 20 26 20 97 63 43 20 21 21 177 23
internal_value=-8.10044e-06 -1.10446e-05 -0.000276992 -0.000329385 -0.000672993 -0.000237548 -0.000664489 -0.00157804 0.000177619 -0.00179087 -0.000166617 -0.00113631 -0.00253955 0.000863707 0.00100256 0.00318763 -0.00323612 -0.00482416 0.00216696 0.00473294 0.00312101 -0.000980102 -0.000713898 -0.00146306 -0.000477282 0.00117279 -0.00342128 0.00248301 -0.000814354 0.00173262
internal_weight=22015 21991 2250 2212 1327 955 811 389 422 372 386 211 124 87 175 68 150 80 144 44 49 338 318 221 147 84 74 64 222 45
internal_count=22015 21991 2250 2212 1327 955 811 389 422 372 386 211 124 87 175 68 150 80 144 44 49 338 318 221 147 84 74 64 222 45
is_linear=0
shrinkage=0.05


Tree=159
num_leaves=31
num_cat=0
split_feature=7 20 24 13 5 24 5 2 14 15 28 10 26 12 5 12 0 18 21 27 0 14 13 20 8 14 15 7 34 3
split_gain=0.0699387 0.200928 0.25408 0.0948882 0.236575 0.354406 0.284469 0.310983 0.273152 0.245229 0.244492 0.19608 0.188387 0.185766 0.342623 0.242287 0.253125 0.176401 0.169515 0.166623 0.16387 0.153361 0.212249 0.149143 0.122762 0.511076 0.142789 0.112319 0.14371 0.0987749
threshold=619.12500000000011 -0.7749999999999998 -0.92166666666666652 -0.7749999999999998 174.08394622802737 -0.98166666666666658 221.19389343261722 1009.0439453125001 -0.31958333333333327 0.079320026895315379 12.500000000000002 -0.3216666666666666 0.023333333333333331 -0.56166666666666665 269.00869750976568 -0.41166666666666657 21.448750495910648 -0.93322916666666655 0.62083333333333346 0.010000000000000066 18.036250114440922 -0.59374999999999989 -0.8783333333333333 -0.83166666666666655 336.62500000000006 -0.33874999999999994 0.13774641220052949 432.37500000000006 -0.98296291314453399 85.125000000000014
decision_type=2 2 2 2 2 2 2 2 2 2 2 2 2 2 2 2 2 2 2 2 2 2 2 2 2 2 2 2 2 2
left_child=3 2 -2 4 5 10 7 8 -6 -7 11 23 -9 14 20 16 -15 -12 27 -16 -8 22 -11 -1 -5 26 -26 28 -17 -30
right_child=1 -3 -4 24 6 9 13 12 -10 21 17 -13 -14 15 19 18 -18 -19 -20 -21 -22 -23 -24 -25 25 -27 -28 -29 29 -31
leaf_value=-0.0003285963115897977 -0.0010227243758326322 -0.0053711965066296141 0.003387912396206766 -1.0613085553916343e-05 0.011042449581436813 0.00073275676450545069 0.003661916001389424 0.0036513507336245056 0.0031306049708897869 -0.0059699704708612482 0.00098990502592641869 0.0027737962380342653 -0.0019073843772747315 -0.005375321874639784 0.0086463583074510107 0.0047693520455675967 0.0015432507335208356 0.0064776016519991339 -0.0025484959269627271 0.0030330918633785005 -0.0015048564746649121 -0.0067015413126415195 0.00046181881334632639 -0.0048739607374255478 0.0044197531044483191 -0.0073502429328592758 -0.0013568568610302781 -0.0015077762538567186 -0.001957838412966918 0.0018896563165058532
leaf_weight=59 232 22 38 20861 20 38 21 35 24 23 32 34 27 39 20 34 20 27 34 39 57 34 29 26 20 28 23 28 22 69
leaf_count=59 232 22 38 20861 20 38 21 35 24 23 32 34 27 39 20 34 20 27 34 39 57 34 29 26 20 28 23 28 22 69
internal_value=-7.69542e-06 -0.000776362 -0.000401968 2.63698e-06 0.000540205 -0.00056011 0.00121974 0.00351209 0.0067269 -0.00261229 0.000869501 -0.000435303 0.00123061 0.00058531 0.00206088 -0.000236453 -0.00303004 0.00350122 0.000644948 0.00493589 -0.000113802 -0.00409034 -0.00238301 -0.00171894 -1.76772e-05 -0.00209323 0.00132994 0.0013546 0.00199577 0.000959493
internal_weight=22015 292 270 21723 791 302 489 106 44 124 178 119 62 383 137 246 59 59 187 59 78 86 52 85 20932 71 43 153 125 91
internal_count=22015 292 270 21723 791 302 489 106 44 124 178 119 62 383 137 246 59 59 187 59 78 86 52 85 20932 71 43 153 125 91
is_linear=0
shrinkage=0.05


Tree=160
num_leaves=31
num_cat=0
split_feature=25 17 5 25 11 5 6 9 24 2 13 8 34 8 9 2 3 29 14 14 8 21 27 10 11 8 13 23 24 0
split_gain=0.075691 0.133632 0.121417 0.0673521 0.0933204 0.145216 0.0831229 0.0669537 0.100495 0.0647717 0.255329 0.301021 0.335941 0.340699 0.190991 0.201411 0.173301 0.155204 0.155383 0.108042 0.103077 0.163832 0.101912 0.0971698 0.0970525 0.0896661 0.209055 0.15248 0.157535 0.153928
threshold=0.54666666666666675 0.115 212.90885925292972 1.5016666666666669 0.52166666666666683 256.00477600097662 166.12500000000003 169.69203186035159 1.0000000180025095e-35 1020.3798217773439 -0.38833333333333325 209.87500000000003 -0.9159756150367534 244.12500000000003 660.17004394531261 1026.6345214843752 99.375000000000014 5.5000000000000009 -0.69791666666666663 -0.71708333333333318 227.37500000000003 -0.18166666666666662 0.56500000000000017 0.115 -0.82833333333333325 306.12500000000006 -0.21166666666666664 0.49765609904819857 -0.7649999999999999 18.948750495910648
decision_type=2 2 2 2 2 2 2 2 2 2 2 2 2 2 2 2 2 2 2 2 2 2 2 2 2 2 2 2 2 2
left_child=1 -1 -3 9 5 -5 7 -6 -9 25 14 22 13 -13 15 20 -14 19 -19 -16 24 -22 -12 -17 -11 -2 27 28 29 -27
right_child=3 2 -4 4 6 -7 -8 8 -10 10 11 12 16 -15 17 23 -18 18 -20 -21 21 -23 -24 -25 -26 26 -28 -29 -30 -31
leaf_value=0.0011603435706347227 3.7891641561079443e-05 -0.00074488281854428356 -0.0062543617543997249 0.00056712978141895763 0.0006983500725341313 -0.0043145005656406287 0.0034316012098525579 0.0011796778887915224 -0.0033575512594185199 0.00010284080721989828 -0.00013846320445169794 0.0092188020337534201 -0.0032664098045123479 0.0019359952135432866 -0.00031506786920924899 0.002337204090033013 0.0018623937481606846 0.0048621342144906524 -0.00056113752819198588 -0.0037981799255395613 -0.0087705981620820241 -0.0031797696719877422 -0.0031674929098309285 -0.0022984703769907354 -0.0035163764084661696 0.0038264545725467496 -0.0043833798201950757 -0.0042023916682228449 -0.0032628914045000619 -0.00032896601254693591
leaf_weight=25 17257 20 20 39 569 25 26 23 26 27 3363 26 28 42 79 26 40 25 28 31 20 38 28 20 59 39 38 20 22 52
leaf_count=25 17257 20 20 39 569 25 26 23 26 27 3363 26 28 42 79 26 40 25 28 31 20 38 28 20 59 39 38 20 22 52
internal_value=-3.61903e-06 -0.00170733 -0.00349962 1.41099e-06 0.000481179 -0.00133976 0.000662141 0.000545627 -0.00122783 -1.45302e-05 -0.000199287 -7.09681e-05 0.00223557 0.0047206 -0.00148138 -0.0025586 -0.000249467 -0.00022572 0.00199701 -0.00129667 -0.0034787 -0.00510764 -0.000163474 0.000321693 -0.00238011 2.66021e-05 -0.00111272 -0.00017824 0.000533999 0.00145193
internal_weight=22081 65 40 22016 708 64 644 618 49 21308 3880 3527 136 68 353 190 68 163 53 110 144 58 3391 46 86 17428 171 133 113 91
internal_count=22081 65 40 22016 708 64 644 618 49 21308 3880 3527 136 68 353 190 68 163 53 110 144 58 3391 46 86 17428 171 133 113 91
is_linear=0
shrinkage=0.05


Tree=161
num_leaves=31
num_cat=0
split_feature=25 20 27 25 17 0 6 18 18 34 21 21 18 23 1 24 8 23 3 2 6 0 18 22 22 4 7 27 3 13
split_gain=0.0683111 0.135368 0.122074 0.0607853 0.0770119 0.13498 0.0971186 0.0647389 0.25289 0.368115 0.277889 0.23291 0.328252 0.226044 0.192344 0.184316 0.290831 0.186495 0.39228 0.519558 0.463549 0.202205 0.191483 0.218654 0.300384 0.182984 0.291684 0.176582 0.248361 0.176329
threshold=0.54666666666666675 -0.46833333333333327 0.17999999999999997 1.5016666666666669 0.75166666666666682 2.8799999952316289 169.12500000000003 0.20291666666666675 0.26322916666666668 -0.60355339059327384 0.70833333333333337 0.22500000000000001 -0.24895833333333331 0.50129588704939121 69.171703338623061 -0.27499999999999997 197.62500000000003 0.3444103180796701 95.375000000000014 1004.2396850585939 527.87500000000011 20.436250686645511 -0.34249999999999986 0.18931423611111112 0.36088541666666679 23.349072456359867 259.25000000000006 -0.020000000000000004 79.625000000000014 -0.84833333333333327
decision_type=2 2 2 2 2 2 2 2 2 2 2 2 2 2 2 2 2 2 2 2 2 2 2 2 2 2 2 2 2 2
left_child=1 2 -1 7 5 -5 -6 11 9 10 13 12 -2 14 -9 17 -17 18 19 20 -13 27 23 25 -25 26 -19 28 -21 -14
right_child=3 -3 -4 4 6 -7 -8 8 -10 -11 -12 15 29 -15 -16 16 -18 22 -20 21 -22 -23 -24 24 -26 -27 -28 -29 -30 -31
leaf_value=0.0026129753016655081 5.349931668403047e-07 -0.0048119836600645539 -0.0027166334501262535 0.0002529256856360007 0.00055922614434689307 -0.0038356222246808038 0.0041029126010835174 0.0016682339232647792 -2.7227172892797554e-05 -0.00026767435994503252 -0.0071960363926336871 -0.011769152263348754 0.001853840963237665 0.002886344409780577 -0.0036737658834154504 0.00056715540124319629 0.0060478112572250331 0.00091811888302601461 0.0013647701888216917 -3.7575813644986244e-05 -0.0019077087036119059 -0.0046678252116744891 0.00064496322406880249 -0.0063847809661335009 0.00066809869156433986 0.0043215684148228987 -0.0044870941750871553 -0.0017316012885715379 0.0057651908228011882 -0.0019843249828184772
leaf_weight=22 2493 22 21 80 581 27 20 20 14723 422 32 22 33 20 107 70 37 87 167 93 26 29 2361 36 26 22 35 103 23 321
leaf_count=22 2493 22 21 80 581 27 20 20 14723 422 32 22 33 20 107 70 37 87 167 93 26 29 2361 36 26 22 35 103 23 321
internal_value=-3.43808e-06 -0.00162196 1.01431e-05 1.34044e-06 0.00045712 -0.000778764 0.000677152 -1.38037e-05 -6.82654e-05 -0.0010736 -0.0029736 0.000125663 -0.000201777 -0.00205443 -0.00283251 0.000422833 0.00246234 0.000350811 -0.000572834 -0.00166601 -0.00642754 -0.000744423 0.000517405 -0.000944558 -0.00342712 0.000124323 -0.000632557 -0.000224886 0.00111297 -0.00162653
internal_weight=22081 65 43 22016 708 107 601 21308 15324 601 179 5984 2847 147 127 3137 107 3030 463 296 48 248 2567 206 62 144 122 219 116 354
internal_count=22081 65 43 22016 708 107 601 21308 15324 601 179 5984 2847 147 127 3137 107 3030 463 296 48 248 2567 206 62 144 122 219 116 354
is_linear=0
shrinkage=0.05


Tree=162
num_leaves=31
num_cat=0
split_feature=25 20 27 1 5 5 15 10 0 9 13 16 5 18 15 27 2 10 3 34 9 9 19 15 27 13 21 4 2 12
split_gain=0.0616508 0.122169 0.110172 0.0588246 0.147902 0.266372 0.308009 0.223837 0.312365 0.281543 0.227598 0.36997 0.217259 0.216233 0.213084 0.213238 0.210896 0.207113 0.197795 0.196285 0.196148 0.195658 0.194775 0.230925 0.186171 0.157253 0.147519 0.142742 0.202113 0.2076
threshold=0.54666666666666675 -0.46833333333333327 0.17999999999999997 65.038372039794936 228.89776611328128 238.38300323486331 0.15675972412884834 -0.53833333333333322 15.223749637603762 305.31846618652349 -0.53833333333333322 -0.60166666666666657 267.39817810058599 0.048020833333333339 0.28445203966155619 -0.17666666666666656 1015.2553100585939 -0.058333333333333327 98.875000000000014 -0.9159756150367534 363.78433227539068 453.26652526855474 0.32676925826222925 0.24074729335819486 0.050000000000000017 -0.3216666666666666 0.24500000000000005 23.131214141845707 1007.8292846679689 -0.58166666666666655
decision_type=2 2 2 2 2 2 2 2 2 2 2 2 2 2 2 2 2 2 2 2 2 2 2 2 2 2 2 2 2 2
left_child=1 2 -1 4 14 6 -6 18 9 24 11 -10 17 -14 15 21 26 -11 27 -16 -18 -2 23 -17 -9 -24 -12 -7 -29 -30
right_child=3 -3 -4 -5 5 7 -8 8 10 12 16 -13 13 -15 19 22 20 -19 -20 -21 -22 -23 25 -25 -26 -27 -28 28 29 -31
leaf_value=0.0024823265062877912 -0.0046961661519073859 -0.0045713843248615209 -0.0025808017983633496 2.8889142374060245e-05 -0.0017282351486809441 -0.00053552055194445081 -0.0087869174499064697 0.0070459370967000728 -0.00097313854538907225 -0.0075564507517265154 0.0011466208741719491 -0.0092560726184664037 0.0029596471629867501 -0.0021537678808015654 0.0061989423627016593 4.1328330460743644e-05 -0.0069144058714820343 -0.00098769244349872069 0.0035469182486518877 -0.00016341788524931129 -0.0018039999848329707 -0.00069956111722656582 0.0051295139136657659 -0.0053928920248290527 0.0011617813749159346 0.0010822266587205203 -0.0026311979157617317 -0.0024563980881463399 0.0048203299794944802 -0.0011215674036758997
leaf_weight=22 41 22 21 19760 68 291 20 20 26 20 73 28 44 39 27 868 28 30 44 22 57 121 28 20 41 168 40 22 49 21
leaf_count=22 41 22 21 19760 68 291 20 20 26 20 73 28 44 39 27 868 28 30 44 22 57 121 28 20 41 168 40 22 49 21
internal_value=-3.26618e-06 -0.00154086 9.63594e-06 1.27342e-06 -0.000240609 -0.000710568 -0.00333248 -0.000446275 -0.00122966 0.000278451 -0.00239067 -0.00526799 -0.00101152 0.000556958 0.000108141 -1.90482e-05 -0.00160594 -0.0036152 0.000371968 0.00334237 -0.00348743 -0.00171105 0.000233815 -8.1064e-05 0.00309101 0.00166041 -0.00019066 7.22197e-06 0.00172394 0.00303776
internal_weight=22081 65 43 22016 2256 961 88 873 446 194 252 54 133 83 1295 1246 198 50 427 49 85 162 1084 888 61 196 113 383 92 70
internal_count=22081 65 43 22016 2256 961 88 873 446 194 252 54 133 83 1295 1246 198 50 427 49 85 162 1084 888 61 196 113 383 92 70
is_linear=0
shrinkage=0.05


Tree=163
num_leaves=31
num_cat=0
split_feature=10 1 8 12 0 25 9 7 8 17 1 25 0 0 1 3 2 36 19 8 8 0 26 13 12 26 23 27 33 17
split_gain=0.056376 0.0579176 0.139334 0.25991 0.28777 0.27843 0.250449 0.402852 0.324766 0.375117 0.243537 0.233991 0.217467 0.190666 0.25417 0.19041 0.188724 0.176115 0.171358 0.16768 0.162947 0.149053 0.146605 0.129323 0.226273 0.127092 0.121499 0.118805 0.117264 0.114573
threshold=1.5050000000000001 65.038372039794936 122.12500000000001 -0.77833333333333321 17.423750877380375 0.6083333333333335 568.51434326171886 163.25000000000003 181.37500000000003 -0.215 59.975780487060554 0.64166666666666672 10.173749446868898 21.448750495910648 58.664770126342781 53.125000000000007 1015.0994262695314 0.81174490092936691 0.22680362466289702 144.62500000000003 166.62500000000003 20.336251258850101 0.050000000000000024 -0.2283333333333333 -0.58166666666666655 -0.20499999999999999 0.49630209977855205 -0.14166666666666669 0.37940952255126054 0.115
decision_type=2 2 2 2 2 2 2 2 2 2 2 2 2 2 2 2 2 2 2 2 2 2 2 2 2 2 2 2 2 2
left_child=1 2 25 12 11 13 7 16 9 19 -9 22 -4 21 -15 -13 -7 23 -19 -8 -21 -6 -5 -17 -25 -1 27 -12 -27 -3
right_child=-2 29 3 4 5 6 8 10 -10 -11 26 15 -14 14 -16 17 -18 18 -20 20 -22 -23 -24 24 -26 28 -28 -29 -30 -31
leaf_value=0.0039494851434772665 0.0024710514577632042 0.00033342960288068461 0.0053136383581659178 0.0064588767569512123 -0.0010305173322029243 0.0012197825926332138 -0.0034910735434316325 -0.0027624913380399499 0.0045155337745589877 -0.006618607322286283 -0.0067472536163404586 -0.0026055384338840009 0.00019245595131021996 0.0020429811440408232 -0.0052913681940279077 0.0021491736231680951 -0.0041605563759471156 -0.0045639881333853632 0.00031450295031795077 0.0028644017512851859 -0.0022813673722557725 0.00422157632320055 0.00060559707167355916 -0.0045674935990246014 0.00068506814070707679 0.00034588388161881193 -0.0050827367845922705 -0.012131863025327524 -0.0011366247018240354 -2.4739107433790777e-05
leaf_weight=22 23 2565 22 20 22 39 33 37 21 35 20 88 359 21 27 93 28 36 36 40 25 35 23 25 114 828 25 21 159 17239
leaf_count=22 23 2565 22 20 22 39 33 37 21 35 20 88 359 21 27 93 28 36 36 40 25 35 23 25 114 828 25 21 159 17239
internal_value=-3.10287e-06 -5.68268e-06 -0.000245838 -0.000599739 -0.00107948 -0.00199834 -0.00272348 -0.00404658 -0.00126291 -0.0021753 -0.00600966 -0.000173285 0.000488167 0.000239233 -0.00208259 -0.00055736 -0.00102872 3.55333e-05 -0.00212474 -0.000588403 0.00088526 0.00219445 0.00332805 0.000705964 -0.000259637 0.00019084 -0.00783004 -0.00950522 0.00010706 2.16506e-05
internal_weight=22081 22058 2254 1245 864 429 324 170 154 133 103 435 381 105 48 392 67 304 72 98 65 57 43 232 139 1009 66 41 987 19804
internal_count=22081 22058 2254 1245 864 429 324 170 154 133 103 435 381 105 48 392 67 304 72 98 65 57 43 232 139 1009 66 41 987 19804
is_linear=0
shrinkage=0.05


Tree=164
num_leaves=31
num_cat=0
split_feature=25 5 18 33 28 22 10 2 5 27 26 25 5 24 13 20 15 20 14 7 2 6 11 9 27 13 23 9 27 36
split_gain=0.0563215 0.122119 0.187214 0.055308 0.122145 0.41113 0.362783 0.227471 0.176079 0.158395 0.145158 0.143034 0.131732 0.121455 0.116892 0.151954 0.143965 0.118761 0.11789 0.106985 0.11021 0.106894 0.137204 0.105435 0.10915 0.101191 0.0979719 0.0975142 0.091051 0.0871698
threshold=0.54666666666666675 212.90885925292972 -0.17447916666666655 -0.78656609248549303 16.500000000000004 0.34881944444444452 0.70166666666666677 1024.0258789062502 187.17840576171878 0.080000000000000043 0.17000000000000012 0.93500000000000016 72.886760711669936 -0.58833333333333326 0.34833333333333338 -0.94833333333333314 0.082436844465636275 -0.58499999999999985 -0.22916666666666666 99.125000000000014 1012.6359252929689 258.87500000000006 0.40833333333333338 74.900096893310561 -0.053333333333333316 0.10500000000000002 0.52787560527647626 232.64605712890628 0.33166666666666678 -0.22252093395631442
decision_type=2 2 2 2 2 2 2 2 2 2 2 2 2 2 2 2 2 2 2 2 2 2 2 2 2 2 2 2 2 2
left_child=1 -1 -3 4 5 7 10 8 9 -2 13 -8 -11 -7 16 -16 -10 25 -17 -20 -21 23 28 -6 -25 -18 -14 -15 -23 -26
right_child=3 2 -4 -5 21 6 11 -9 14 12 -12 -13 26 27 15 18 17 -19 19 20 -22 22 -24 24 29 -27 -28 -29 -30 -31
leaf_value=0.0013600478948016341 0.004692728955136693 0.00016654673631169968 -0.0065928345418069514 -3.914703005041006e-05 -8.4791332596059507e-05 0.00071302864933386455 -0.0031507900520227855 0.0048144155259554587 0.003022315204779497 -0.0012431052811635174 0.0075459178013261409 0.0012308529147887848 0.0037605613921627857 0.002749491659098215 -0.0059859283187467119 0.00088635216134467306 -0.0013346281428861994 -0.0040900688329711552 -0.00051954990344321619 -0.0018907761720280787 -0.0068506582507065362 -0.00015345993223420991 -0.0050778619979973891 0.0024585398968584369 -0.00019353502715550858 0.0015916831037611702 -0.00015390808337307986 0.006901649808367858 -0.0035053940902192459 0.000794173671203456
leaf_weight=24 23 21 20 17450 2499 30 20 21 27 73 26 271 33 31 23 35 86 25 35 24 21 130 20 68 383 45 31 26 24 536
leaf_count=24 23 21 20 17450 2499 30 20 21 27 73 26 271 33 31 23 35 86 25 35 24 21 130 20 68 383 45 31 26 24 536
internal_value=-2.94772e-06 -0.00147259 -0.00313071 1.39123e-06 0.000156317 0.000676094 0.00186338 -0.000279414 -0.000501806 0.000853209 0.0042678 0.000929709 0.000208618 0.00328814 -0.0011772 -0.00227595 -0.000348642 -0.000932077 -0.00153395 -0.00259283 -0.00420539 2.76513e-05 -0.00118182 8.80208e-05 0.000525566 -0.000329407 0.00186449 0.00464346 -0.000675839 0.000382539
internal_weight=22081 65 41 22016 4566 906 404 502 481 160 113 291 137 87 321 138 183 156 115 80 45 3660 174 3486 987 131 64 57 154 919
internal_count=22081 65 41 22016 4566 906 404 502 481 160 113 291 137 87 321 138 183 156 115 80 45 3660 174 3486 987 131 64 57 154 919
is_linear=0
shrinkage=0.05


Tree=165
num_leaves=31
num_cat=0
split_feature=1 8 10 23 0 8 11 20 3 17 19 1 1 34 19 15 17 14 19 34 15 25 20 7 2 9 24 11 14 1
split_gain=0.0814941 0.159053 0.2265 0.286093 0.118909 0.131254 0.12174 0.100027 0.217168 0.254842 0.163386 0.118282 0.085105 0.352652 0.23903 0.129766 0.104746 0.157295 0.136933 0.0936374 0.0836146 0.0789835 0.106563 0.105359 0.376237 0.103445 0.159011 0.269163 0.326953 0.31462
threshold=57.216363906860359 134.12500000000003 -0.34166666666666662 0.52378511088468549 21.686250686645511 240.62500000000003 -0.75499999999999989 -1.0683333333333331 57.625000000000007 -0.54833333333333323 0.20510222152466143 65.338756561279311 59.116996765136726 -0.98296291314453399 0.21707557565029131 0.2002440640148844 -0.49499999999999994 -0.75874999999999981 0.3154329026022884 -0.9159756150367534 0.083699196132324405 0.62833333333333352 -1.0483333333333331 642.12500000000011 1012.5444946289064 706.14764404296886 -0.99833333333333318 -0.21166666666666664 -0.49041666666666672 71.183681488037124
decision_type=2 2 2 2 2 2 2 2 2 2 2 2 2 2 2 2 2 2 2 2 2 2 2 2 2 2 2 2 2 2
left_child=1 -1 4 -4 5 20 -6 8 10 -10 -2 -11 13 14 -9 16 17 -15 19 -18 -3 -14 -23 25 -25 26 27 28 -24 -30
right_child=7 2 3 -5 6 -7 -8 12 9 11 -12 -13 21 15 -16 -17 18 -19 -20 -21 -22 22 23 24 -26 -27 -28 -29 29 -31
leaf_value=8.5861511430889632e-05 0.0028817327367141841 -0.0010167021415933657 -0.0079121393068427495 -0.00019185564735726943 -0.0007196619547903539 0.0016687561036087574 0.0031761291115705312 0.0011628929508367071 0.0076854261749593374 -0.0012159251682460309 -0.0026090375774185221 0.0035157926788087937 -0.00025828591851417327 -0.00072861044984350335 0.007816070003469509 0.0032147453327117299 -0.0047592674517072742 0.0033329167737974788 0.0016476273318403402 -0.0012587265621002673 -0.0042044123857825381 -0.0035368677117817459 -5.7691591416275315e-05 -0.00089393820733101547 0.0073223075141537605 -0.00071608613912386683 -1.3980225336499109e-05 0.00026092076464028619 0.00080544664254678848 0.006076666718328615
leaf_weight=362 20 36 28 21 65 20 29 27 22 25 42 28 2900 59 27 29 25 40 32 81 48 21 93 38 22 465 15565 1753 48 69
leaf_count=362 20 36 28 21 65 20 29 27 22 25 42 28 2900 59 27 29 25 40 32 81 48 21 93 38 22 465 15565 1753 48 69
internal_value=-1.12535e-05 -0.000581601 -0.00155983 -0.00460345 -0.000806607 -0.00197152 0.000482231 4.95395e-06 0.00135167 0.00316165 -0.000837821 0.00128385 -3.71046e-06 0.000805543 0.00448948 5.7676e-05 -0.000328632 0.000912411 -0.00121895 -0.00208433 -0.00283825 -1.60572e-05 2.28087e-05 2.69495e-05 0.00211869 1.99743e-05 3.95013e-05 0.000463566 0.00215517 0.00391411
internal_weight=22040 609 247 49 198 104 94 21431 137 75 62 53 21294 320 54 266 237 99 138 106 84 20974 18074 18053 60 17993 17528 1963 210 117
internal_count=22040 609 247 49 198 104 94 21431 137 75 62 53 21294 320 54 266 237 99 138 106 84 20974 18074 18053 60 17993 17528 1963 210 117
is_linear=0
shrinkage=0.05


Tree=166
num_leaves=31
num_cat=0
split_feature=1 8 10 23 22 17 26 20 3 17 19 1 10 26 1 34 27 15 17 17 7 36 19 22 27 34 27 5 7 11
split_gain=0.0735484 0.143546 0.204416 0.258199 0.0987153 0.132932 0.0929364 0.0902742 0.195994 0.229995 0.147456 0.10675 0.0826521 0.0824996 0.0768073 0.318269 0.271007 0.117113 0.0945334 0.131699 0.128817 0.110054 0.104375 0.0775328 0.156287 0.0981987 0.072286 0.0722252 0.0701717 0.188599
threshold=57.216363906860359 134.12500000000003 -0.34166666666666662 0.52378511088468549 0.15960937500000003 -0.46833333333333327 0.083333333333333398 -1.0683333333333331 57.625000000000007 -0.54833333333333323 0.20510222152466143 65.338756561279311 -0.77833333333333321 -0.023333333333333324 59.116996765136726 -0.98296291314453399 -0.046666666666666599 0.2002440640148844 -0.49499999999999994 -0.72833333333333317 403.37500000000006 -0.22252093395631442 0.16924826984045091 0.94246527777777789 -0.19333333333333325 -0.98296291314453399 -0.070000000000000034 256.96954345703131 496.12500000000006 -0.16166666666666665
decision_type=2 2 2 2 2 2 2 2 2 2 2 2 2 2 2 2 2 2 2 2 2 2 2 2 2 2 2 2 2 2
left_child=1 26 4 -4 5 6 12 8 10 -10 -2 -11 13 -3 15 16 -9 18 19 -17 21 -20 -21 28 -25 -26 -1 -23 -16 -30
right_child=7 2 3 -5 -6 -7 -8 14 9 11 -12 -13 -14 -15 23 17 -18 -19 20 22 -22 27 -24 24 25 -27 -28 -29 29 -31
leaf_value=-0.0013875677419384696 0.0027376460516825318 -0.0029305915856225927 -0.0075165322703209568 -0.00018226281750858541 -0.0030571326300942976 0.0027779072511475537 -0.0037980260428689093 0.0087052944717946786 0.0073011549126187521 -0.0011551288943737745 -0.0024785856184150494 0.0033400031247375799 0.0026036278525134551 0.00024264006157560895 -1.8359837969607229e-05 -0.0011721236898665666 0.0014393702713829098 0.003054008059653229 0.0019876524290469077 2.242882540789045e-05 -0.003882924623780348 -0.00013486141715908335 0.0044144312400491012 0.0046972797496155618 0.0027878036686720758 0.00022266918705383823 0.00042136864774095428 -0.0034132457537842651 -0.00039046585207555377 -0.0053191065508872279
leaf_weight=68 20 33 28 21 38 30 23 21 22 25 42 28 20 54 19375 44 33 29 35 24 33 42 31 21 39 861 294 28 658 20
leaf_count=68 20 33 28 21 38 30 23 21 22 25 42 28 20 54 19375 44 33 29 35 24 33 42 31 21 39 861 294 28 658 20
internal_value=-1.06908e-05 -0.000552521 -0.00148184 -0.00437327 -0.000766277 -0.000222199 -0.000914531 4.70625e-06 0.00128408 0.00300356 -0.00079593 0.00121966 -0.000294714 -0.000961 -3.52494e-06 0.000765266 0.00426501 5.47922e-05 -0.000312201 0.00086679 -0.001158 -0.000301593 0.00249792 -1.52544e-05 0.000433317 0.000333825 8.15684e-05 -0.00144622 -3.58565e-05 -0.000535853
internal_weight=22040 609 247 49 198 160 130 21431 137 75 62 53 107 87 21294 320 54 266 237 99 138 105 55 20974 921 900 362 70 20053 678
internal_count=22040 609 247 49 198 160 130 21431 137 75 62 53 107 87 21294 320 54 266 237 99 138 105 55 20974 921 900 362 70 20053 678
is_linear=0
shrinkage=0.05


Tree=167
num_leaves=31
num_cat=0
split_feature=33 27 2 2 12 23 21 4 17 7 2 19 11 11 26 26 9 13 20 4 20 8 23 18 11 10 11 23 21 18
split_gain=0.069389 0.183753 0.256844 0.378928 0.323867 0.246002 0.371972 0.38602 0.231064 0.362682 0.230274 0.378453 0.27012 0.305643 0.217135 0.204504 0.288497 0.281255 0.494445 0.193519 0.151713 0.145424 0.142056 0.169772 0.166746 0.163373 0.140983 0.139283 0.193127 0.145979
threshold=-0.60355339059327362 0.15666666666666682 1015.0994262695314 1014.1242675781251 -0.47166666666666662 0.38780921997557022 -0.064999999999999988 25.0313835144043 -0.25499999999999995 297.62500000000006 1018.6356201171876 0.32290584936658551 -0.47166666666666662 0.038333333333333337 0.31833333333333341 0.21666666666666656 624.16513061523449 0.40833333333333338 -0.53499999999999981 16.810879707336429 -0.82499999999999984 4.6250000000000009 0.47278226356663233 0.22229166666666669 0.26166666666666671 0.025000000000000005 -0.56166666666666665 0.2872945834821472 0.87833333333333352 0.12979166666666672
decision_type=2 2 2 2 2 2 2 2 2 2 2 2 2 2 2 2 2 2 2 2 2 2 2 2 2 2 2 2 2 2
left_child=21 -2 3 4 5 -3 26 8 20 -10 12 14 -4 19 -12 16 22 18 -17 -14 -8 -1 24 -24 25 -6 -7 28 -26 -29
right_child=1 2 10 -5 15 6 7 -9 9 -11 11 -13 13 -15 -16 17 -18 -19 -20 -21 -22 -23 23 -25 27 -27 -28 29 -30 -31
leaf_value=-0.00015814997702742157 -2.0602917477144629e-05 -0.003028487070530347 -0.00078349415617028496 -0.0060325884152776926 -0.0028100927265106955 -0.0028147749306123345 0.0011449040049531809 0.007788255500857085 0.0021566842572214319 -0.0058721776586025953 -0.00053302243011005756 -0.0071665900698462794 0.0035551239524713972 0.00075905844680077981 0.0048596189046899475 -0.00093685072553794714 0.0045688321477609858 0.00011044298674190236 -0.0094458976827904995 0.010350760910660029 0.0068276803035152399 0.0003264325708250478 -0.0073605308478528813 -0.0011488915675065736 0.0017287503884983295 0.0023299098202887061 0.00099261820665560671 -0.00094367047904857573 -0.0035763937706962744 -0.0051368749721030539
leaf_weight=2618 14568 46 53 39 22 62 24 29 39 22 168 20 22 42 21 31 20 31 38 20 23 3789 22 22 42 52 40 35 29 51
leaf_count=2618 14568 46 53 39 22 62 24 29 39 22 168 20 22 42 21 31 20 31 38 20 23 3789 22 22 42 52 40 35 29 51
internal_value=-1.01563e-05 -6.6952e-05 -0.000700956 -0.0012396 -0.000964709 0.000319912 0.000964373 0.0026664 0.00129108 -0.000738971 0.000418369 -0.000625969 0.00201156 0.0037751 6.61599e-05 -0.00189159 -0.0012292 -0.00384563 -0.00562299 0.00679114 0.00392584 0.000128425 -0.00165088 -0.00425471 -0.00115491 0.000801801 -0.00132168 -0.00207718 -0.000438139 -0.00343034
internal_weight=22040 15633 1065 719 680 285 239 137 108 61 346 209 137 84 189 395 295 100 69 42 47 6407 275 44 231 74 102 157 71 86
internal_count=22040 15633 1065 719 680 285 239 137 108 61 346 209 137 84 189 395 295 100 69 42 47 6407 275 44 231 74 102 157 71 86
is_linear=0
shrinkage=0.05


Tree=168
num_leaves=31
num_cat=0
split_feature=1 8 10 23 22 14 7 23 20 6 11 0 14 8 28 23 18 8 1 34 27 15 29 0 26 8 21 5 22 8
split_gain=0.0655236 0.127279 0.184586 0.215326 0.085472 0.0918729 0.0852279 0.101969 0.0817266 0.149916 0.267512 0.117738 0.0735807 0.0714828 0.0675164 0.1696 0.0736513 0.0976964 0.0669298 0.284701 0.247846 0.104572 0.0845142 0.0785343 0.139291 0.116783 0.095218 0.258383 0.194868 0.29502
threshold=57.216363906860359 134.12500000000003 -0.3216666666666666 0.52378511088468549 0.15960937500000003 -0.59374999999999989 572.12500000000011 0.48466166460784993 -1.0683333333333331 692.12500000000011 -0.8783333333333333 19.598750114440922 -0.80541666666666656 172.12500000000003 13.500000000000002 0.45048622578189762 -0.74343749999999986 105.12500000000001 59.116996765136726 -0.98296291314453399 -0.046666666666666599 0.2002440640148844 1.5000000000000002 24.473750114440922 0.18166666666666667 170.62500000000003 0.22500000000000001 310.36950683593756 0.38420138888888894 113.12500000000001
decision_type=2 2 2 2 2 2 2 2 2 2 2 2 2 2 2 2 2 2 2 2 2 2 2 2 2 2 2 2 2 2
left_child=1 14 4 -4 5 6 7 -3 9 10 -2 -12 -9 -13 -1 -16 17 -17 19 20 -10 22 -21 26 25 -25 27 28 -20 -30
right_child=8 2 3 -5 -6 -7 -8 12 18 -11 11 13 -14 -15 15 16 -18 -19 23 21 -22 -23 -24 24 -26 -27 -28 -29 29 -31
leaf_value=-0.00066596861513051366 0.0072911085355112197 -0.004742425703443587 -0.0072536553327853864 -0.00035291384265292438 -0.0028776890801964329 0.0022050673611492158 0.0013808823123602479 -0.0019397995738806774 0.0082710598994578648 -0.0013087298630214319 0.003626088629355833 -0.0021225577557523706 0.001204376066743862 0.0017630133172497156 0.0045510794334113602 -0.00019960038409729301 -0.0011996720280329498 0.0029395671618821766 -0.00032640840521150924 -0.0018903346565615896 0.001322554406766413 0.0028768222072514996 0.00025796179325386349 -7.1000284666728469e-06 0.0048944984236732126 0.0031598017617527931 1.0316003931236688e-05 0.0025809865276743144 0.00061748707375954839 -0.0041085423472652432
leaf_weight=166 21 20 26 20 38 31 33 49 21 41 26 29 30 20 25 68 64 39 1724 62 33 29 175 173 20 35 18811 72 54 85
leaf_count=166 21 20 26 20 38 31 33 49 21 41 26 29 30 20 25 68 64 39 1724 62 33 29 175 173 20 35 18811 72 54 85
internal_value=-9.64847e-06 -0.000521066 -0.00139614 -0.00425333 -0.000742256 -0.000244425 -0.000819684 -0.00155321 4.88437e-06 0.00122219 0.0023031 0.000906459 -0.000745809 -0.00053661 7.60151e-05 0.00070443 0.000142054 0.000944582 -2.94744e-06 0.000714709 0.00402475 4.27459e-05 -0.00030404 -1.38967e-05 0.000909012 0.000525792 -2.40396e-05 -0.000358025 -0.00047161 -0.00227253
internal_weight=22040 609 247 46 201 163 132 99 21431 137 96 75 79 49 362 196 171 107 21294 320 54 266 237 20974 228 208 20746 1935 1863 139
internal_count=22040 609 247 46 201 163 132 99 21431 137 96 75 79 49 362 196 171 107 21294 320 54 266 237 20974 228 208 20746 1935 1863 139
is_linear=0
shrinkage=0.05


Tree=169
num_leaves=31
num_cat=0
split_feature=33 27 2 2 12 2 3 7 17 23 5 3 5 15 24 14 1 26 7 3 21 4 13 8 15 3 13 36 8 13
split_gain=0.0619779 0.163922 0.231484 0.345573 0.295626 0.240163 0.383795 0.349933 0.245747 0.337586 0.209257 0.267411 0.244767 0.212148 0.203525 0.198352 0.268239 0.251533 0.265444 0.235284 0.234157 0.183862 0.17088 0.16872 0.263229 0.167149 0.159141 0.325762 0.131584 0.13151
threshold=-0.60355339059327362 0.15666666666666682 1015.0994262695314 1014.1242675781251 -0.47166666666666662 1011.0450134277345 97.875000000000014 543.75000000000011 -0.36833333333333323 0.38780921997557022 37.295604705810554 31.875000000000004 298.52890014648443 0.18351884501102514 -0.99833333333333318 -0.26708333333333339 70.662368774414077 0.14750000000000005 231.25000000000003 78.625000000000014 0.45833333333333343 25.0313835144043 0.36166666666666675 229.62500000000003 0.17046097617456776 65.125000000000014 -0.2616666666666666 -0.22252093395631442 4.6250000000000009 -0.34166666666666662
decision_type=2 2 2 2 2 2 2 2 2 2 2 2 2 2 2 2 2 2 2 2 2 2 2 2 2 2 2 2 2 2
left_child=28 -2 3 4 5 8 7 -7 -3 -10 -4 13 14 -12 -13 -6 20 18 26 -19 -17 29 -21 25 -25 -16 27 -18 -1 -11
right_child=1 2 10 -5 15 6 -8 -9 9 21 11 12 -14 -15 23 16 17 19 -20 22 -22 -23 -24 24 -26 -27 -28 -29 -30 -31
leaf_value=-0.00015079162096759074 -1.9066498491965856e-05 -0.0010183677388875582 -0.0043178488839079035 -0.0057501972048507573 -0.0058524816014271768 -0.0068516834394540642 0.0024456764383810679 0.00088827844668665657 -0.0021543578141265444 0.0045717496502996856 -8.6959166904254e-05 0.0058319329198760293 -0.0022461479960475118 -0.0065767652972135689 -0.00334189846762456 0.0027800580841922684 -0.0094541608635336158 -0.0088356477712901935 0.0028123681009674332 -0.0050787092362897419 -0.0020889030081804759 0.0078638641303405178 0.00077837612014263879 0.00096243903893549496 0.0076859320746734744 0.0012455829789700069 -0.0010799006345446544 -0.0012693336804307277 0.00031015551480097003 -2.9325204901397229e-05
leaf_weight=2618 14568 68 22 39 28 40 36 23 27 41 34 30 40 20 24 58 20 24 32 33 43 25 20 37 24 115 106 31 3789 25
leaf_count=2618 14568 68 22 39 28 40 36 23 27 41 34 30 40 20 24 58 20 24 32 33 43 25 20 37 24 115 106 31 3789 25
internal_value=-9.16605e-06 -6.28431e-05 -0.000661658 -0.00117302 -0.000910507 0.000316828 -0.00167265 -0.00402598 0.00137574 0.0027554 0.000400973 0.000721387 0.00136378 -0.00249059 0.0019916 -0.00179605 -0.00148657 -0.00231952 -0.00133813 -0.00472838 0.000707134 0.00421215 -0.00286849 0.00141555 0.00360775 0.0004535 -0.00218409 -0.00447907 0.000121805 0.00282892
internal_weight=22040 15633 1065 719 680 285 99 63 186 118 346 324 270 54 230 395 367 266 189 77 101 91 53 200 61 139 157 51 6407 66
internal_count=22040 15633 1065 719 680 285 99 63 186 118 346 324 270 54 230 395 367 266 189 77 101 91 53 200 61 139 157 51 6407 66
is_linear=0
shrinkage=0.05


Tree=170
num_leaves=31
num_cat=0
split_feature=27 8 6 9 27 17 1 3 4 22 22 6 1 1 22 4 4 26 15 20 5 3 14 27 0 8 17 13 19 15
split_gain=0.072364 0.218313 0.318571 0.255709 0.284079 0.527149 0.226386 0.224537 0.212968 0.243949 0.179862 0.173956 0.142688 0.124324 0.113661 0.104585 0.103322 0.206547 0.201821 0.338477 0.407015 0.372605 0.312209 0.291289 0.241289 0.188525 0.175719 0.199417 0.165795 0.257282
threshold=0.4883333333333334 139.12500000000003 436.37500000000006 527.71023559570324 0.54166666666666685 0.011666666666666669 71.183681488037124 98.875000000000014 12.635799884796144 0.4316145833333333 0.20102430555555559 656.12500000000011 83.142650604248061 73.041229248046889 0.1074652777777778 17.909492492675785 19.9812126159668 -0.48499999999999993 0.21676386024405983 -0.15166666666666664 223.34320831298831 76.125000000000014 -0.31958333333333327 -0.51166666666666649 20.436250686645511 236.87500000000003 0.48166666666666674 -0.66833333333333322 0.33749098066941913 0.27491998164490844
decision_type=2 2 2 2 2 2 2 2 2 2 2 2 2 2 2 2 2 2 2 2 2 2 2 2 2 2 2 2 2 2
left_child=16 2 6 4 7 -6 -2 -3 -7 10 14 -5 15 -12 -10 -8 17 -1 -18 20 21 22 -20 -21 26 -23 27 -22 29 -29
right_child=1 3 -4 11 5 8 12 -9 9 -11 13 -13 -14 -15 -16 -17 18 -19 19 23 24 25 -24 -25 -26 -27 -28 28 -30 -31
leaf_value=-0.0039464031031136125 -0.0024341109295633171 -0.0072453255514399366 0.0055224655216142282 -0.0077221142016351222 0.0052623523341026159 0.0032010171816430309 0.0041459186861175111 -0.001246695256626341 -0.0037829669294296765 0.0019404211521355645 -0.0082828919696824061 -0.0014659131705411711 -0.0020472889590261428 -0.0028927129739895465 0.0015476294280961156 0.00048297838749069915 0.00011397240998637753 -4.4549738491159375e-05 0.004517417025053874 0.00030798947835272114 -0.0039815880707465114 0.0077758808990415103 -0.0027155656921299728 0.0069050893653184175 -0.0053402363397181034 0.0018050756081356666 -0.0031450726434980574 -0.00013376411883846712 -0.0026808148699014318 0.0047546015150431893
leaf_weight=34 66 26 29 25 40 22 40 39 20 27 23 20 24 20 20 38 7290 13877 25 27 20 39 37 44 25 20 38 57 21 51
leaf_count=34 66 26 29 25 40 22 40 39 20 27 23 20 24 20 20 38 7290 13877 25 27 20 39 37 44 25 20 38 57 21 51
internal_value=1.37548e-05 -0.000594103 0.000683021 -0.00148628 -0.000830208 0.000233955 -0.000152359 -0.00364615 -0.0012898 -0.00218797 -0.00353093 -0.00494158 0.00132407 -0.00577583 -0.00111767 0.00236141 2.72315e-05 -5.40863e-05 0.000174257 0.00126206 0.000593793 0.00290761 0.00020096 0.00439633 -0.000726827 0.00575188 -0.000110062 0.000663968 0.00138421 0.00217463
internal_weight=22084 479 197 282 237 172 168 65 132 110 83 45 102 43 40 78 21605 13911 7694 404 333 121 62 71 212 59 187 149 129 108
internal_count=22084 479 197 282 237 172 168 65 132 110 83 45 102 43 40 78 21605 13911 7694 404 333 121 62 71 212 59 187 149 129 108
is_linear=0
shrinkage=0.05


Tree=171
num_leaves=31
num_cat=0
split_feature=27 4 26 27 28 5 15 20 5 3 14 24 0 8 8 25 0 8 0 10 1 26 2 23 23 26 26 17 9 6
split_gain=0.0669878 0.0666974 0.186699 0.136438 0.208525 0.212533 0.182144 0.305475 0.367331 0.336276 0.281768 0.276371 0.330322 0.223733 0.349936 0.223016 0.181641 0.172517 0.156729 0.195314 0.195689 0.155721 0.155264 0.147238 0.193738 0.130176 0.101332 0.291804 0.218696 0.263615
threshold=0.90833333333333355 19.9812126159668 -0.48499999999999993 0.4883333333333334 12.500000000000002 210.8977966308594 0.21676386024405983 -0.15166666666666664 223.34320831298831 76.125000000000014 -0.31958333333333327 -0.2616666666666666 8.2549996376037615 175.62500000000003 121.12500000000001 0.70833333333333337 19.017500877380375 220.62500000000003 17.348750114440922 0.20166666666666672 73.240921020507827 0.38833333333333342 1009.3521728515626 0.36968843132660506 0.43128452906994724 0.35166666666666674 -0.13833333333333334 -0.39499999999999996 363.78433227539068 448.87500000000006
decision_type=2 2 2 2 2 2 2 2 2 2 2 2 2 2 2 2 2 2 2 2 2 2 2 2 2 2 2 2 2 2
left_child=1 2 -1 6 -5 -6 21 8 9 10 -8 -9 -13 14 -10 -16 23 -11 19 -7 -21 25 -17 -15 -25 26 27 -3 29 -29
right_child=-2 3 -4 4 5 18 7 11 13 17 -12 12 -14 16 15 22 -18 -19 -20 20 -22 -23 -24 24 -26 -27 -28 28 -30 -31
leaf_value=-0.0037490829484073292 -0.0022379889939629443 0.0040920250004273838 -3.9519954666078339e-05 -0.0045618030934821106 -0.0034983199302223511 0.0058113667000409056 0.0042915461929515005 0.0082805107347667228 -0.0040331983918567068 0.0077031670457550459 -0.0025797874062649302 0.005994993683112705 -0.0025747937711209736 -0.003605861702664314 -0.0010660139932518913 0.0024184193219179695 -0.0060594041021945688 0.0021992490020541784 -0.002265625124076201 -0.0033424265344034541 0.0026754769094155303 -0.0039126182498876007 0.0084420773596502845 0.003543663644059389 -0.0020267098733047781 0.0037978523294441404 6.3082213215257018e-05 0.00085338053634456765 -0.00097534658472902863 0.0069258392741903671
leaf_weight=34 33 60 14135 37 40 23 25 26 23 35 37 23 22 38 21 23 23 24 31 22 35 24 20 27 37 24 6824 168 170 20
leaf_count=34 33 60 14135 37 40 23 25 26 23 35 37 23 22 38 21 23 23 24 31 22 35 24 20 27 37 24 6824 168 170 20
internal_value=1.30671e-05 1.64359e-05 -4.84214e-05 0.000133026 -0.00119779 -0.000373493 0.000165544 0.00119896 0.000564103 0.00276223 0.000190912 0.00417652 0.00180532 -0.000690486 0.0012565 0.00315748 -0.00204559 0.00546429 0.000752571 0.00192212 0.000352777 0.000108274 0.00522012 -0.00114051 0.000323291 0.000121555 0.000109372 0.000865065 0.000324234 0.00149939
internal_weight=22084 22051 14169 7882 188 151 7694 404 333 121 62 71 45 212 87 64 125 59 111 80 57 7290 43 102 64 7266 7242 418 358 188
internal_count=22084 22051 14169 7882 188 151 7694 404 333 121 62 71 45 212 87 64 125 59 111 80 57 7290 43 102 64 7266 7242 418 358 188
is_linear=0
shrinkage=0.05


Tree=172
num_leaves=31
num_cat=0
split_feature=17 20 5 5 23 4 4 19 21 13 15 27 19 27 4 5 24 20 2 15 5 7 6 22 23 2 21 22 8 10
split_gain=0.064579 0.0680025 0.140639 0.191831 0.161451 0.24757 0.148614 0.15581 0.133617 0.210762 0.131716 0.13169 0.103047 0.0940797 0.236437 0.222199 0.225741 0.290014 0.259301 0.280194 0.217274 0.199182 0.198179 0.165505 0.219861 0.146555 0.120109 0.0974303 0.146178 0.134848
threshold=-0.95833333333333315 -1.0116666666666665 213.69880676269534 71.303569793701186 0.4771226827042479 21.901044845581058 10.885970592498781 0.23334880201488881 -0.064999999999999988 -0.66833333333333322 0.15675972412884834 0.21166666666666675 0.16924826984045091 0.4883333333333334 13.18322801589966 210.8977966308594 -0.90166666666666651 -0.41166666666666657 1009.8410949707032 0.26348447305545458 201.59493255615237 103.62500000000001 465.37500000000006 0.41258680555555566 0.41342386838855466 1015.6446533203126 0.41166666666666668 0.40380208333333339 140.12500000000003 0.058333333333333341
decision_type=2 2 2 2 2 2 2 2 2 2 2 2 2 2 2 2 2 2 2 2 2 2 2 2 2 2 2 2 2 2
left_child=-1 2 3 6 -4 10 -2 -8 9 12 -6 -10 -5 -3 23 20 22 18 26 -20 27 -19 -17 24 -15 -21 -18 28 -16 -30
right_child=1 13 4 8 5 -7 7 -9 11 -11 -12 -13 -14 14 15 16 17 21 19 25 -22 -23 -24 -25 -26 -27 -28 -29 29 -31
leaf_value=-0.0013242052449883583 -0.0036171633847213039 1.9758133788515795e-05 -0.0047688398847822097 0.0018605003923377291 -0.00014431036261063955 0.0042523557453283244 0.0034066270110997723 -0.00096697838660994822 0.0064845978748053314 -0.00032784017606025349 -0.0042813606890073665 0.0019701096515304275 0.0064938617027586413 0.0069315025635296491 0.00028054110822267831 -0.00057404379554403331 0.0071057483553886415 -0.00015713430475443603 0.0048627247870899745 -0.0042729303818862625 -0.0076701462099497963 -0.0066431644489057364 -0.0066698238796864947 -0.0026998346678010422 0.00090257188402897417 0.0012169067072682084 0.0021034712503023912 0.00045475171646103263 -0.0020516532845795154 -0.007857858722563834
leaf_weight=90 27 21085 20 28 97 28 32 56 30 79 24 35 21 20 20 30 24 29 20 31 22 20 24 20 62 20 24 26 20 20
leaf_count=90 27 21085 20 28 97 28 32 56 30 79 24 35 21 20 20 30 24 29 20 31 22 20 24 20 62 20 24 26 20 20
internal_value=1.24137e-05 1.78832e-05 0.000608373 0.00124434 -0.00055066 1.55382e-05 -0.000372192 0.000623424 0.00220755 0.00127004 -0.000964882 0.00405372 0.00384623 4.79294e-06 -0.000725626 -0.00137595 -0.00047101 0.000432934 0.00176599 -0.000153073 -0.0032361 -0.00280449 -0.00328328 0.00137836 0.00237304 -0.00212005 0.00460461 -0.00210181 -0.00320966 -0.00495476
internal_weight=22084 21994 477 308 169 149 115 88 193 128 121 65 49 21517 432 330 222 168 119 71 108 49 54 102 82 51 48 86 60 40
internal_count=22084 21994 477 308 169 149 115 88 193 128 121 65 49 21517 432 330 222 168 119 71 108 49 54 102 82 51 48 86 60 40
is_linear=0
shrinkage=0.05


Tree=173
num_leaves=31
num_cat=0
split_feature=4 26 27 17 6 1 15 20 5 3 19 14 13 8 5 1 12 26 8 25 28 1 26 1 26 17 9 20 6 5
split_gain=0.0586753 0.169612 0.144127 0.164653 0.207209 0.251174 0.164265 0.275887 0.307424 0.305499 0.317285 0.290347 0.233647 0.230638 0.254005 0.161114 0.160706 0.142167 0.139694 0.168408 0.120477 0.219468 0.117495 0.100868 0.0918036 0.263169 0.197333 0.260853 0.237795 0.20341
threshold=19.9812126159668 -0.48499999999999993 0.4883333333333334 -0.011666666666666665 452.62500000000006 71.527667999267592 0.21676386024405983 -0.12833333333333333 230.81469726562503 85.125000000000014 0.22680362466289702 -0.31958333333333327 0.34166666666666673 194.62500000000003 273.92308044433599 70.490070343017592 0.20166666666666672 0.38833333333333342 124.12500000000001 0.72833333333333339 11.500000000000002 72.349933624267592 0.35166666666666674 73.240921020507827 -0.13833333333333334 -0.39499999999999996 363.78433227539068 -0.70499999999999996 448.87500000000006 181.68800354003909
decision_type=2 2 2 2 2 2 2 2 2 2 2 2 2 2 2 2 2 2 2 2 2 2 2 2 2 2 2 2 2 2
left_child=1 -1 6 -4 23 -6 17 8 9 11 -11 -8 -9 14 18 -12 -13 22 -10 -20 -15 -22 24 -5 25 -2 28 -28 29 -27
right_child=2 -3 3 4 5 -7 7 12 13 10 15 16 -14 20 -16 -17 -18 -19 19 -21 21 -23 -24 -25 -26 26 27 -29 -30 -31
leaf_value=-0.0035762961543000793 0.0038865724994684571 -4.0560665603434238e-05 0.0018924217380117626 -0.0022481665999979756 -0.0012461557441080611 -0.0087338535026425419 0.0041297935830828343 0.0071557264309376478 -0.0044348173658363523 -0.00095427887514233601 0.0035014574998058381 -0.0049651101267395113 0.0012444920864488399 -0.00054658352295988265 0.0046523955789121709 0.0088790017265516028 0.00059411763213574893 -0.0037402806221507492 -0.0023086894760906166 0.0031751776114106178 -0.0081676671789451087 -0.0011823396967804952 0.0036069718955938392 0.00058263596250281602 5.8684652130031707e-05 0.0051795401084034345 -0.0051570909501363832 -1.9406315332162193e-05 0.006578559423796833 0.0001182315344440526
leaf_weight=34 60 14149 36 61 24 21 28 32 20 20 26 26 35 31 29 30 26 24 28 28 22 23 24 65 6824 23 30 140 20 145
leaf_count=34 60 14149 36 61 24 21 28 32 20 20 26 26 35 31 29 30 26 24 28 28 22 23 24 65 6824 23 30 140 20 145
internal_value=1.17931e-05 -4.90367e-05 0.000120988 -0.00118096 -0.00182799 -0.00474041 0.000156015 0.0011374 0.000554804 0.00218148 0.00445161 2.48552e-05 0.00406777 -0.000847192 0.000671284 0.00638228 -0.0021855 0.000101629 -0.000847825 0.000433244 -0.00294509 -0.00459739 0.000114319 -0.000787832 0.000102744 0.000822031 0.000308421 -0.000926057 0.0014247 0.000811149
internal_weight=22084 14183 7901 207 171 45 7694 404 337 156 76 80 67 181 105 56 52 7290 76 56 76 45 7266 126 7242 418 358 170 188 168
internal_count=22084 14183 7901 207 171 45 7694 404 337 156 76 80 67 181 105 56 52 7290 76 56 76 45 7266 126 7242 418 358 170 188 168
is_linear=0
shrinkage=0.05


Tree=174
num_leaves=31
num_cat=0
split_feature=17 20 5 5 21 4 3 23 4 5 19 11 15 19 20 26 0 3 20 4 8 3 10 22 1 28 22 5 10 1
split_gain=0.0581436 0.0619226 0.127302 0.175948 0.150658 0.153309 0.194912 0.144755 0.222466 0.126114 0.122996 0.125829 0.118446 0.0965015 0.0753131 0.201779 0.187786 0.173088 0.133563 0.265832 0.339952 0.31508 0.377042 0.215322 0.195913 0.194633 0.193143 0.291957 0.451068 0.321506
threshold=-0.95833333333333315 -1.0116666666666665 213.69880676269534 39.357147216796882 -0.064999999999999988 14.219045639038088 71.625000000000014 0.4771226827042479 21.901044845581058 69.11478424072267 0.38146630826144384 -0.245 0.15675972412884834 0.21961276873130295 -0.90833333333333321 0.1400000000000001 16.205000877380375 99.625000000000014 -0.78583333333333327 14.400688171386721 135.12500000000003 97.375000000000014 -0.69166666666666654 0.055243055555555566 64.760784149169936 11.500000000000002 0.38420138888888894 233.22824859619143 0.12833333333333338 71.843406677246108
decision_type=2 2 2 2 2 2 2 2 2 2 2 2 2 2 2 2 2 2 2 2 2 2 2 2 2 2 2 2 2 2
left_child=-1 2 3 -2 5 9 -7 -4 12 -5 11 -6 -9 -11 15 -3 -17 -18 19 20 24 22 -22 -21 25 -16 27 28 29 -25
right_child=1 14 7 4 10 6 -8 8 -10 13 -12 -13 -14 -15 18 16 17 -19 -20 23 21 -23 -24 26 -26 -27 -28 -29 -30 -31
leaf_value=-0.0012570696700034507 -0.0017423400677216705 -7.5908431008509176e-05 -0.0045169615186750889 -0.003315676786695366 0.0071116390156334853 0.0010856271656774 0.0066706024509455486 -0.00013796078910110232 0.0040295538184831718 0.0024489181940321272 0.00070936299609736762 0.0021594230034995988 -0.0040610790349698313 -0.0010915301372267257 0.0064723454080522066 0.0003179712045559849 -0.0037610584435539998 0.00070665272521889871 -4.3213745110111827e-06 -0.00055145993526821261 -0.0016107222245974016 -0.00038857607793313668 -0.0099027412656981229 0.003607933258795778 -0.00024738507928385328 -5.7121363767821872e-05 -0.00067755369862737124 0.00078678119938072738 -0.00031108637230125062 0.0095669839048275248
leaf_weight=90 44 908 20 27 29 61 21 97 28 38 26 23 24 39 25 69 110 27 19334 160 29 65 26 140 147 21 86 277 66 27
leaf_count=90 44 908 20 27 29 61 21 97 28 38 26 23 24 39 25 69 110 27 19334 160 29 65 26 140 147 21 86 277 66 27
internal_value=1.12034e-05 1.63932e-05 0.000579867 0.00118492 0.0016728 0.000899311 0.00251593 -0.000522839 1.32847e-05 -0.000375327 0.00351728 0.00492124 -0.0009161 0.000655704 3.90182e-06 -0.000396429 -0.00180921 -0.00288056 2.57598e-05 0.00056981 -0.000655579 -0.00274533 -0.00553059 0.00107715 0.000643749 0.0034915 0.00151436 0.00188397 0.00318836 0.00457137
internal_weight=22084 21994 477 308 264 186 82 169 149 104 78 52 121 77 21517 1114 206 137 20403 1069 313 120 55 756 193 46 596 510 233 167
internal_count=22084 21994 477 308 264 186 82 169 149 104 78 52 121 77 21517 1114 206 137 20403 1069 313 120 55 756 193 46 596 510 233 167
is_linear=0
shrinkage=0.05


Tree=175
num_leaves=31
num_cat=0
split_feature=25 1 21 17 3 15 27 21 22 6 1 18 20 23 22 8 1 21 8 18 7 27 8 18 0 23 29 5 25 2
split_gain=0.0605279 0.114616 0.198179 0.193951 0.125375 0.118753 0.111472 0.0900772 0.0955181 0.0896634 0.0873115 0.208426 0.282562 0.279258 0.311051 0.227315 0.186655 0.185424 0.181625 0.162591 0.147848 0.142424 0.142042 0.277069 0.361038 0.307791 0.261601 0.233209 0.20161 0.184831
threshold=0.62833333333333352 59.512018203735359 -0.064999999999999988 -0.25499999999999995 96.875000000000014 0.17776128365190566 -0.40166666666666656 0.35833333333333339 0.075711805555555581 719.37500000000011 64.760784149169936 -0.49499999999999994 -0.7749999999999998 0.52241915476877343 0.1074652777777778 178.62500000000003 74.174610137939467 -0.18166666666666662 166.62500000000003 -0.69677083333333323 263.12500000000006 -0.40166666666666656 114.12500000000001 -0.74343749999999986 18.473750114440922 0.42444719737832493 1.0000000180025095e-35 153.73529815673831 0.64166666666666672 1021.0383605957032
decision_type=2 2 2 2 2 2 2 2 2 2 2 2 2 2 2 2 2 2 2 2 2 2 2 2 2 2 2 2 2 2
left_child=1 2 5 -4 -5 -1 7 8 -3 -8 21 12 13 14 -12 18 19 -13 -15 -16 -21 -2 -23 29 26 -26 -25 -28 -29 -24
right_child=10 6 3 4 -6 -7 9 -9 -10 -11 11 17 -14 15 16 -17 -18 -19 -20 20 -22 22 23 24 25 -27 27 28 -30 -31
leaf_value=-0.0003732207079148865 0.0020227398103733938 -0.003422820176707492 0.00591104707273189 0.0033487988826395435 -0.0021210313984192908 0.0036658196058124305 -0.00018857897764289864 -0.0051605674251914025 0.001405324023216963 -0.0015129258817082633 0.0052060780670951335 -0.0043546956556383522 0.0064102996868314228 -0.00044287821830726648 0.003412307155496605 -0.004104216945533817 0.0054945228295400737 4.3322278120200132e-05 0.0044668450528247789 0.0026042648286012742 -0.0014953999538012976 0.00012473867003276785 0.00035459791604757997 -0.0030408039695604214 -0.0087400755273516883 -0.0024395259346565133 0.0041229478229070082 0.00346203331024416 -0.00075370906000999066 0.0054799002822255721
leaf_weight=202 62 21 32 22 20 20 2765 20 20 134 57 24 24 131 34 37 20 16819 22 29 91 661 146 89 22 163 31 31 333 20
leaf_count=202 62 21 32 22 20 20 2765 20 20 134 57 24 24 131 34 37 20 16819 22 29 91 661 146 89 22 163 31 31 333 20
internal_value=-1.4258e-06 -0.000200493 0.000737609 0.00297847 0.000744118 -9.3432e-06 -0.000294303 -0.00240958 -0.00106763 -0.000249794 3.29668e-05 6.52746e-05 0.00113335 0.00083253 0.00200042 -0.000587381 0.000950294 3.70554e-05 0.000263095 0.000360135 -0.000504648 -0.00032553 -0.000422851 -0.000856332 -0.00131002 -0.00318878 -0.000591905 -4.01284e-05 -0.000394676 0.000972104
internal_weight=22102 3256 296 74 42 222 2960 61 41 2899 18846 17288 445 421 231 190 174 16843 153 154 120 1558 1496 835 669 185 484 395 364 166
internal_count=22102 3256 296 74 42 222 2960 61 41 2899 18846 17288 445 421 231 190 174 16843 153 154 120 1558 1496 835 669 185 484 395 364 166
is_linear=0
shrinkage=0.05


Tree=176
num_leaves=31
num_cat=0
split_feature=1 26 18 20 23 8 4 24 18 16 15 27 21 13 10 8 29 8 1 16 19 13 15 0 8 15 26 9 9 21
split_gain=0.0549476 0.250645 0.117379 0.262634 0.279809 0.193168 0.173921 0.196648 0.172355 0.206977 0.26126 0.235534 0.182706 0.173396 0.171498 0.161807 0.145733 0.140004 0.155709 0.142565 0.133805 0.132733 0.205444 0.134654 0.132295 0.148295 0.16069 0.162745 0.127749 0.122526
threshold=65.038372039794936 -0.36166666666666658 -0.49499999999999994 -0.7749999999999998 0.52241915476877343 178.62500000000003 21.901044845581058 -1.0083333333333331 -0.37187499999999996 -0.67499999999999993 0.22304292337248408 -0.060000000000000032 0.018333333333333337 -0.47166666666666662 -0.8783333333333333 166.62500000000003 1.0000000180025095e-35 115.12500000000001 72.713436126708999 -0.5149999999999999 0.24582250446496243 -0.92499999999999993 0.11372481406172077 21.348750114440922 111.12500000000001 0.24642442957582725 0.14750000000000005 563.54611206054699 54.993469238281257 0.22500000000000001
decision_type=2 2 2 2 2 2 2 2 2 2 2 2 2 2 2 2 2 2 2 2 2 2 2 2 2 2 2 2 2 2
left_child=1 -1 3 4 6 15 24 -8 9 10 20 -11 13 -10 -14 -6 -13 -18 19 -19 -4 22 28 -24 -2 26 27 -26 -16 -23
right_child=2 -3 8 -5 5 -7 7 -9 12 11 -12 16 14 -15 21 -17 17 18 -20 -21 -22 29 23 -25 25 -27 -28 -29 -30 -31
leaf_value=0.003792902928360395 0.0055895881071962696 -0.00030214506110197892 0.002281568861300392 0.0056276079961277833 -0.00048892085303362507 -0.0032987918469318958 0.0031946154616387754 -0.00173388026105657 0.0066807879973202955 0.0037585430242346994 -0.0061401408661990184 0.0024135465215859488 0.0044286632608749312 0.00037708315455044309 0.00088598004542291171 0.0038681402026365199 0.00030129672422145423 -0.00081086359667616702 0.00047407608049420216 -0.0058983339701080698 -0.0022210332750971732 -0.00076754892904304264 -0.0023071114874362725 0.0027851672066996499 0.0041524364964359182 0.0055094838996107382 -0.0018146026964214715 0.00055091194101818195 0.0059799895361038581 2.2771291586509593e-05
leaf_weight=38 27 2241 21 26 190 56 29 67 20 33 38 29 22 24 20 24 65 21 26 40 77 504 34 21 55 24 33 73 32 18192
leaf_count=38 27 2241 21 26 190 56 29 67 20 33 38 29 22 24 20 24 65 21 26 40 77 504 34 21 55 24 33 73 32 18192
internal_value=-1.3545e-06 -0.000233864 2.53766e-05 0.000711697 0.000490566 -0.000684415 0.00152058 -0.000245064 3.80741e-06 -0.0010956 -0.00262082 -0.000126292 2.42002e-05 0.0032424 1.66782e-05 -2.78492e-07 -0.000834577 -0.00145428 -0.00276593 -0.00414691 -0.00125619 1.15161e-05 0.00176753 -0.000362787 0.00232012 0.00184295 0.00129639 0.00209844 0.00402076 1.46613e-06
internal_weight=22102 2279 19823 604 578 270 308 96 19219 350 136 214 18869 44 18825 214 181 152 87 61 98 18803 107 55 212 185 161 128 52 18696
internal_count=22102 2279 19823 604 578 270 308 96 19219 350 136 214 18869 44 18825 214 181 152 87 61 98 18803 107 55 212 185 161 128 52 18696
is_linear=0
shrinkage=0.05


Tree=177
num_leaves=31
num_cat=0
split_feature=25 1 19 24 27 27 15 3 6 8 4 8 23 11 19 1 18 20 23 2 13 8 26 0 13 15 3 4 26 8
split_gain=0.0529785 0.105472 0.233344 0.17579 0.21045 0.0993252 0.0885935 0.0863849 0.0770819 0.0737577 0.174268 0.078285 0.385729 0.208574 0.12331 0.0735839 0.172706 0.231422 0.231381 0.196128 0.235041 0.18941 0.169563 0.310199 0.406245 0.280723 0.265744 0.156956 0.163745 0.149598
threshold=0.62833333333333352 59.512018203735359 0.22680362466289702 -0.97166666666666657 0.11333333333333338 -0.40166666666666656 0.25448204266476998 56.625000000000007 719.37500000000011 294.12500000000006 17.714307785034183 248.12500000000003 0.45048622578189762 -0.38833333333333325 0.21961276873130295 64.760784149169936 -0.49499999999999994 -0.7749999999999998 0.52241915476877343 1016.138641357422 -0.34166666666666662 178.62500000000003 0.35166666666666674 19.498750686645511 -0.058333333333333327 0.24074729335819486 90.625000000000014 4.6939806938171396 -0.34166666666666656 166.62500000000003
decision_type=2 2 2 2 2 2 2 2 2 2 2 2 2 2 2 2 2 2 2 2 2 2 2 2 2 2 2 2 2 2
left_child=1 2 -1 7 -5 6 -3 -4 9 11 -11 -7 13 -13 -14 27 17 18 19 20 -17 29 -18 24 26 -26 -24 -2 -29 -20
right_child=15 5 3 4 -6 8 -8 -9 -10 10 -12 12 14 -15 -16 16 22 -19 21 -21 -22 -23 23 -25 25 -27 -28 28 -30 -31
leaf_value=-0.00039077586666703138 -0.0034722117826612182 -0.004211202544781069 -0.00045299539883022333 0.0086081700876266473 0.0014415867265779527 -0.0001970641987851846 -0.00039971655444993127 0.0030599372042343022 -0.0014066653151096388 -0.0040077596260989839 0.0016949691759821561 0.001732087815425506 0.00057332406196599966 0.0079411301612188779 -0.0042085823245413068 0.0051158355391369426 5.0544205895195752e-05 0.0058084042131667964 -0.00039628828002161252 -0.00034140082490113048 0.0012054480625901054 -0.0037421655734195501 -0.009819747420027853 0.0036792881869284126 -0.0037808369263075295 0.0017456084032784456 -0.0020871907053515316 0.003377779242732833 -0.00029375002713100953 0.0040595736587420109
leaf_weight=183 38 30 42 21 20 2594 31 30 134 37 21 38 26 21 28 65 16680 24 131 72 94 37 25 24 40 54 20 31 1489 22
leaf_count=183 38 30 42 21 20 2594 31 30 134 37 21 38 26 21 28 65 16680 24 131 72 94 37 25 24 40 54 20 31 1489 22
internal_value=-1.28678e-06 -0.000187526 0.000712377 0.0024989 0.00511228 -0.000277516 -0.00227422 0.00101073 -0.000235502 -0.000178744 -0.00194298 -0.000140944 0.00114734 0.00394209 -0.00190618 3.08896e-05 6.0549e-05 0.00103281 0.000760564 0.00182364 0.00280403 -0.000531912 3.48615e-05 -0.00156997 -0.00247632 -0.00060607 -0.00638306 -0.00029822 -0.00021887 0.000244424
internal_weight=22102 3256 296 113 41 2960 61 72 2899 2765 58 2707 113 59 54 18846 17288 445 421 231 159 190 16843 163 139 94 45 1558 1520 153
internal_count=22102 3256 296 113 41 2960 61 72 2899 2765 58 2707 113 59 54 18846 17288 445 421 231 159 190 16843 163 139 94 45 1558 1520 153
is_linear=0
shrinkage=0.05


Tree=178
num_leaves=31
num_cat=0
split_feature=15 12 2 2 6 26 35 26 1 5 22 25 13 0 20 23 20 13 1 28 20 13 15 34 23 14 17 9 9 3
split_gain=0.0499656 0.21633 0.27034 0.262079 0.221543 0.396457 0.201923 0.201437 0.195017 0.227718 0.188187 0.250482 0.200626 0.260995 0.218483 0.274177 0.222374 0.335666 0.30227 0.279057 0.256916 0.215503 0.196251 0.174497 0.165168 0.164422 0.194743 0.227287 0.224077 0.222975
threshold=0.22877592323082377 0.17166666666666672 1002.5975952148439 1000.1907043457032 419.62500000000006 -0.1166666666666666 0.6078576107927941 -0.22166666666666668 72.539558410644545 300.94841003417974 0.21748263888888894 0.56166666666666687 0.40166666666666673 9.1924996376037615 -0.26499999999999996 0.31227846463583847 -0.71833333333333316 0.095000000000000029 66.226615905761733 13.500000000000002 -0.56499999999999984 0.66833333333333345 0.28445203966155619 -0.9159756150367534 0.42976412715004525 -0.097500000000000003 -0.19833333333333328 445.23121643066412 604.62417602539074 78.625000000000014
decision_type=2 2 2 2 2 2 2 2 2 2 2 2 2 2 2 2 2 2 2 2 2 2 2 2 2 2 2 2 2 2
left_child=-1 10 3 -3 5 6 -4 -6 -7 -10 11 -2 14 21 15 -12 18 20 19 -17 23 -14 -13 -18 -20 26 -24 29 -29 -28
right_child=1 2 4 -5 7 8 -8 -9 9 -11 12 22 13 -15 -16 16 17 -19 24 -21 -22 -23 25 -25 -26 -27 27 28 -30 -31
leaf_value=-1.8517821510289061e-05 -0.0037600616606262823 0.00033446355070918801 -0.0061995753758203459 0.006860399714205415 0.006439910180723438 -0.0023888117471790836 0.00013190053752623498 0.00097543578982974086 0.001021072553513754 0.0074117411300539983 -0.0076370021683119602 -6.9373747570025267e-05 0.00051172546734432544 0.0024458839991466559 0.0022186761314515026 0.0030300572293656715 -0.0021303363502501393 0.0050781670752912764 -0.0033972586226330976 -0.0045946943083046273 -0.005009644588426454 -0.006145389545708895 -0.00064594102541691274 0.004173680025685046 -0.0086301440186798573 -0.00040902809482662287 -0.0025721358321607116 0.0087357988375622569 0.002425681877260407 0.0040812127346939895
leaf_weight=20991 30 25 34 40 26 23 20 48 46 20 21 211 31 83 32 28 23 25 38 21 32 20 29 21 25 47 20 34 24 34
leaf_count=20991 30 25 34 40 26 23 20 48 46 20 21 211 31 83 32 28 23 25 38 21 32 20 29 21 25 47 20 34 24 34
internal_value=-1.22244e-06 0.000325553 0.00152181 0.00435042 0.000674528 -0.000474728 -0.00385458 0.00289539 0.00157597 0.00295764 -8.13763e-05 0.000646051 -0.000861542 0.00071615 -0.00165632 -0.00218623 -0.00164883 5.24267e-05 -0.003183 -0.000237693 -0.00160078 -0.00209891 0.000977337 0.000878399 -0.0054738 0.0021521 0.00300581 0.00395136 0.00612472 0.00161701
internal_weight=22102 1111 282 65 217 143 54 74 89 66 829 429 400 134 266 234 213 101 112 49 76 51 399 44 63 188 141 112 58 54
internal_count=22102 1111 282 65 217 143 54 74 89 66 829 429 400 134 266 234 213 101 112 49 76 51 399 44 63 188 141 112 58 54
is_linear=0
shrinkage=0.05


Tree=179
num_leaves=31
num_cat=0
split_feature=11 1 26 7 16 13 23 2 2 6 11 27 25 5 22 7 16 7 11 11 31 2 5 27 19 1 29 8 8 13
split_gain=0.0475646 0.0505703 0.206773 0.112599 0.260002 0.169686 0.359813 0.232941 0.223512 0.187087 0.167413 0.146459 0.180193 0.13601 0.136003 0.119368 0.186363 0.185576 0.170089 0.17108 0.15501 0.122917 0.112577 0.123859 0.104152 0.185817 0.12274 0.611687 0.235665 0.173623
threshold=1.4683333333333335 65.038372039794936 -0.36166666666666658 515.12500000000011 -0.55166666666666664 -0.56166666666666665 0.51151793055373462 1008.2414855957032 1011.3313293457032 560.62500000000011 -0.6449999999999998 0.19000000000000017 0.58166666666666678 35.112739562988288 0.10961805555555558 72.375000000000014 0.4316666666666667 34.625000000000007 0.46166666666666673 0.39833333333333337 1.0000000180025095e-35 998.93280029296886 245.69785308837893 0.13000000000000006 0.19389376311051898 63.055349349975593 4.5000000000000009 187.62500000000003 229.62500000000003 -0.28499999999999998
decision_type=2 2 2 2 2 2 2 2 2 2 2 2 2 2 2 2 2 2 2 2 2 2 2 2 2 2 2 2 2 2
left_child=1 2 -1 5 10 6 7 -4 -9 -10 11 12 -5 -14 -12 17 18 -7 19 20 21 -17 -8 -24 25 -23 28 -28 -26 -30
right_child=-2 -3 3 4 -6 15 22 8 9 -11 14 -13 13 -15 -16 16 -18 -19 -20 -21 -22 24 23 -25 26 -27 27 -29 29 -31
leaf_value=0.0034288456571582508 0.0016049677698111225 2.1095298603624642e-05 0.0013953029236290606 0.0048394060175103899 -0.0052728387992829091 -8.9248864433659266e-05 -0.00088718523012795616 -0.0085635817087181335 -0.006038199949732705 -0.0017631320918893374 0.00050825312759520281 -0.0029319341028375286 0.0036913582204411242 -4.6962950333388028e-05 0.0047700296462071731 0.0031482246639207008 -0.004862417226346831 0.0026843532620114277 0.00394399735907262 -0.0050784727800055407 -0.0047591866692528132 -0.00013471341759496784 -3.4455183777026835e-05 0.0043984483963308424 -0.0006692307925132287 0.00356369363857084 -0.0010353256275951594 0.006737116213339652 -0.00086088683310663332 -0.0056567472858739132
leaf_weight=38 46 19792 24 22 20 245 113 22 37 83 36 35 26 379 39 25 24 80 22 20 20 225 40 26 376 40 138 31 32 46
leaf_count=38 46 19792 24 22 20 245 113 22 37 83 36 35 26 379 39 25 24 80 22 20 20 225 40 26 376 40 138 31 32 46
internal_value=-1.16132e-06 -4.51106e-06 -0.000228363 -0.000290795 0.00032477 -0.00049623 -0.00148387 -0.00316063 -0.00393065 -0.00308128 0.000533247 0.000177545 0.00043242 0.000193028 0.00272438 -0.000238876 -0.000509664 0.000593484 -0.000402519 -0.000502859 -0.000404775 -0.000309388 7.11146e-05 0.00171184 -0.00040673 0.000423537 -0.000759894 0.000390389 -0.00118808 -0.00368921
internal_weight=22102 22056 2264 2226 557 1669 345 166 142 120 537 462 427 405 75 1324 999 325 975 953 933 913 179 66 888 265 623 169 454 78
internal_count=22102 22056 2264 2226 557 1669 345 166 142 120 537 462 427 405 75 1324 999 325 975 953 933 913 179 66 888 265 623 169 454 78
is_linear=0
shrinkage=0.05


Tree=180
num_leaves=31
num_cat=0
split_feature=25 17 8 33 9 10 20 2 28 26 28 33 1 26 26 4 12 5 0 26 35 10 35 15 0 27 0 18 5 8
split_gain=0.0861289 0.10886 0.165805 0.0610264 0.206359 0.346846 0.474957 0.291131 0.214231 0.196262 0.297896 0.19151 0.182739 0.176823 0.161144 0.291401 0.388859 0.193443 0.209089 0.193951 0.236602 0.237678 0.186652 0.157247 0.155359 0.197624 0.143481 0.314913 0.355512 0.184222
threshold=0.54666666666666675 0.115 97.125000000000014 0.12940952255126045 1.1908552646636965 0.47166666666666673 0.38833333333333336 1021.0383605957032 10.500000000000002 -0.036666666666666632 9.5000000000000018 0.91597561503675362 75.741744995117202 0.11333333333333338 0.13333333333333347 14.219045639038088 -0.16166666666666665 247.60170745849612 10.367499828338625 0.30166666666666681 1.0000000180025095e-35 0.025000000000000005 1.0000000180025095e-35 0.14718343304525647 12.211249828338625 0.11333333333333338 21.223750114440922 0.28510416666666677 279.73411560058599 231.62500000000003
decision_type=2 2 2 2 2 2 2 2 2 2 2 2 2 2 2 2 2 2 2 2 2 2 2 2 2 2 2 2 2 2
left_child=1 -1 -3 -2 11 7 8 14 24 10 -8 -5 -12 -11 26 16 -16 19 -19 20 -17 -22 -21 -9 25 -7 29 28 -28 -6
right_child=3 2 -4 4 5 6 9 23 -10 13 12 -13 -14 -15 15 17 -18 18 -20 22 21 -23 -24 -25 -26 -27 27 -29 -30 -31
leaf_value=0.00099683039483021603 8.794203786914847e-05 -0.00010486391489394008 -0.0064660223700532997 3.9519806708548036e-06 -4.1160198849492027e-05 -0.0017487179263428387 -0.0028980801473709474 -0.00079304936491208741 -0.0078966828367103732 -0.00010203835624546317 -0.0031494088666725231 0.00080395346078781951 0.002202457095574636 -0.0047629638209140731 0.0078393771093996142 0.00067264296714279618 -4.1920280662076233e-05 0.0027576269628480079 -0.003170990594662726 0.0018178437698494504 0.0093327500502623263 0.0017166642216034237 -0.0041777985543012619 -0.0031718114868272101 -0.00077707781753641502 -0.0077440050465089304 -0.00090289452849463966 -0.0056892123582656497 0.005966031204443425 0.0012158438489344777
leaf_weight=22 11820 20 21 3634 2826 28 193 528 27 656 22 942 58 21 34 59 29 20 58 27 21 20 25 80 47 27 324 32 20 325
leaf_count=22 11820 20 21 3634 2826 28 193 528 27 656 22 942 58 21 34 59 29 20 58 27 21 20 25 80 47 27 324 32 20 325
internal_value=5.5483e-06 -0.00184053 -0.00336302 1.08582e-05 -7.95049e-05 -0.000285697 -0.00108954 -8.98181e-05 -0.00393632 -0.000702982 -0.0018347 0.000168638 0.000730694 -0.000246617 7.19268e-05 0.00119864 0.00421148 0.000373386 -0.00165083 0.00141213 0.00270007 0.00561759 -0.00106468 -0.00110604 -0.00288799 -0.00469186 -2.16732e-05 -0.000944872 -0.000503538 8.84895e-05
internal_weight=21966 63 41 21903 10083 5507 1079 4428 129 950 273 4576 80 677 3820 293 63 230 78 152 100 41 52 608 102 55 3527 376 344 3151
internal_count=21966 63 41 21903 10083 5507 1079 4428 129 950 273 4576 80 677 3820 293 63 230 78 152 100 41 52 608 102 55 3527 376 344 3151
is_linear=0
shrinkage=0.05


Tree=181
num_leaves=31
num_cat=0
split_feature=25 17 8 5 27 26 11 0 26 2 1 21 20 18 3 12 26 33 6 10 6 5 3 27 26 4 13 2 2 3
split_gain=0.0777313 0.0982463 0.149639 0.0554659 0.423686 0.149262 0.120065 0.363898 0.202292 0.0880355 0.101529 0.168798 0.0993333 0.171289 0.0605413 0.103468 0.155566 0.0586999 0.219432 0.290552 0.349586 0.276795 0.264747 0.366812 0.238359 0.225665 0.218824 0.31909 0.398022 0.359374
threshold=0.54666666666666675 0.115 97.125000000000014 37.295604705810554 -0.40166666666666656 -0.11999999999999997 -0.71166666666666656 17.667500495910648 0.22666666666666679 1018.6356201171876 69.171703338623061 0.35166666666666674 -0.69166666666666654 -0.35802083333333323 68.375000000000014 0.115 0.043333333333333383 0.12940952255126045 14.125000000000002 0.47166666666666673 284.62500000000006 67.926933288574233 97.125000000000014 0.10666666666666672 -0.036666666666666632 21.273674011230472 -0.0083333333333333315 1007.4965820312501 1008.4173889160157 60.125000000000007
decision_type=2 2 2 2 2 2 2 2 2 2 2 2 2 2 2 2 2 2 2 2 2 2 2 2 2 2 2 2 2 2
left_child=1 -1 -3 4 -2 -6 7 -7 9 14 12 -12 13 -11 -8 16 -16 -5 -19 21 22 -20 23 24 -21 -22 27 29 -29 -23
right_child=3 2 -4 17 5 6 8 -9 -10 10 11 -13 -14 -15 15 -17 -18 18 19 20 25 26 -24 -25 -26 -27 -28 28 -30 -31
leaf_value=0.00094698888397860273 0.0069253241623907051 -9.9620749824680399e-05 -0.0061427212464401412 7.0253335921733118e-05 -0.0030030910431274351 0.0073229887386939184 -4.6168571602739996e-05 -0.0001202067877434624 -0.0041005538347504899 -0.00031818121762784284 -0.0038741879976530585 -0.00030798302456902494 -0.0011468255457917362 0.0059276107920422441 0.0063668911877487388 0.00066474453156268676 0.00082853002240881326 0.00016129118192341433 -0.0015682742745508728 -0.0030286995783119761 -0.009339027134701609 -0.0015742847630228368 -0.00027059167854860656 -0.0067673563514836143 -0.00040099515526930595 -0.00200065080372786 -0.00035327758710376479 -0.0028886461443527463 0.00032399803864662717 0.0026684001944985883
leaf_weight=22 24 20 21 11117 35 24 233 52 27 23 41 174 28 21 21 380 32 4422 305 140 20 62 713 35 225 22 2046 104 1321 256
leaf_count=22 24 20 21 11117 35 24 233 52 27 23 41 174 28 21 21 380 32 4422 305 140 20 62 713 35 225 22 2046 104 1321 256
internal_value=5.27088e-06 -0.0017485 -0.00319487 1.03153e-05 0.000353873 0.000209313 0.000315785 0.00223028 0.000167314 0.00028823 -0.000443833 -0.00098805 0.00118126 0.00266276 0.000603699 0.000953396 0.00302298 -8.11202e-06 -9.81945e-05 -0.000316797 -0.00101717 -0.000119209 -0.000848186 -0.00187775 -0.00140888 -0.00549512 -2.56504e-06 0.000409115 8.95314e-05 0.00184121
internal_weight=21966 63 41 21903 1115 1091 1056 76 980 953 287 215 72 44 666 433 53 20788 9671 5249 1155 4094 1113 400 365 42 3789 1743 1425 318
internal_count=21966 63 41 21903 1115 1091 1056 76 980 953 287 215 72 44 666 433 53 20788 9671 5249 1155 4094 1113 400 365 42 3789 1743 1425 318
is_linear=0
shrinkage=0.05


Tree=182
num_leaves=31
num_cat=0
split_feature=25 5 26 5 7 20 8 0 13 5 8 27 21 26 23 5 28 8 29 28 2 1 8 18 17 18 21 18 10 14
split_gain=0.0701525 0.0890006 0.0546954 0.127249 0.223604 0.270419 0.209132 0.288316 0.345393 0.192881 0.185842 0.18025 0.192419 0.263142 0.152343 0.160979 0.158948 0.227226 0.194338 0.175128 0.171928 0.250746 0.143516 0.136219 0.214287 0.148563 0.132978 0.251316 0.261183 0.250805
threshold=0.54666666666666675 212.90885925292972 0.013333333333333532 227.59552764892581 564.75000000000011 -0.84499999999999986 88.125000000000014 7.6425001621246347 0.048333333333333346 228.89776611328128 127.12500000000001 -0.066666666666666666 -0.18166666666666662 0.10333333333333339 0.58984209119184283 275.00447082519537 13.500000000000002 294.12500000000006 4.5000000000000009 12.500000000000002 1011.6788330078126 73.887947082519545 121.12500000000001 -0.54885416666666653 -0.25499999999999995 -0.62906249999999986 0.23166666666666672 0.11875000000000005 0.28166666666666673 0.026666666666666668
decision_type=2 2 2 2 2 2 2 2 2 2 2 2 2 2 2 2 2 2 2 2 2 2 2 2 2 2 2 2 2 2
left_child=1 -1 -2 4 11 -6 -5 8 -8 -9 -10 12 -4 -14 15 -11 17 18 19 20 21 -17 -18 25 -25 -24 -13 28 -28 -30
right_child=2 -3 3 6 5 -7 7 9 10 14 -12 26 13 -15 -16 16 22 -19 -20 -21 -22 -23 23 24 -26 -27 27 -29 29 -31
leaf_value=0.00073456707177683718 -4.1550146727394347e-05 -0.0031353237498432207 -0.0028629923949968846 0.00033797568347027074 0.0012744284309273764 0.0075883235655386343 -0.0091405668991501442 -0.004530507727543375 -0.004024959755723455 -0.00077420023133875637 0.001835561904590577 -0.00048521329708919343 0.00069477964415969127 0.003924014968530779 0.0026666985406421212 0.0034236944956524719 -0.00056259472520860771 0.0028703121863938395 0.00080321575856457164 -0.0066734232800081368 -0.0034364180234619061 -0.0029357809806242587 0.0012660808219705994 -0.0038202530588023367 0.0016462354594437849 0.0069490722542547671 0.0026388827498704777 2.7517463508294105e-05 -0.0048649634412002004 0.00075137462548398965
leaf_weight=24 15399 39 24 1450 74 22 20 27 31 903 24 637 184 96 43 31 104 39 75 20 65 31 23 20 173 23 209 1763 21 372
leaf_count=24 15399 39 24 1450 74 22 20 27 31 903 24 637 184 96 43 31 104 39 75 20 65 31 23 20 173 23 209 1763 21 372
internal_value=5.00734e-06 -0.00166108 9.79954e-06 0.000131376 0.00034256 0.00272136 -0.000100232 -0.000484858 -0.00351375 -0.000340807 -0.00146764 0.000273484 0.00143366 0.00180195 -0.000267825 -0.000351558 0.000280307 -0.000649529 -0.00126788 -0.00232456 -0.0016397 0.000243957 0.000987849 0.00166252 0.00107976 0.00410758 0.000155998 0.000328705 0.00121075 0.000451265
internal_weight=21966 63 21903 6504 3402 96 3102 1652 75 1577 55 3306 304 280 1550 1507 604 261 222 147 127 62 343 239 193 46 3002 2365 602 393
internal_count=21966 63 21903 6504 3402 96 3102 1652 75 1577 55 3306 304 280 1550 1507 604 261 222 147 127 62 343 239 193 46 3002 2365 602 393
is_linear=0
shrinkage=0.05


Tree=183
num_leaves=31
num_cat=0
split_feature=25 17 8 34 6 28 25 27 2 26 8 0 6 3 0 4 11 0 9 31 22 5 22 13 17 15 1 22 5 8
split_gain=0.0633126 0.091975 0.134378 0.0516448 0.146011 0.247984 0.341422 0.29038 0.282702 0.211677 0.372461 0.228634 0.299218 0.249093 0.190379 0.258858 0.35029 0.247398 0.316139 0.213333 0.357591 0.20373 0.255616 0.223903 0.263425 0.230923 0.405928 0.19188 0.205149 0.180307
threshold=0.54666666666666675 0.115 97.125000000000014 0.37940952255126048 30.125000000000004 10.500000000000002 1.071666666666667 0.12000000000000009 1019.8454589843751 -0.086666666666666572 275.12500000000006 18.098750114440922 527.87500000000011 66.625000000000014 12.523749828338625 39.012725830078132 0.3083333333333334 13.823750019073488 6.6037981510162362 1.0000000180025095e-35 0.57703993055555569 306.11097717285162 0.41592013888888896 -0.098333333333333342 0.36166666666666675 0.25448204266476998 71.687606811523452 0.51717013888888907 204.50836944580081 184.12500000000003
decision_type=2 2 2 2 2 2 2 2 2 2 2 2 2 2 2 2 2 2 2 2 2 2 2 2 2 2 2 2 2 2
left_child=1 -1 -3 4 -2 6 8 -8 9 10 11 -6 29 -14 15 19 -17 18 -16 21 -21 -7 -23 -24 -25 26 -26 28 -20 -13
right_child=3 2 -4 -5 5 14 7 -9 -10 -11 -12 12 13 -15 17 16 -18 -19 27 20 -22 22 23 24 25 -27 -28 -29 -30 -31
leaf_value=0.0010300199585882102 0.00039129015614857262 -4.4295524712651972e-05 -0.005770959279366902 -8.9391781819469731e-05 0.0018117178500262261 0.00066298680867378382 -0.0010549941034061839 -0.0062361654497051083 -0.0011763528327505544 -0.00013850338771498956 -0.0055191408779302785 -0.00025441825432694114 0.0005360455750507817 0.0065927771812615294 -0.0067161061768420049 0.0090071882493793966 0.0015040861125869146 9.1302958623889634e-05 0.0021778301357571446 0.0013052967419339852 -0.0079323498229496182 0.0034716917401445765 -0.0065158588723057799 0.0034790334181808353 -0.0090960861120203684 0.0018489998742757788 -0.0014373159483736268 -0.0049975717604236435 -0.0011603811440111344 -0.0038969306098297243
leaf_weight=22 2795 20 21 8257 410 1958 791 28 510 2157 22 106 58 24 25 20 70 4048 57 22 20 28 21 27 22 31 81 26 239 50
leaf_count=22 2795 20 21 8257 410 1958 791 28 510 2157 22 106 58 24 25 20 70 4048 57 22 20 28 21 27 22 31 81 26 239 50
internal_value=4.75697e-06 -0.00157803 -0.00297746 9.30956e-06 6.90323e-05 -1.39748e-05 -0.000317353 -0.00123213 -9.28397e-05 0.00010263 0.000878934 0.00109615 -0.000136544 0.00230875 0.000174351 0.000542921 0.00317144 -1.85301e-05 -0.00129981 0.000435877 -0.00309358 0.000504252 -0.000975758 -0.00165998 -0.00102661 -0.00193446 -0.00307317 -0.000879291 -0.00051755 -0.00142189
internal_weight=21966 63 41 21903 13646 10851 4156 819 3337 2827 670 648 238 82 6695 2300 90 4395 347 2210 42 2168 210 182 161 134 103 322 296 156
internal_count=21966 63 41 21903 13646 10851 4156 819 3337 2827 670 648 238 82 6695 2300 90 4395 347 2210 42 2168 210 182 161 134 103 322 296 156
is_linear=0
shrinkage=0.05


Tree=184
num_leaves=31
num_cat=0
split_feature=25 17 8 33 27 8 18 7 26 33 8 24 24 28 27 15 18 8 24 35 0 10 8 19 24 7 14 0 8 26
split_gain=0.0571397 0.0830074 0.121276 0.0496587 0.236818 0.241615 0.174861 0.137287 0.122738 0.112054 0.171561 0.218357 0.307779 0.250555 0.189193 0.186226 0.142071 0.140225 0.264493 0.20619 0.248851 0.193225 0.215367 0.226172 0.233936 0.312222 0.221847 0.301692 0.211725 0.189829
threshold=0.54666666666666675 0.115 97.125000000000014 0.91597561503675362 -0.25833333333333319 17.125000000000004 0.63697916666666676 13.375000000000002 -0.14499999999999993 0.60355339059327384 1.8750000000000002 -0.29499999999999998 -0.088333333333333319 8.5000000000000018 -0.55499999999999983 0.13563294625532335 -0.13557291666666663 114.12500000000001 -0.99833333333333318 -0.8783796973249266 15.623749732971193 0.52750000000000008 123.12500000000001 0.10607387339913495 -0.86999999999999988 213.62500000000003 0.20833333333333343 18.167500495910648 193.37500000000003 -0.23833333333333326
decision_type=2 2 2 2 2 2 2 2 2 2 2 2 2 2 2 2 2 2 2 2 2 2 2 2 2 2 2 2 2 2
left_child=1 -1 -3 9 -5 -6 8 -8 -7 -2 -11 14 13 -13 -12 -15 -16 -18 19 -19 -21 22 -20 26 25 -25 -24 28 -28 -26
right_child=3 2 -4 4 5 6 7 -9 -10 10 11 12 -14 15 16 -17 17 18 21 20 -22 -23 23 24 29 -27 27 -29 -30 -31
leaf_value=0.00097851902352307342 3.946290200442344e-05 -4.2080746497958904e-05 -0.0054824112759282199 0.0029422690480336695 0.00072614460106226828 0.0020891743974061684 -0.00063961864004588944 -0.0062915681739382084 -0.00025482181886281769 0.0001567308256397229 0.0034937010845169426 -0.0013696029417721246 -0.00070576373582298402 -0.0037248766649157759 -0.0022500944650536247 -0.0092155655522061421 -0.00070343714981318519 -0.0026168845629962606 0.0039630979441426465 0.00587673231439535 0.0013481370190913493 -0.0041396288053753482 0.0060867289111585076 -0.0050301837934447194 0.0046878007007762797 -0.00056979124351878103 0.0045290132836870306 -0.0046798261037717262 -0.0007656360171469195 -0.00025788484202862223
leaf_weight=22 15500 20 21 77 1032 58 22 21 1505 1449 33 75 420 47 91 23 758 21 32 43 103 30 23 63 21 104 41 21 35 255
leaf_count=22 15500 20 21 77 1032 58 22 21 1505 1449 33 75 420 47 91 23 758 21 32 43 103 30 23 63 21 104 41 21 35 255
internal_value=4.51912e-06 -0.00149912 -0.00282859 8.84408e-06 0.00020899 0.000129208 -0.000254377 -0.00339987 -0.000167841 -1.94754e-05 -0.000267183 -0.000541524 -0.00139145 -0.00337757 -0.000254662 -0.00552896 -0.000330041 -0.000217315 0.000247939 0.00201559 0.0026819 -0.000224377 -2.69695e-05 -0.000253758 -0.000775342 -0.00225245 0.00167176 0.000624907 0.00209069 0.000118417
internal_weight=21966 63 41 21903 2715 2638 1606 43 1563 19188 3688 2239 565 145 1674 70 1641 1550 792 167 146 625 595 563 443 167 120 97 76 276
internal_count=21966 63 41 21903 2715 2638 1606 43 1563 19188 3688 2239 565 145 1674 70 1641 1550 792 167 146 625 595 563 443 167 120 97 76 276
is_linear=0
shrinkage=0.05


Tree=185
num_leaves=31
num_cat=0
split_feature=0 16 6 6 4 14 4 27 9 10 4 10 16 6 26 19 3 27 33 19 9 27 0 0 21 34 12 6 0 23
split_gain=0.0550963 0.157208 0.278309 0.405602 0.353328 0.346364 0.186604 0.175199 0.136447 0.236932 0.216831 0.173074 0.209833 0.19385 0.129798 0.117213 0.144041 0.112842 0.193196 0.170864 0.146872 0.118747 0.117443 0.106752 0.123589 0.104523 0.158286 0.121863 0.106673 0.0945817
threshold=8.2549996376037615 -0.6349999999999999 342.75000000000006 284.62500000000006 32.242292404174812 1.0000000180025095e-35 12.8120174407959 -0.11999999999999997 445.23121643066412 -0.058333333333333327 29.783077239990238 1.0000000180025095e-35 0.18500000000000003 189.62500000000003 -0.16666666666666657 0.3723702483218127 65.875000000000014 -0.14666666666666653 0.25881904510252091 0.1140795485644517 204.09917449951175 -0.19333333333333325 5.3237500190734872 2.5487499237060551 0.62833333333333352 -0.9159756150367534 0.63166666666666671 135.62500000000003 6.4175002574920663 0.38465208574258675
decision_type=2 2 2 2 2 2 2 2 2 2 2 2 2 2 2 2 2 2 2 2 2 2 2 2 2 2 2 2 2 2
left_child=1 -1 3 8 5 6 -4 -7 11 -10 23 -3 13 -13 -14 16 -5 18 21 22 -21 -16 -20 -11 -25 26 -19 -27 -29 -2
right_child=29 2 4 15 -6 7 -8 -9 9 10 -12 12 14 -15 17 -17 -18 25 19 20 -22 -23 -24 24 -26 27 -28 28 -30 -31
leaf_value=0.0036886903367215592 -0.00020245898673528618 -0.0038312285828093688 -0.0038727174699306494 0.00011232927222303008 0.0029532006941735745 -0.0031270077881345062 0.0024051780916814662 -0.0083591120826895359 0.0039204097197701538 0.0006704598197533766 -0.0066010929411277177 0.004883185972899406 0.0030164554061439751 -0.00030560887690323098 0.0035761169006582349 0.0064153069475044802 0.00391731658334828 0.0046666433782471964 -0.0033161181539001594 -0.0080807387037202718 -0.0022221328318625202 -0.00053562202778944775 0.0011771778569020558 0.00068019027312402622 -0.0029653975879431103 0.00016011319000915362 0.00068589852999383278 -0.0038771152040948547 -0.00043852076546024925 4.7224505348377165e-05
leaf_weight=31 5961 27 20 43 28 32 29 32 21 57 20 45 39 30 25 21 59 30 26 20 23 59 33 32 85 4497 149 34 67 10428
leaf_count=31 5961 27 20 43 28 32 29 32 21 57 20 45 39 30 25 21 59 30 26 20 23 59 33 32 85 4497 149 34 67 10428
internal_value=2.71713e-06 0.000137903 0.000118187 0.00017501 -0.00207497 -0.00332089 -0.000157228 -0.00574306 0.000109369 -0.00112451 -0.00167061 0.000161345 0.000182578 0.00280767 0.000143217 0.0030136 0.00231325 0.000120639 -0.00108761 -0.00254996 -0.00494707 0.00068811 -0.000802919 -0.00110389 -0.00196831 0.000167684 0.00135306 0.000121537 -0.00159607 -4.35903e-05
internal_weight=22003 5614 5583 5442 141 113 49 64 5319 215 194 5104 5077 75 5002 123 102 4963 186 102 43 84 59 174 117 4777 179 4598 101 16389
internal_count=22003 5614 5583 5442 141 113 49 64 5319 215 194 5104 5077 75 5002 123 102 4963 186 102 43 84 59 174 117 4777 179 4598 101 16389
is_linear=0
shrinkage=0.05


Tree=186
num_leaves=31
num_cat=0
split_feature=1 27 26 27 15 36 18 2 26 4 5 11 17 4 22 10 10 26 26 3 22 4 16 20 2 16 6 35 5 1
split_gain=0.0518225 0.218643 0.108252 0.119602 0.147259 0.0668389 0.059553 0.0582475 0.0581081 0.21227 0.390469 0.360239 0.354429 0.273919 0.25956 0.308018 0.344313 0.386028 0.312267 0.273778 0.249616 0.238936 0.225282 0.190804 0.169837 0.237922 0.202383 0.200239 0.315421 0.268024
threshold=56.356004714965827 0.4216666666666668 0.10666666666666672 -0.063333333333333255 0.13563294625532335 -0.22252093395631442 -0.89114583333333319 1016.138641357422 0.073333333333333389 13.009000778198244 227.13909149169925 -0.71166666666666656 -0.57833333333333325 14.807874679565431 0.22301215277777781 0.011666666666666669 -0.058333333333333327 0.22166666666666671 0.38833333333333342 79.125000000000014 0.10961805555555558 16.747058868408207 0.32833333333333342 -0.54833333333333323 1016.138641357422 -0.90833333333333321 595.12500000000011 0.87837969732492682 174.08394622802737 74.470249176025405
decision_type=2 2 2 2 2 2 2 2 2 2 2 2 2 2 2 2 2 2 2 2 2 2 2 2 2 2 2 2 2 2
left_child=1 2 3 -1 6 -6 -5 -4 -2 24 11 12 21 22 -13 16 17 19 -17 -16 -14 -11 23 -12 25 -10 -26 -27 -29 -30
right_child=8 -3 7 4 5 -7 -8 -9 9 10 13 14 20 -15 15 18 -18 -19 -20 -21 -22 -23 -24 -25 26 27 -28 28 29 -31
leaf_value=-0.0013161013664919944 -1.693637770649756e-05 -0.0051502096238740108 -0.0031586126393328114 0.0013410923090342382 0.0053017246895857781 0.0013124862818845683 -0.00033312045303412162 -0.00025402163654299719 -0.0035371239159510217 0.0044959100606363446 -0.0028753605807044853 -0.00061903052605999668 0.0027129395166411996 -0.00039892848518710322 0.000187570967245847 0.00087106262952189601 0.0095027626771479849 -0.0025583556768002122 -0.0051246840187915317 0.0076909843141273158 0.010207172838257976 -0.0028070938943225584 0.0015003689041588502 -0.0084129468460256863 -0.00083982374809459187 0.0013104269256211708 0.0040668499073944989 0.00020950438901005936 0.010760704605755482 0.0029559320754329252
leaf_weight=118 18728 24 45 73 21 21 195 28 22 21 60 357 20 1036 20 389 20 28 23 31 25 24 21 21 169 365 24 30 22 22
leaf_count=118 18728 24 45 73 21 21 195 28 22 21 60 357 20 1036 20 389 20 28 23 31 25 24 21 21 169 365 24 30 22 22
internal_value=2.58127e-06 -0.00048822 -0.000264891 3.86442e-05 0.000554322 0.00330711 0.000122915 -0.00204452 1.45782e-05 0.000229198 -1.61826e-05 0.000727617 0.00373869 -0.000642334 0.000415409 0.0011381 0.00364236 0.00215871 0.000536349 0.00474847 0.0068764 0.000600975 -0.00311457 -0.00431103 0.00101562 0.00153696 -0.000229667 0.00179125 0.00416285 0.00685832
internal_weight=22003 525 501 428 310 42 268 73 21478 2750 2096 958 90 1138 868 511 99 79 412 51 45 45 102 81 654 461 193 439 74 44
internal_count=22003 525 501 428 310 42 268 73 21478 2750 2096 958 90 1138 868 511 99 79 412 51 45 45 102 81 654 461 193 439 74 44
is_linear=0
shrinkage=0.05


Tree=187
num_leaves=31
num_cat=0
split_feature=0 27 6 3 6 6 5 4 23 9 9 26 3 11 17 6 11 29 16 27 15 13 23 17 23 18 26 0 4 8
split_gain=0.0496515 0.139188 0.206482 0.382606 0.361727 0.236852 0.197882 0.207634 0.156143 0.137026 0.1796 0.176604 0.129198 0.127551 0.140522 0.12875 0.133258 0.242157 0.114741 0.114504 0.111823 0.0946212 0.0941051 0.0881099 0.0860512 0.252303 0.223547 0.241244 0.258372 0.307273
threshold=8.2549996376037615 -0.55499999999999983 346.62500000000006 89.625000000000014 284.62500000000006 461.37500000000006 273.06243896484381 21.356381416320804 0.33582639331712943 445.23121643066412 486.07974243164068 0.19333333333333341 58.875000000000007 1.0000000180025095e-35 0.33166666666666672 243.62500000000003 0.36833333333333335 2.5000000000000004 -0.15499999999999997 -0.030000000000000051 0.2002440640148844 0.51833333333333342 0.29541207858592072 -0.19833333333333328 0.38465208574258675 -0.42343749999999997 -0.1166666666666666 8.7862496376037615 17.714307785034183 154.12500000000003
decision_type=2 2 2 2 2 2 2 2 2 2 2 2 2 2 2 2 2 2 2 2 2 2 2 2 2 2 2 2 2 2
left_child=1 -1 4 5 9 20 7 21 -8 11 19 13 22 -3 -15 16 17 -16 -5 -11 -4 -6 -12 -7 25 -2 27 -27 29 -29
right_child=24 2 3 18 6 23 8 -9 -10 10 12 -13 -14 14 15 -17 -18 -19 -20 -21 -22 -23 -24 -25 -26 26 -28 28 -30 -31
leaf_value=0.0040124296372675379 0.0043059766172401362 -0.0035115395444639342 -0.00030431121012952644 -0.0031295952899381518 0.001181382907920384 0.0048529149011962798 0.0088214416214032112 -0.0019181675378543636 0.0026484028835381782 -0.0015365387662313879 -0.0033330272045402256 0.0032370061943884534 0.0024337278548046018 0.0041295289569957695 -0.0061247105419170115 0.0035057522285829434 0.00013401901116770335 0.00039615363980244312 -0.0084213172041234519 -0.0068227954785106716 -0.0047673168377950796 0.0052919357915275867 -0.00033930231573148857 0.00042689556266059693 4.5115102503338578e-05 -0.0064915211327994868 -0.00012545547342592269 -1.0072869309758555e-05 -0.00019289135798726567 -0.004638557375579987
leaf_weight=23 31 24 32 20 28 22 20 30 21 21 35 46 32 22 24 28 4929 35 21 20 25 28 105 23 10428 21 5450 61 311 87
leaf_count=23 31 24 32 20 28 22 20 30 21 21 35 46 32 22 24 28 4929 35 21 20 25 28 105 23 10428 21 5450 61 311 87
internal_value=2.45221e-06 0.000130784 0.000114816 -0.00176068 0.000164045 -0.000120962 0.00280121 0.00143846 0.00565964 0.000101102 -0.00114144 0.000152915 -0.000432578 0.000124889 0.000142212 0.000124724 0.000105744 -0.0022564 -0.00583999 -0.0041152 -0.00226177 0.00323666 -0.00108773 0.00259073 -4.15075e-05 -0.000193043 -0.000216562 -0.001251 -0.00101124 -0.00273087
internal_weight=22003 5614 5591 143 5448 102 127 86 41 5321 213 5108 172 5062 5038 5016 4988 59 41 41 57 56 140 45 16389 5961 5930 480 459 148
internal_count=22003 5614 5591 143 5448 102 127 86 41 5321 213 5108 172 5062 5038 5016 4988 59 41 41 57 56 140 45 16389 5961 5930 480 459 148
is_linear=0
shrinkage=0.05


Tree=188
num_leaves=31
num_cat=0
split_feature=0 1 26 4 26 19 13 10 19 5 23 8 1 24 7 8 6 29 24 3 3 0 3 21 21 3 0 24 3 24
split_gain=0.0477291 0.0502319 0.139604 0.0972907 0.0980883 0.0911232 0.111784 0.0581632 0.191794 0.375209 0.285371 0.335316 0.319351 0.186695 0.169924 0.307249 0.310124 0.272353 0.249792 0.236569 0.16478 0.159043 0.146971 0.143491 0.696713 0.281205 0.254283 0.171941 0.333504 0.321315
threshold=0.323749989271164 56.356004714965827 0.26166666666666677 6.2605767250061044 -0.17999999999999994 0.17324911147355057 0.54083333333333339 0.10500000000000002 0.39712986493679586 284.31153869628912 0.40733056769544979 168.12500000000003 73.399303436279311 -0.79833333333333323 255.37500000000003 224.62500000000003 415.25000000000006 1.5000000000000002 -0.71833333333333316 77.125000000000014 50.625000000000007 16.598750114440922 85.125000000000014 0.65166666666666673 0.68500000000000016 89.875000000000014 8.2549996376037615 -0.24166666666666667 96.875000000000014 -0.35166666666666663
decision_type=2 2 2 2 2 2 2 2 2 2 2 2 2 2 2 2 2 2 2 2 2 2 2 2 2 2 2 2 2 2
left_child=-1 2 3 -2 -5 -6 -7 8 23 10 13 -12 21 -10 -9 16 -16 -18 -17 20 -19 -13 -15 27 -25 -26 -27 29 -29 -3
right_child=1 7 -4 4 5 6 -8 14 9 -11 11 12 -14 22 15 18 17 19 -20 -21 -22 -23 -24 24 25 26 -28 28 -30 -31
leaf_value=0.00045187896176851261 -0.0035024208391247237 -7.4399366168948356e-06 -0.0045026959363548532 0.0026436377300656047 0.00033498078041028985 -0.00070459013951194448 -0.0043566878276275625 -2.626679845911723e-05 -0.0040521902893669902 0.0065277675261313567 -1.6010434211983176e-05 0.0049480334815123813 0.0091523426845669751 -0.0020303746617476768 -0.0046145000522408415 -0.0014857786486390978 -0.003343089274130762 0.0019076382965847319 -0.009388187106233091 -0.0013560622378631874 0.0076901533408090476 -0.0010703607440172207 0.0036972776066423172 0.010259547140449285 -0.00092238482732149164 0.00022602249746737275 0.0079347753920592373 0.00078628268709187126 -0.00651253541481906 0.0029486906504431281
leaf_weight=575 23 4160 21 29 216 165 24 16001 40 32 88 23 25 24 34 20 28 28 20 27 22 21 21 20 116 23 20 34 29 94
leaf_count=575 23 4160 21 29 216 165 24 16001 40 32 88 23 25 24 34 20 28 28 20 27 22 21 21 20 116 23 20 34 29 94
internal_value=2.3296e-06 -9.73363e-06 -0.000516546 -0.000333375 -0.00016543 -0.000366573 -0.00116835 1.82991e-06 0.000155268 0.00143957 0.000766748 0.00203011 0.00463965 -0.00156675 -4.34048e-05 -0.00157539 -0.000464143 0.000879782 -0.00543698 0.00241537 0.00445194 0.00207562 0.00064253 7.69985e-05 0.00146418 0.000357845 0.00381149 1.94804e-05 -0.00257349 5.78812e-05
internal_weight=22003 21428 478 457 434 405 189 20950 4770 274 242 157 69 85 16180 179 139 105 40 77 50 44 45 4496 179 159 43 4317 63 4254
internal_count=22003 21428 478 457 434 405 189 20950 4770 274 242 157 69 85 16180 179 139 105 40 77 50 44 45 4496 179 159 43 4317 63 4254
is_linear=0
shrinkage=0.05


Tree=189
num_leaves=31
num_cat=0
split_feature=19 9 9 34 0 0 0 0 10 15 2 13 19 8 24 20 0 8 28 23 1 22 17 13 24 14 23 3 4 8
split_gain=0.047315 0.0969957 0.105095 0.15562 0.181202 0.144339 0.122022 0.119041 0.114852 0.130988 0.115181 0.130435 0.0922699 0.142955 0.253781 0.379376 0.229793 0.433834 0.231251 0.226868 0.291045 0.361739 0.284363 0.32938 0.248037 0.246256 0.223247 0.39647 0.346229 0.281252
threshold=0.074061723507398688 576.22952270507824 158.590934753418 0.37940952255126048 19.873750686645511 6.4175002574920663 5.7050001621246347 9.0987496376037615 0.35166666666666674 0.053541261347561452 1015.2553100585939 0.011666666666666669 0.17324911147355057 125.12500000000001 0.071666666666666684 0.35166666666666674 17.586251258850101 265.12500000000006 14.500000000000002 0.51965670542592812 78.200851440429702 0.21230902777777783 -0.29833333333333328 -0.45166666666666661 -0.84499999999999986 0.16499999999999987 0.38780921997557022 49.125000000000007 27.535227775573734 159.37500000000003
decision_type=2 2 2 2 2 2 2 2 2 2 2 2 2 2 2 2 2 2 2 2 2 2 2 2 2 2 2 2 2 2
left_child=1 2 3 4 -1 6 -4 -7 10 -10 11 -9 13 -2 16 -16 17 18 26 20 21 22 -18 -24 -22 -21 28 -28 29 -15
right_child=12 -3 5 -5 -6 7 -8 8 9 -11 -12 -13 -14 14 15 -17 19 -19 -20 25 24 -23 23 -25 -26 -27 27 -29 -30 -31
leaf_value=0.00056463426315897253 -6.7865327853021412e-05 0.0020468856337629406 -0.001162041669925423 -1.798123823148677e-05 -0.0038990922960574215 0.0023910431813228094 -0.0058642534295689662 0.0033704352861137266 -0.00094477772945538168 -0.0053051610506372531 -0.0013012918042470453 4.1859961333889142e-05 7.154964353556406e-05 -0.00073750041857066043 -0.009284127904102206 -0.0014502527516657105 -0.00091635081628265315 0.0031373925041989423 0.0020741009971714129 -0.00057502675559433392 -0.0095335309520702474 0.0024445088561244159 -0.0084266547769616673 -0.0017705807678483811 -0.0027200088658205727 0.0052036603779665068 -0.0045480876638576756 0.00066434558255181527 0.00071995681822348463 -0.0047783264570453576
leaf_weight=1978 5816 64 37 4428 23 38 22 35 61 24 131 185 7768 74 20 68 129 100 85 151 22 49 34 41 34 21 41 331 90 103
leaf_count=1978 5816 64 37 4428 23 38 22 35 61 24 131 185 7768 74 20 68 129 100 85 151 22 49 34 41 34 21 41 331 90 103
internal_value=2.21312e-06 0.000109263 9.1451e-05 0.000147386 0.000513327 -0.000583236 -0.00291541 -0.000292944 -0.00052687 -0.00217594 -0.000127521 0.000571406 -4.80061e-05 -0.000176832 -0.000631788 -0.00323068 -0.000456537 5.0386e-05 -0.000375996 -0.00132495 -0.0021351 -0.00141316 -0.00233975 -0.004788 -0.00539675 0.000130511 -0.000701909 8.9857e-05 -0.00180504 -0.00308894
internal_weight=22003 7026 6962 6429 2001 533 59 474 436 85 351 220 14977 7209 1393 88 1305 824 724 481 309 253 204 75 56 172 639 372 267 177
internal_count=22003 7026 6962 6429 2001 533 59 474 436 85 351 220 14977 7209 1393 88 1305 824 724 481 309 253 204 75 56 172 639 372 267 177
is_linear=0
shrinkage=0.05


Tree=190
num_leaves=31
num_cat=0
split_feature=26 7 27 5 21 26 2 25 19 27 2 5 7 1 28 1 25 2 3 14 29 24 22 1 26 4 3 22 2 15
split_gain=0.090462 0.363036 0.329914 0.265587 0.0964506 0.0766881 0.16213 0.227 0.156897 0.0600357 0.288246 0.306945 0.299693 0.264513 0.295808 0.268716 0.260228 0.332786 0.210581 0.35758 0.229749 0.190055 0.272728 0.398541 0.238529 0.230827 0.22523 0.206569 0.225106 0.196512
threshold=-0.42499999999999993 149.12500000000003 -0.076666666666666605 208.0724792480469 0.38166666666666677 0.46166666666666673 1014.2888793945314 0.91166666666666674 0.30564768811189141 -0.29499999999999987 1002.3757934570314 26.706497192382816 70.750000000000014 75.087837219238295 8.5000000000000018 74.324615478515639 1.1166666666666669 998.00286865234386 97.375000000000014 -0.17875000000000005 3.5000000000000004 -0.91166666666666651 0.094809027777777791 69.76007461547853 -0.22166666666666668 15.517241954803469 27.625000000000004 0.06592013888888891 1015.6446533203126 0.21048774685359184
decision_type=2 2 2 2 2 2 2 2 2 2 2 2 2 2 2 2 2 2 2 2 2 2 2 2 2 2 2 2 2 2
left_child=1 -1 3 -3 -5 9 7 8 -7 10 12 -12 -2 15 -15 21 17 -14 19 -16 -20 22 23 27 -23 -26 -27 28 -13 -28
right_child=5 2 -4 4 -6 6 -8 -9 -10 -11 11 13 16 14 18 -17 -18 -19 20 -21 -22 24 -24 -25 25 26 29 -29 -30 -31
leaf_value=-0.0038473519008570853 0.006516686681748575 -0.00021820578724145889 -0.0021960686858316573 0.0089764330839819228 0.0044899182170629499 -0.0039784593126651916 0.0018016929770338125 -0.0067367873964426315 0.0015806726148972908 -2.8894804827322488e-05 0.0061523321572167335 9.0787733685882661e-05 -0.00084089897996322675 0.0015684972626097021 -0.00011060297896619887 0.0054134444264626064 -0.0023662016957215117 0.0078558327968824993 -0.0025963238230449896 -0.0060683810860877319 0.0028084243211196737 -0.0012709356129786626 -0.0032975551308875254 0.0055473744946842396 -0.0009326689777539132 -0.00022907072947222137 0.0065242809964818696 0.0029961666515605015 -0.0059631865687801372 0.0021561371222980179
leaf_weight=26 36 20 24 23 25 22 29 23 30 21031 20 34 22 62 40 27 33 22 51 68 32 73 74 30 47 37 51 22 28 52
leaf_count=26 36 20 24 23 25 22 29 23 30 21031 20 34 22 62 40 27 33 22 51 68 32 73 74 30 47 37 51 22 28 52
internal_value=-1.11693e-05 0.00136953 0.00284387 0.00462267 0.00663971 -1.85762e-05 -0.00137311 -0.00260069 -0.000771268 -1.21414e-05 0.000397082 4.15013e-05 0.00275084 -0.000126379 -0.00143229 0.000569193 0.00099018 0.00350747 -0.00240637 -0.0038618 -0.000512566 0.00027724 -0.000933854 0.000600478 0.00115295 0.00209918 0.00311701 -0.00116627 -0.00264327 0.004319
internal_weight=22114 118 92 68 48 21996 104 75 52 21892 861 748 113 728 253 475 77 44 191 108 83 448 188 114 260 187 140 84 62 103
internal_count=22114 118 92 68 48 21996 104 75 52 21892 861 748 113 728 253 475 77 44 191 108 83 448 188 114 260 187 140 84 62 103
is_linear=0
shrinkage=0.05


Tree=191
num_leaves=31
num_cat=0
split_feature=26 7 27 5 0 26 0 13 17 23 1 8 8 20 10 0 11 22 5 20 11 0 8 7 5 9 0 29 26 26
split_gain=0.081642 0.32764 0.297747 0.239692 0.120357 0.0692111 0.147199 0.184928 0.214867 0.0717156 0.0555458 0.188806 0.157129 0.17696 0.166358 0.18685 0.126547 0.111272 0.10461 0.103212 0.247424 0.155033 0.231188 0.183266 0.150558 0.295437 0.205618 0.275489 0.350925 0.314784
threshold=-0.42499999999999993 149.12500000000003 -0.076666666666666605 208.0724792480469 15.905000209808351 0.46166666666666673 19.498750686645511 0.038333333333333337 0.038333333333333337 0.35494876320572699 64.760784149169936 233.12500000000003 240.62500000000003 -0.80833333333333324 -0.58166666666666655 15.367499828338625 -0.34166666666666662 0.068767361111111133 248.11735534667972 -0.74166666666666659 -0.66833333333333322 24.030001640319828 132.12500000000003 558.87500000000011 127.54174423217775 54.993469238281257 18.811250686645511 4.5000000000000009 0.013333333333333317 0.23500000000000007
decision_type=2 2 2 2 2 2 2 2 2 2 2 2 2 2 2 2 2 2 2 2 2 2 2 2 2 2 2 2 2 2
left_child=1 -1 3 -3 -5 10 7 8 -7 -9 11 -2 -13 17 -15 -16 -17 -14 -19 24 -21 23 -23 -22 25 -12 -26 28 -28 -30
right_child=5 2 -4 4 -6 6 -8 9 -10 -11 19 12 13 14 15 16 -18 18 -20 20 21 22 -24 -25 26 -27 27 -29 29 -31
leaf_value=-0.0036549843597010927 -7.5994963951426741e-05 -0.00020729538751766086 -0.002086265283044971 0.0086108073735466379 0.0035858924880316904 -0.0010609769029542805 0.0022256252396365872 0.0021957246924284848 -0.0083901495393365628 -0.0019878164953773931 0.0057243226165883251 -0.0047845529745245592 -0.0012371318345747383 0.00099812095501908542 -0.0010037103718964428 -0.002923318079632262 -0.0080623659193515777 0.00028884908832155931 0.0046659951796408725 -0.0034641081836665625 -1.4373537132465433e-05 -0.00044272330317956707 0.0050745760814311942 -0.0048033003229647877 0.00021537171742612522 -0.00045779797048713789 0.0045048929985255356 -0.0009344835258827249 7.8773748484636832e-05 0.0051381643621042673
leaf_weight=26 1866 20 24 26 22 20 23 20 20 21 20 32 59 27 41 23 25 39 21 52 17940 39 37 20 681 573 116 82 161 38
leaf_count=26 1866 20 24 26 22 20 23 20 20 21 20 32 59 27 41 23 25 39 21 52 17940 39 37 20 681 573 116 82 161 38
internal_value=-1.06108e-05 0.00130106 0.00270168 0.00439154 0.00630772 -1.76474e-05 -0.00130445 -0.00230682 -0.00472556 5.29353e-05 -1.15343e-05 -0.000253938 -0.00149754 -0.00104995 -0.00243964 -0.00348256 -0.00559991 0.000304708 0.00182085 1.46334e-05 -2.00999e-05 -1.01704e-05 0.00224333 -1.97064e-05 0.00039061 -0.000249295 0.000742617 0.00164703 0.00231905 0.00104489
internal_weight=22114 118 92 68 48 21996 104 81 40 41 21892 2133 267 235 116 89 48 119 60 19759 18088 18036 76 17960 1671 593 1078 397 315 199
internal_count=22114 118 92 68 48 21996 104 81 40 41 21892 2133 267 235 116 89 48 119 60 19759 18088 18036 76 17960 1671 593 1078 397 315 199
is_linear=0
shrinkage=0.05


Tree=192
num_leaves=31
num_cat=0
split_feature=26 7 27 4 26 2 2 19 10 13 8 5 5 4 22 20 27 0 18 19 5 2 7 1 29 25 5 2 4 5
split_gain=0.0736819 0.295695 0.268717 0.216483 0.062463 0.147755 0.218632 0.138312 0.0546545 0.088672 0.0950918 0.120739 0.164241 0.163937 0.129176 0.113588 0.069369 0.27042 0.261499 0.225118 0.214418 0.169358 0.266443 0.264083 0.307941 0.202831 0.17992 0.294002 0.273459 0.238579
threshold=-0.42499999999999993 149.12500000000003 -0.076666666666666605 21.468222618103031 0.46166666666666673 1014.2888793945314 1006.9393615722657 0.30564768811189141 -0.97499999999999998 -0.94833333333333314 129.12500000000003 225.40385437011722 258.56620788574224 21.468222618103031 0.084184027777777795 -0.95499999999999996 -0.29499999999999987 21.686250686645511 0.10677083333333344 0.10508087710780427 35.112739562988288 1002.3757934570314 70.750000000000014 75.087837219238295 1.0000000180025095e-35 1.0583333333333336 245.69785308837893 1007.4056091308595 14.400688171386721 279.73411560058599
decision_type=2 2 2 2 2 2 2 2 2 2 2 2 2 2 2 2 2 2 2 2 2 2 2 2 2 2 2 2 2 2
left_child=1 -1 3 -3 8 6 -6 -8 -2 10 -10 14 -13 -14 15 -12 17 19 -19 -11 -21 22 -22 26 -25 -24 27 -23 -28 -30
right_child=4 2 -4 -5 5 -7 7 -9 9 16 11 12 13 -15 -16 -17 -18 18 -20 20 21 23 25 24 -26 -27 28 -29 29 -31
leaf_value=-0.0034722350107935758 -0.00088851154409481264 0.0015896565261976543 -0.0019819520860134316 0.0072540706188808524 0.00071822646714281291 0.0017915687796756113 -0.007510502001439984 -0.0018374932508560876 -0.00080908021289880199 0.0057023367304778238 0.0040305504575371747 -0.0022317382925492084 7.4769586727425869e-05 0.0056933908909559258 0.0063770416791417775 -0.00047317873894436548 -3.2145702559452202e-05 -0.000566950546048107 -0.007177770888388512 0.0050272246921220084 0.0058923829846796311 0.0064460122935293658 0.0031756478956797059 -0.0056133767504070418 -0.0004899905630736612 -0.002131988540188306 -0.0038610883348155767 0.0010941236314282521 -0.0010661792530473099 0.0028136633689282466
leaf_weight=26 176 37 24 31 32 29 22 21 56 22 28 37 37 20 21 28 20667 52 21 26 34 31 36 35 181 36 40 149 84 75
leaf_count=26 176 37 24 31 32 29 22 21 56 22 28 37 37 20 21 28 20667 52 21 26 34 31 36 35 181 36 40 149 84 75
internal_value=-1.00803e-05 0.001236 0.00256659 0.00417196 -1.6765e-05 -0.00123923 -0.00241114 -0.00473996 -1.09576e-05 -3.84535e-06 0.000979188 0.00156482 0.00036234 0.00204622 0.00303278 0.00177869 -1.42297e-05 0.000436221 -0.00246869 0.000719344 0.000568552 0.00040318 0.00224446 7.51538e-05 -0.00132017 0.00052183 0.000870377 0.00201584 -0.000165718 0.000763935
internal_weight=22114 118 92 68 21996 104 75 43 21892 21716 227 171 94 57 77 56 21489 822 73 749 727 701 106 595 216 72 379 180 199 159
internal_count=22114 118 92 68 21996 104 75 43 21892 21716 227 171 94 57 77 56 21489 822 73 749 727 701 106 595 216 72 379 180 199 159
is_linear=0
shrinkage=0.05


Tree=193
num_leaves=31
num_cat=0
split_feature=26 7 0 0 10 26 0 36 2 1 8 8 1 24 26 15 7 5 9 8 23 29 19 24 10 7 8 4 8 25
split_gain=0.0664979 0.266865 0.174893 0.157288 0.110736 0.0563728 0.136669 0.173688 0.20979 0.0500411 0.171702 0.14063 0.13685 0.231447 0.177315 0.127752 0.115556 0.0886873 0.203504 0.108246 0.128224 0.147646 0.0964098 0.281581 0.208936 0.260732 0.197229 0.352746 0.17754 0.155399
threshold=-0.42499999999999993 149.12500000000003 16.448750495910648 11.198750019073488 -0.69166666666666654 0.46166666666666673 19.498750686645511 -0.22252093395631442 1010.9781188964845 64.760784149169936 233.12500000000003 240.62500000000003 61.82472229003907 -0.78499999999999981 -0.029999999999999992 0.19536291016133259 197.12500000000003 86.367782592773452 814.30831909179699 155.62500000000003 0.53234148337513165 4.5000000000000009 0.2877488435470496 -0.72166666666666657 -0.62166666666666648 564.75000000000011 165.62500000000003 25.0313835144043 153.12500000000003 0.62833333333333352
decision_type=2 2 2 2 2 2 2 2 2 2 2 2 2 2 2 2 2 2 2 2 2 2 2 2 2 2 2 2 2 2
left_child=1 -1 3 -3 -4 9 7 -7 -9 10 17 -12 13 15 -14 -13 -16 18 19 -2 21 -21 24 29 -19 26 -26 -28 -25 -24
right_child=5 2 4 -5 -6 6 -8 8 -10 -11 11 12 14 -15 16 -17 -18 22 -20 20 -22 -23 23 28 25 -27 27 -29 -30 -31
leaf_value=-0.0032986232437766517 -0.00011624223552529491 0.001492504931986332 0.0025834231404587627 0.0069963639567571668 -0.0026781306089833381 0.0013221514746546746 0.002224208685852911 -0.0064383730498863562 -0.00028226779215037822 1.4427554743693089e-05 -0.004536081490368815 0.00018330466539029862 -0.005062937160115466 -0.003926838338375092 0.0016744265968790624 0.0044337019463207318 -0.0029514976863369898 0.00029358053217747385 0.0049442718848586083 0.0028601258150141302 0.0048314093110653072 -0.0025718142670071264 0.0014254955071789613 0.0014941538858693093 -0.00037956607809772123 -0.0060663278017622918 -0.0046622327056046525 0.00064612767515320551 0.0074993893061764544 -0.00071497639679641992
leaf_weight=26 317 25 20 27 20 25 23 31 25 19759 32 90 39 30 27 22 27 427 25 29 26 22 119 32 396 26 81 51 20 295
leaf_count=26 317 25 20 27 20 25 23 31 25 19759 32 90 39 30 27 22 27 427 25 29 26 22 119 32 396 26 81 51 20 295
internal_value=-9.57624e-06 0.0011742 0.00243826 0.00435028 -4.73537e-05 -1.59268e-05 -0.00117727 -0.00214312 -0.00369011 -1.04097e-05 -0.000240489 -0.00142643 -0.00100299 -2.65232e-05 -0.00249393 0.0010182 -0.000638536 -7.0797e-05 0.000569781 0.000292212 0.00197377 0.000516936 -0.000256286 0.000335873 -0.000537576 -0.0011782 -0.000937493 -0.00261128 0.00380386 -9.972e-05
internal_weight=22114 118 92 52 40 21996 104 81 56 21892 2133 267 235 142 93 112 54 1866 419 394 77 51 1447 466 981 554 528 132 52 414
internal_count=22114 118 92 52 40 21996 104 81 56 21892 2133 267 235 142 93 112 54 1866 419 394 77 51 1447 466 981 554 528 132 52 414
is_linear=0
shrinkage=0.05


Tree=194
num_leaves=31
num_cat=0
split_feature=26 7 27 5 0 19 33 26 8 9 16 13 15 32 22 22 21 5 5 15 10 19 8 13 17 27 10 15 35 2
split_gain=0.0600143 0.240846 0.235933 0.210538 0.100867 0.0519777 0.0868709 0.185629 0.139854 0.27735 0.272875 0.238592 0.188763 0.283509 0.19428 0.339094 0.276491 0.265208 0.218209 0.173058 0.149746 0.145604 0.115391 0.164706 0.112945 0.104345 0.103022 0.325851 0.226385 0.210382
threshold=-0.42499999999999993 149.12500000000003 -0.076666666666666605 208.0724792480469 15.905000209808351 0.067785063140476665 1.0000000180025095e-35 -0.36166666666666658 265.12500000000006 332.68270874023443 -0.58499999999999985 -0.49499999999999994 0.092733687146301716 2.5000000000000004 0.22852430555555556 0.29718750000000005 0.29166666666666669 221.82460021972659 121.2159881591797 0.092733687146301716 -0.34166666666666662 0.49373031410482426 306.12500000000006 -0.41166666666666657 -0.038333333333333323 0.6150000000000001 0.35166666666666674 0.089118626385931418 -0.8783796973249266 1007.4965820312501
decision_type=2 2 2 2 2 2 2 2 2 2 2 2 2 2 2 2 2 2 2 2 2 2 2 2 2 2 2 2 2 2
left_child=1 -1 3 -3 -5 -2 7 -7 21 12 11 19 13 -10 16 -16 18 -17 -14 -11 -20 25 -9 -24 -15 26 29 -28 -29 -8
right_child=5 2 -4 4 -6 6 8 22 9 10 -12 -13 14 24 15 17 -18 -19 20 -21 -22 -23 23 -25 -26 -27 27 28 -30 -31
leaf_value=-0.003133692194779332 0.00010581238912478499 -0.0004894858179613948 -0.0019457030177970108 0.0077248570249559209 0.0031247541096738798 0.0042495666429973565 0.00073286120609170123 3.3562298171709655e-05 0.0069479595567099751 0.0017904013814404607 -0.0049748961089385885 0.0033996713533997538 -0.0039405522358027245 0.0031028089876505467 -0.0057789025565229907 0.005320386747321622 0.0058712011739385853 -0.0017250335747923925 0.0042626646470607203 -0.0040710843229830708 -0.00030487200373930761 -0.0039383028409685251 0.00051024339845753277 -0.0044875975410618328 -0.0017120073785051881 -0.0029795054366279928 -0.0002587760402957966 -0.0056150489583256117 -0.0015004882840382622 -0.00025992940240081194
leaf_weight=26 6328 20 24 26 22 26 658 9436 35 20 36 35 21 29 27 22 33 34 34 34 38 27 32 34 21 35 1862 38 278 2823
leaf_count=26 6328 20 24 26 22 26 658 9436 35 20 36 35 21 29 27 22 33 34 34 34 38 27 32 34 21 35 1862 38 278 2823
internal_value=-9.09743e-06 0.00111549 0.00231635 0.00382061 0.00561648 -1.51304e-05 -6.39769e-05 3.05344e-05 -0.000210639 0.000671126 -0.00130173 0.000184041 0.00150993 0.00349656 0.000701964 -0.0011763 0.00193923 0.00104281 0.00054402 -0.00190016 0.00185202 -0.000275218 1.899e-05 -0.0020644 0.00108059 -0.000257848 -0.000241015 -0.00051072 -0.00199528 -7.2266e-05
internal_weight=22114 118 92 68 48 21996 15668 9528 6140 419 125 89 294 85 209 83 126 56 93 54 72 5721 9502 66 50 5694 5659 2178 316 3481
internal_count=22114 118 92 68 48 21996 15668 9528 6140 419 125 89 294 85 209 83 126 56 93 54 72 5721 9502 66 50 5694 5659 2178 316 3481
is_linear=0
shrinkage=0.05


Tree=195
num_leaves=31
num_cat=0
split_feature=6 17 24 7 5 8 29 16 21 1 2 28 6 3 19 1 27 26 1 0 3 5 23 8 21 4 4 21 21 17
split_gain=0.0630542 0.148505 0.109252 0.0705096 0.149187 0.188822 0.163429 0.175125 0.187798 0.23312 0.245746 0.0826917 0.0817914 0.100316 0.0773179 0.0653652 0.0963326 0.0751998 0.0644553 0.145917 0.170114 0.174336 0.200529 0.112601 0.101627 0.151315 0.148956 0.170344 0.106914 0.106203
threshold=773.87500000000011 -0.54833333333333323 -0.92166666666666652 543.75000000000011 47.410375595092781 126.12500000000001 3.5000000000000004 -0.74833333333333318 -0.098333333333333342 59.512018203735359 1013.2432861328126 10.500000000000002 759.75000000000011 57.625000000000007 0.10903594190623048 56.356004714965827 0.4216666666666668 -0.22166666666666668 60.385578155517585 25.161250114440922 29.125000000000004 174.08394622802737 0.53234148337513165 100.12500000000001 0.36166666666666675 12.8120174407959 15.082792758941652 0.03500000000000001 -0.12499999999999999 -0.42166666666666658
decision_type=2 2 2 2 2 2 2 2 2 2 2 2 2 2 2 2 2 2 2 2 2 2 2 2 2 2 2 2 2 2
left_child=3 2 -2 15 5 -5 12 8 14 -10 -11 -9 13 -6 -8 16 17 -1 19 20 -17 22 -22 -23 25 -25 -27 28 29 -28
right_child=1 -3 -4 4 6 -7 7 11 9 10 -12 -13 -14 -15 -16 18 -18 -19 -20 -21 21 23 -24 24 -26 26 27 -29 -30 -31
leaf_value=0.0025285054743289948 -0.0008686757604651499 -0.0041976146207287398 0.0026567263564524746 -0.00047405205023962825 -0.00074760779755266168 0.0057076964667066932 0.0029571949753021314 0.0007245742826489732 0.0084378564907681385 0.00550355809326801 -0.0013760444438084961 -0.0038221744680777196 -0.0027744233292954354 0.002053649402987503 -0.00055002334104342892 -0.00064476999362263004 -0.0036035364923568875 -0.00063150139070660707 -1.1030549955324552e-05 -0.0025788969426814999 0.0010791761288419365 0.0034139812633695423 0.00701873121024282 0.0042402337421663105 0.0029239276908589779 -0.0040164993345873281 0.0018992409751707213 -0.0015075177443465277 0.004022110316098758 -0.0023719569234262137
leaf_weight=20 142 29 26 21 159 30 22 20 21 27 25 20 36 40 55 151 26 321 20327 35 30 38 27 20 37 24 43 81 31 22
leaf_count=20 142 29 26 21 159 30 22 20 21 27 25 20 36 40 55 151 26 321 20327 35 30 38 27 20 37 24 43 81 31 22
internal_value=-2.94423e-06 -0.000893441 -0.000323078 5.13665e-06 0.00060697 0.00316227 0.000300334 0.00139076 0.00217465 0.00399164 0.00219606 -0.0015488 -0.000581289 -0.000184541 0.000452039 -8.35522e-06 -0.000669847 -0.000446164 3.27938e-06 0.000542941 0.000759736 0.00136053 0.00389265 0.000872926 0.000498662 9.26221e-05 -0.000320076 0.000181134 0.00160593 0.000453605
internal_weight=21906 197 168 21709 476 51 425 190 150 73 52 40 235 199 77 21233 367 341 20866 539 504 353 57 296 258 221 201 177 96 65
internal_count=21906 197 168 21709 476 51 425 190 150 73 52 40 235 199 77 21233 367 341 20866 539 504 353 57 296 258 221 201 177 96 65
is_linear=0
shrinkage=0.05


Tree=196
num_leaves=31
num_cat=0
split_feature=27 19 33 17 7 22 2 19 7 27 20 20 2 6 18 18 3 8 16 5 9 29 13 10 13 27 2 19 21 24
split_gain=0.0618038 0.181039 0.171137 0.131868 0.284368 0.189645 0.183351 0.136033 0.0878021 0.0817152 0.250257 0.299376 0.244006 0.199195 0.170574 0.103261 0.0475513 0.157295 0.474902 0.521718 0.480888 0.401072 0.363492 0.264956 0.24534 0.227 0.222586 0.270521 0.217876 0.27316
threshold=-0.51166666666666649 0.39712986493679586 0.60355339059327384 0.24166666666666672 153.87500000000003 0.21539930555555559 1014.8166809082032 0.30197858221978047 213.62500000000003 -0.42499999999999988 0.011666666666666669 -0.47499999999999992 1012.131561279297 465.37500000000006 -0.34249999999999986 -0.16083333333333322 99.375000000000014 148.12500000000003 0.1516666666666667 298.52890014648443 232.64605712890628 4.5000000000000009 0.47833333333333339 0.38166666666666677 0.40833333333333338 -0.013333333333333346 1001.238739013672 0.25050037849063583 0.75166666666666682 -0.53499999999999981
decision_type=2 2 2 2 2 2 2 2 2 2 2 2 2 2 2 2 2 2 2 2 2 2 2 2 2 2 2 2 2 2
left_child=1 2 3 5 -5 6 -1 -7 -4 10 11 13 -13 -2 -15 -16 17 -11 22 20 21 23 24 -20 26 -26 27 -19 29 -28
right_child=9 -3 8 4 -6 7 -8 -9 -10 16 -12 12 -14 14 15 -17 -18 18 19 -21 -22 -23 -24 -25 25 -27 28 -29 -30 -31
leaf_value=0.0014582608626889332 0.0064308691492659005 0.0029185194568708541 -0.00036388730110887153 -0.0032111231242127436 0.0028664731377686719 -0.0080227869528409265 -0.0039178513761224413 -0.0030322993018974862 0.0040426732529886067 1.3224178918833065e-05 0.0056116422763667429 -0.0052034028874271936 0.0011632894993656212 0.004385423208110628 -0.0035285595760104205 0.0014298737315194948 8.822067507031835e-05 -0.0060906557222551788 -0.011825817255303265 -0.0094779518773206155 0.0013969641958476242 -0.00069985390674868011 -0.0025735263110092141 -0.0041047389134764673 0.0065143927806746915 0.00037357628701583431 6.7199886375028556e-05 -0.00023568367085201626 0.0051797287166118625 -0.0032200364436545045
leaf_weight=35 21 30 26 39 38 22 29 36 20 10726 26 34 27 22 21 21 8687 34 20 26 66 41 152 25 27 34 1488 47 20 66
leaf_count=35 21 30 26 39 38 22 29 36 20 10726 26 34 27 22 21 21 8687 34 20 26 66 41 152 25 27 34 1488 47 20 66
internal_value=-2.79702e-06 -0.000747645 -0.00119656 -0.00183191 -0.00021179 -0.00285445 -0.00097779 -0.00492524 0.00155201 6.67241e-06 0.00109216 0.000287317 -0.00238536 0.00220535 0.000818858 -0.00104934 -2.02805e-06 -6.34116e-05 -0.000465169 -0.0029329 -0.00181335 -0.00427708 -0.000230021 -0.00753633 -2.2438e-05 0.00309164 -0.000137217 -0.00269333 -5.67624e-06 -7.24125e-05
internal_weight=21906 275 245 199 77 122 64 58 46 21631 172 146 61 85 64 42 21459 12772 2046 178 152 86 1868 45 1716 61 1655 81 1574 1554
internal_count=21906 275 245 199 77 122 64 58 46 21631 172 146 61 85 64 42 21459 12772 2046 178 152 86 1868 45 1716 61 1655 81 1574 1554
is_linear=0
shrinkage=0.05


Tree=197
num_leaves=31
num_cat=0
split_feature=3 34 22 8 11 1 4 13 10 18 5 3 16 5 2 19 13 0 23 14 28 7 8 5 23 24 8 26 24 7
split_gain=0.0502014 0.137286 0.210619 0.109112 0.445215 0.298923 0.348648 0.401962 0.362092 0.501705 0.353113 0.327877 0.309783 0.297904 0.231919 0.231721 0.211234 0.210034 0.320085 0.349609 0.336838 0.344998 0.268752 0.228467 0.461952 0.359194 0.357841 0.418186 0.248634 0.267235
threshold=99.375000000000014 -0.5 -0.033454861111111095 148.12500000000003 0.2116666666666667 72.713436126708999 19.120634078979496 0.37166666666666676 0.37166666666666676 0.30635416666666676 141.647087097168 67.875000000000014 0.14166666666666669 299.74888610839849 1000.9904174804689 0.24814268380347923 0.47833333333333339 12.048749446868898 0.36118412430673136 -0.097500000000000003 11.500000000000002 432.37500000000006 197.62500000000003 226.5433044433594 0.39492764264029667 -0.82833333333333325 170.62500000000003 0.24500000000000002 -0.84499999999999986 384.87500000000006
decision_type=2 2 2 2 2 2 2 2 2 2 2 2 2 2 2 2 2 2 2 2 2 2 2 2 2 2 2 2 2 2
left_child=3 2 -2 -1 14 11 7 10 9 -8 -7 -6 -12 -13 15 -5 17 18 22 20 -20 -22 -16 24 26 28 -19 -28 -25 -30
right_child=1 -3 -4 4 5 6 8 -9 -10 -11 12 13 -14 -15 16 -17 -18 23 19 -21 21 -23 -24 25 -26 -27 27 -29 29 -31
leaf_value=1.9889414915181131e-06 -0.0047320143552497035 -4.4629598723995515e-05 0.00041758093168714938 -0.0058554502112339391 -0.0042824153585492497 -0.0024510943191125992 -0.0034194314241963067 2.5329161541197791e-05 -0.0046589080896228558 0.0048145226482931222 -0.0061878059408627456 0.0030810910506524902 -0.014988133244332858 -0.0032894652970135215 0.0013886439879901115 -0.00076130121352447982 -0.0018968133819253958 -0.0017197903036824701 -0.00056680900543142347 -0.0041155369223786461 0.0080706355845904919 -0.00030061047804338161 0.0090394578272632014 -0.00017070063589523824 -8.6071100679265702e-05 -0.0021382942638270698 0.0054701909900267392 -0.0010307510292477673 0.0078085968359595248 -0.00016808723476493645
leaf_weight=10821 20 6001 2758 33 35 20 37 22 55 37 20 69 20 25 22 69 131 34 64 31 32 20 24 551 519 253 109 32 21 21
leaf_count=10821 20 6001 2758 33 35 20 37 22 55 37 20 69 20 25 22 69 131 34 64 31 32 20 24 551 519 253 109 32 21 21
internal_value=-2.65717e-06 8.98993e-05 0.000380507 -6.45565e-05 -0.000376824 -0.00204744 -0.00320666 -0.0057559 -0.00158621 0.000697546 -0.00787568 -0.000151363 -0.010588 0.00138679 -8.7907e-05 -0.00240941 3.9128e-05 0.000185469 0.00174035 0.000601297 0.00186183 0.00485093 0.00538037 -9.39661e-06 0.000663001 -0.000560986 0.00288454 0.0039948 0.000111964 0.00382025
internal_weight=21906 8779 2778 13127 2306 340 211 82 129 74 60 129 40 94 1966 102 1864 1733 193 147 116 52 46 1540 694 846 175 141 593 42
internal_count=21906 8779 2778 13127 2306 340 211 82 129 74 60 129 40 94 1966 102 1864 1733 193 147 116 52 46 1540 694 846 175 141 593 42
is_linear=0
shrinkage=0.05


Tree=198
num_leaves=31
num_cat=0
split_feature=27 0 12 34 2 3 5 13 1 2 27 20 20 2 6 18 0 10 15 9 4 1 2 15 10 23 5 5 36 15
split_gain=0.0569369 0.139479 0.166037 0.194414 0.169913 0.241319 0.187266 0.152011 0.101612 0.0966526 0.0698159 0.22247 0.271133 0.216478 0.179684 0.15316 0.0929558 0.0464957 0.0431218 0.262173 0.245311 0.250344 0.101177 0.0872727 0.340954 0.213416 0.213004 0.212494 0.183904 0.121209
threshold=-0.51166666666666649 7.8424999713897714 0.58166666666666678 -0.70710678118654757 1013.4920654296876 88.125000000000014 215.80805969238284 -0.5183333333333332 72.539558410644545 1005.1424560546876 -0.42499999999999988 0.011666666666666669 -0.47499999999999992 1012.131561279297 465.37500000000006 -0.34249999999999986 17.098750114440922 1.5050000000000001 0.34486712379383838 554.84765625000011 16.301542282104496 75.58380508422853 1008.2414855957032 0.28445203966155619 0.011666666666666669 0.31227846463583847 144.51995086669925 227.13909149169925 -0.22252093395631442 0.26348447305545458
decision_type=2 2 2 2 2 2 2 2 2 2 2 2 2 2 2 2 2 2 2 2 2 2 2 2 2 2 2 2 2 2
left_child=1 -1 3 4 5 6 -3 -6 -8 -7 11 12 14 -14 -2 -16 -17 18 23 20 -20 22 -22 29 26 -26 -25 -28 -29 -12
right_child=10 2 -4 -5 7 9 8 -9 -10 -11 17 -13 13 -15 15 16 -18 -19 19 -21 21 -23 -24 24 25 -27 27 28 -30 -31
leaf_value=0.0030098605243003241 0.0060896322885084717 0.00067681753231833386 -0.0053142883304861336 0.0025983354643501931 -0.0003211095015733288 0.00058369873893550697 -0.0018360140378631297 -0.0051857421008337824 -0.0068157903477549554 0.0051064831404281519 2.6284208757580976e-07 0.0052711035975684913 -0.00494674552580417 0.0010500648231418044 0.0041391472385095603 0.0012320557291704145 -0.0034777895314618947 0.0024081991665298123 0.0040568280716737114 -0.0053066334342239084 -0.00083685500580551379 0.0037063260748982432 -0.0047594068977501128 -0.0011597316665574908 -0.0051135616294976163 0.00027702855678308791 0.0086245963442944107 -0.00056349233597178356 0.0057653918474291771 -0.0016868744514421255
leaf_weight=23 21 36 21 38 26 27 21 42 20 21 20967 26 34 27 22 22 20 20 30 27 35 20 31 20 22 111 23 22 24 107
leaf_count=23 21 36 21 38 26 27 21 42 20 21 20967 26 34 27 22 22 20 20 30 27 35 20 31 20 22 111 23 22 24 107
internal_value=-2.52431e-06 -0.000717444 -0.00105763 -0.000670666 -0.0013143 -0.000220085 -0.00195463 -0.00332574 -0.00426517 0.00256242 6.56464e-06 0.00100991 0.000251064 -0.00229242 0.00207639 0.000759542 -0.00101073 -1.47744e-06 -3.72538e-06 -0.000869086 0.000163792 -0.00119424 -0.00267927 2.08541e-06 0.000988268 -0.000614648 0.00338364 0.00470055 0.00273853 -8.30334e-06
internal_weight=21906 275 252 231 193 125 77 68 41 48 21631 172 146 61 85 64 42 21459 21439 143 116 86 66 21296 222 133 89 69 46 21074
internal_count=21906 275 252 231 193 125 77 68 41 48 21631 172 146 61 85 64 42 21459 21439 143 116 86 66 21296 222 133 89 69 46 21074
is_linear=0
shrinkage=0.05


Tree=199
num_leaves=31
num_cat=0
split_feature=6 12 24 7 15 21 11 21 19 25 3 9 8 19 6 4 4 8 16 18 36 5 18 14 5 24 0 7 21 13
split_gain=0.0560603 0.171259 0.148604 0.0640496 0.138493 0.16691 0.128365 0.127795 0.129712 0.121245 0.100206 0.112103 0.0912004 0.078746 0.0545485 0.053578 0.143111 0.231548 0.473272 0.32748 0.535926 0.437367 0.280863 0.33074 0.623952 0.660624 0.267495 0.235412 0.226359 0.32117
threshold=773.87500000000011 -0.53833333333333322 -0.92166666666666652 543.75000000000011 0.09166919184980156 -0.18166666666666662 -0.71166666666666656 0.071666666666666684 0.2877488435470496 0.65833333333333344 66.625000000000014 789.08718872070324 156.62500000000003 0.094371581223121184 687.75000000000011 18.090829849243168 12.635799884796144 111.12500000000001 -0.12499999999999999 0.085000000000000089 -0.22252093395631442 241.929801940918 0.60302083333333345 0.36541666666666678 230.81469726562503 -0.74166666666666659 10.011250019073488 44.125000000000007 0.28500000000000009 -0.41166666666666657
decision_type=2 2 2 2 2 2 2 2 2 2 2 2 2 2 2 2 2 2 2 2 2 2 2 2 2 2 2 2 2 2
left_child=3 2 -2 15 6 -6 10 8 -7 -8 13 -12 -9 -5 -15 16 -1 -18 19 26 21 -21 23 28 25 -25 -19 -24 -20 -30
right_child=1 -3 -4 4 5 7 9 12 -10 -11 11 -13 -14 14 -16 -17 17 18 22 20 -22 -23 27 24 -26 -27 -28 -29 29 -31
leaf_value=7.6579646591992608e-05 -0.00098781056049703614 -0.0052277207782026386 0.0029263835464572088 0.0019177387781171493 -0.001150059317414825 0.0026198949426030505 -0.0052061707213787098 -0.00027442510870126323 0.0074939946067475146 -0.00037409256739706241 0.0051382188264555723 9.0641897093684577e-05 0.0038439537771046161 0.0013982297201437178 -0.00088401224241655058 8.0764550468247863e-05 -6.8493552573309344e-05 0.0046337502853324017 -0.0055984494762660398 0.0085912214475683864 -0.0009280071413741098 0.00026115960119148864 -0.0025828827428215715 -0.0038128260964488923 -0.002255398607708179 -0.015956162528822287 -0.00072075759086625061 0.0034937286668463388 0.0028964206077424543 -0.0019697192354008373
leaf_weight=6546 148 20 29 43 37 39 21 41 21 34 22 22 20 32 144 9484 3764 24 31 40 72 26 28 24 89 21 829 37 42 176
leaf_count=6546 148 20 29 43 37 39 21 41 21 34 22 22 20 32 144 9484 3764 24 31 40 72 26 28 24 89 21 829 37 42 176
internal_value=-2.3981e-06 -0.000842057 -0.000346502 5.22145e-06 0.000578823 0.00178877 -2.23442e-05 0.00268742 0.00432583 -0.00221907 0.000437047 0.00261443 0.00107586 -4.18468e-07 -0.000469059 -7.63751e-06 -7.89972e-05 -0.000274732 -0.00081419 -0.000204516 0.00205524 0.00530968 -0.00216282 -0.00267857 -0.00468148 -0.00947972 -0.000570103 0.000876111 -0.00160069 -0.00103221
internal_weight=21906 197 177 21709 476 158 318 121 60 55 263 44 61 219 176 21233 11749 5203 1439 991 138 66 448 383 134 45 853 65 249 218
internal_count=21906 197 177 21709 476 158 318 121 60 55 263 44 61 219 176 21233 11749 5203 1439 991 138 66 448 383 134 45 853 65 249 218
is_linear=0
shrinkage=0.05


Tree=200
num_leaves=31
num_cat=0
split_feature=8 0 14 13 14 4 22 25 8 26 3 34 21 27 28 8 26 18 23 23 20 10 8 9 26 20 4 11 17 20
split_gain=0.0663319 0.186271 0.153189 0.272354 0.19778 0.189718 0.166565 0.0613814 0.0610615 0.0644957 0.0483029 0.171176 0.202564 0.203763 0.272134 0.190143 0.175382 0.167109 0.131583 0.200818 0.212557 0.124346 0.241812 0.233655 0.199884 0.185324 0.173059 0.239161 0.201166 0.220782
threshold=312.75000000000006 22.023751258850101 -0.35916666666666658 -0.28499999999999998 -0.51124999999999987 15.260919094085695 0.15960937500000003 1.5016666666666669 86.125000000000014 -0.086666666666666572 98.625000000000014 -0.70710678118654757 0.30166666666666675 -0.036666666666666715 15.500000000000002 245.62500000000003 -0.016666666666666784 0.23218750000000002 0.58984209119184283 0.54670916686278215 -0.96499999999999997 -0.45166666666666661 208.62500000000003 180.80277252197268 -0.18666666666666659 -0.25499999999999995 24.919889450073246 -0.62166666666666648 -0.215 -0.75166666666666659
decision_type=2 2 2 2 2 2 2 2 2 2 2 2 2 2 2 2 2 2 2 2 2 2 2 2 2 2 2 2 2 2
left_child=7 2 4 5 -2 -4 -6 10 9 -9 -1 18 13 16 -15 -14 -13 -17 19 21 -21 26 23 -23 25 -24 27 -12 29 -29
right_child=1 -3 3 -5 6 -7 -8 8 -10 -11 11 12 15 14 -16 17 -18 -19 -20 20 -22 22 24 -25 -26 -27 -28 28 -30 -31
leaf_value=-8.7670755917881993e-05 -0.0027743869868572801 0.003047760080546141 -0.0042657369104355377 -0.007879471029578285 -0.00093623152545963732 0.0015043728503173796 0.0052892735989933668 -0.0019758299358987384 0.0031770081119611862 0.00047485217098919806 0.00083639766084767574 -0.0013693329845663421 -2.7635161612791877e-05 -0.0074277563235507563 -0.0016547028508839983 0.0062142443053586332 0.0039659857788744068 -3.4975949529325592e-05 0.0045052045135525985 0.0011359110983462553 -0.0040342524794396012 0.00045109070132587559 -0.00074325095150785416 0.0022918926137243285 -0.0002093415502763223 -0.0069785703502764753 -0.0015596729648273645 0.0028219815925695003 0.001380250134295033 0.010005008198482835
leaf_weight=12031 36 25 28 22 21 29 22 28 20 652 120 43 6870 26 95 23 24 20 20 33 50 984 26 209 457 22 36 20 31 23
leaf_count=12031 36 25 28 22 21 29 22 28 20 652 120 43 6870 26 95 23 24 20 20 33 50 984 26 209 457 22 36 20 31 23
internal_value=-1.45575e-05 -0.00096253 -0.00159707 -0.00315395 -4.0187e-05 -0.00133007 0.00224891 -6.62272e-06 0.000454029 0.000373942 -2.18595e-05 6.48438e-05 -5.09283e-05 -0.0016703 -0.00289519 -6.88926e-06 0.000541826 0.00330763 0.000469619 0.000429483 -0.00197865 0.000533153 0.000385369 0.000773578 -0.000531727 -0.00360111 0.00162418 0.002215 0.00445058 0.00666407
internal_weight=22046 183 158 79 79 57 43 21863 700 680 21163 9132 7101 188 121 6913 67 43 2031 2011 83 1928 1698 1193 505 48 230 194 74 43
internal_count=22046 183 158 79 79 57 43 21863 700 680 21163 9132 7101 188 121 6913 67 43 2031 2011 83 1928 1698 1193 505 48 230 194 74 43
is_linear=0
shrinkage=0.05


Tree=201
num_leaves=31
num_cat=0
split_feature=8 0 14 13 14 22 4 25 8 6 10 8 19 33 17 6 4 0 21 25 17 23 1 9 5 12 23 8 7 17
split_gain=0.0598645 0.16811 0.138253 0.2458 0.180164 0.186154 0.171221 0.0553967 0.055108 0.0592068 0.0843282 0.0811419 0.0524316 0.0842137 0.150807 0.24115 0.213616 0.348437 0.253776 0.241141 0.170987 0.186018 0.163638 0.246755 0.28785 0.270298 0.239011 0.208524 0.352917 0.29633
threshold=312.75000000000006 22.023751258850101 -0.35916666666666658 -0.28499999999999998 -0.5512499999999998 0.15960937500000003 15.260919094085695 1.5016666666666669 86.125000000000014 169.12500000000003 0.63833333333333353 60.625000000000007 0.068415600884868741 1.0000000180025095e-35 0.55833333333333346 38.625000000000007 32.242292404174812 9.2549996376037615 0.40833333333333338 1.4016666666666668 0.55166666666666686 0.17932220552192576 69.574111938476577 490.38520812988287 228.27046203613284 0.17166666666666672 0.32337664654425774 229.62500000000003 263.12500000000006 0.38166666666666677
decision_type=2 2 2 2 2 2 2 2 2 2 2 2 2 2 2 2 2 2 2 2 2 2 2 2 2 2 2 2 2 2
left_child=7 2 4 6 -2 -6 -4 12 9 10 -9 -11 -1 -14 16 -16 19 -18 -19 20 21 -15 23 24 -23 -26 -25 -24 29 -29
right_child=1 -3 3 -5 5 -7 -8 8 -10 11 -12 -13 13 14 15 -17 17 18 -20 -21 -22 22 27 26 25 -27 -28 28 -30 -31
leaf_value=0.00010010156361410689 -0.0030093673278667756 0.0028953720740973951 -0.0040524499873364614 -0.0074854975185272375 -0.0015043056046124548 0.0047449644744539492 0.0014291541458203876 0.0033987162848158428 0.0030181577662006021 0.00031286723608376851 0.00037640170723679577 -0.0036629181621330126 2.2724619596126082e-05 -0.0037718693888746202 -6.262717140728185e-06 -0.001270245877007161 0.0065381513137755731 0.0043510297142539027 -0.0001890199760515473 -0.0044767979743483011 0.0043808027367395839 -0.0037341156740642099 -7.8150521486131054e-05 0.004942474145950242 -0.0013752970015048051 0.0044000025838613508 -0.00033050241896246703 0.0028237515856866496 -0.0012254326490982049 -0.0012467807220871857
leaf_weight=6301 31 25 28 22 22 26 29 24 20 33 602 21 9098 35 740 770 29 38 162 32 21 121 2305 22 130 24 928 239 113 55
leaf_count=6301 31 25 28 22 22 26 29 24 20 33 602 21 9098 35 740 770 29 38 162 32 21 121 2305 22 130 24 928 239 113 55
internal_value=-1.38297e-05 -0.000914403 -0.00151722 -0.00299625 -3.81776e-05 0.00188072 -0.00126356 -6.29159e-06 0.000431328 0.000355245 0.000492273 -0.00123327 -2.07666e-05 -7.20107e-05 -0.000221543 -0.00065081 -6.91696e-05 0.00141626 0.000673589 -0.000153682 -0.000119037 -0.000142828 -0.000110565 -0.000590195 -0.00190915 -0.00047525 -0.000208391 0.000106081 0.00114946 0.00206226
internal_weight=22046 183 158 79 79 48 57 21863 700 680 626 54 21163 14862 5764 1510 4254 229 200 4025 3993 3972 3937 1225 275 154 950 2712 407 294
internal_count=22046 183 158 79 79 48 57 21863 700 680 626 54 21163 14862 5764 1510 4254 229 200 4025 3993 3972 3937 1225 275 154 950 2712 407 294
is_linear=0
shrinkage=0.05


Tree=202
num_leaves=31
num_cat=0
split_feature=8 0 3 34 0 16 0 5 25 25 8 26 27 4 2 9 18 3 8 4 6 5 27 4 5 23 19 16 5 13
split_gain=0.0540277 0.151719 0.135982 0.195494 0.21446 0.23818 0.134761 0.0505408 0.157116 0.0517867 0.0491449 0.0575213 0.0475617 0.155524 0.19239 0.184707 0.217664 0.164267 0.153351 0.153097 0.125254 0.119865 0.0695761 0.312904 0.198462 0.306587 0.250071 0.194642 0.18546 0.143305
threshold=312.75000000000006 22.023751258850101 99.875000000000014 -0.9159756150367534 17.823750495910648 -0.5149999999999999 17.748750686645511 351.83087158203131 1.1616666666666668 1.5016666666666669 86.125000000000014 -0.086666666666666572 -0.51166666666666649 26.695857048034672 1016.9373168945314 576.22952270507824 0.10677083333333344 95.875000000000014 186.87500000000003 16.035399436950687 574.12500000000011 261.98667907714849 -0.34833333333333322 15.443674087524416 280.93406677246099 0.41586372765367979 0.35878384886117026 -0.53166666666666662 235.52608489990237 0.24166666666666672
decision_type=2 2 2 2 2 2 2 2 2 2 2 2 2 2 2 2 2 2 2 2 2 2 2 2 2 2 2 2 2 2
left_child=7 2 -2 4 5 -4 -5 9 -9 12 11 -11 13 14 15 16 19 -18 -16 -1 -21 -15 23 29 26 -26 27 28 -25 -14
right_child=1 -3 3 6 -6 -7 -8 8 -10 10 -12 -13 22 21 18 -17 17 -19 -20 20 -22 -23 -24 24 25 -27 -28 -29 -30 -31
leaf_value=0.00096379180061470331 -0.0044712409838878857 0.0027506034262478351 0.0055145863845045204 -0.0057137068978940636 -0.0036257340173636169 -0.00074165382357023197 -0.00025450827321037649 -0.00029797305479870186 -0.0050377385294996212 -0.0018665011789250588 0.0028672499139793216 0.00044810522666933935 -0.00061313160892394886 -0.0047438765276132874 -0.00011889757976556819 0.0051057402510195976 -5.3501752420113636e-05 0.0048677705224448196 -0.0062364859634544707 -0.0062535748209642337 -0.00084328731754794721 8.3862289320677528e-05 -1.7655896098709656e-05 0.0057556542351322121 0.0092394330725073821 0.00077491793224750008 -0.0037100573293864731 0.00048140649415665503 0.00026919305091723802 -0.0049615029594860978
leaf_weight=29 30 25 29 26 21 32 20 139 20 28 20 649 90 36 21 21 39 30 20 23 20 20 20367 43 20 23 25 132 24 24
leaf_count=29 30 25 29 26 21 32 20 139 20 28 20 649 90 36 21 21 39 30 20 23 20 20 20367 43 20 23 25 132 24 24
internal_value=-1.31382e-05 -0.000868683 -0.00144136 -0.000731226 0.000732313 0.00223262 -0.00334014 -5.97701e-06 -0.00089417 5.29749e-07 0.000424538 0.000352376 -1.35386e-05 -0.00068691 -4.33866e-05 0.000730982 7.94223e-05 0.00208618 -0.00310309 -0.00184372 -0.00373716 -0.00301968 -5.13282e-06 0.000664309 0.0016006 0.0047119 0.00100334 0.00159547 0.00379035 -0.00152858
internal_weight=22046 183 158 128 82 61 46 21863 159 21704 697 677 21007 259 203 162 141 69 41 72 43 56 20748 381 267 43 224 199 67 114
internal_count=22046 183 158 128 82 61 46 21863 159 21704 697 677 21007 259 203 162 141 69 41 72 43 56 20748 381 267 43 224 199 67 114
is_linear=0
shrinkage=0.05


Tree=203
num_leaves=31
num_cat=0
split_feature=8 24 34 2 4 0 28 28 9 33 10 20 26 8 2 3 4 25 5 24 0 7 0 4 5 0 16 4 17 23
split_gain=0.04876 0.144145 0.148546 0.26437 0.167959 0.156696 0.0484142 0.0871297 0.132914 0.173617 0.154455 0.422393 0.469744 0.184235 0.157653 0.216058 0.199054 0.207717 0.197613 0.248979 0.221683 0.215359 0.204675 0.192077 0.185899 0.182116 0.180345 0.192945 0.179075 0.442952
threshold=312.75000000000006 -0.74166666666666659 -0.9159756150367534 1013.5470275878907 20.746364593505863 17.823750495910648 19.500000000000004 12.500000000000002 1.1908552646636965 0.78656609248549325 0.52750000000000008 0.47833333333333339 -0.043333333333333411 36.875000000000007 1007.4965820312501 52.125000000000007 36.283779144287116 1.4016666666666668 121.2159881591797 -0.96499999999999997 10.636250019073488 305.37500000000006 16.598750114440922 15.443674087524416 228.27046203613284 8.4987497329711932 0.40166666666666673 23.879622459411625 0.46166666666666673 0.41586372765367979
decision_type=2 2 2 2 2 2 2 2 2 2 2 2 2 2 2 2 2 2 2 2 2 2 2 2 2 2 2 2 2 2
left_child=6 2 4 -4 5 -2 7 8 9 -1 14 12 -12 -14 15 23 17 -16 20 21 -17 22 24 -10 -20 -21 28 -28 -27 -30
right_child=1 -3 3 -5 -6 -7 -8 -9 10 -11 11 -13 13 -15 16 18 -18 -19 19 25 -22 -23 -24 -25 -26 26 27 -29 29 -31
leaf_value=-6.0237407829899063e-05 0.0022193913681743047 -0.0038735485286451876 0.0013618722371757032 -0.0057736459593461069 0.0039373203151626514 -0.0026432801859226783 -0.00017147509314737261 0.0001771019446327595 0.0024200446817925891 0.00054837927420386598 -0.0075749764135346204 -0.00018876457115806589 0.00068879030854253462 -0.0025302979633008921 -0.00022287858141261752 0.0007913490684586578 0.0045049338326366107 -0.0033160304640081125 0.0064383683213964111 0.0026336091859001059 -0.003718969662440941 0.007887335383129539 -0.00059166578750591726 -0.0014374854097865789 0.0011213868135406125 0.00013297581471078957 0.0008575629897504336 -0.0056435205396264797 0.00049566453089937572 0.0084278379877408341
leaf_weight=3791 30 32 25 27 32 37 3665 6353 38 1696 39 789 62 157 4124 63 22 55 35 101 48 20 40 214 31 384 21 25 66 24
leaf_count=3791 30 32 25 27 32 37 3665 6353 38 1696 39 789 62 157 4124 63 22 55 35 101 48 20 40 214 31 384 21 25 66 24
internal_value=-1.24813e-05 -0.000825249 -0.000179252 -0.00234311 0.000957319 -0.000465965 -5.67816e-06 2.77126e-05 -5.24115e-05 0.000127882 -0.000208006 -0.000763048 -0.00251929 -0.00161896 -9.85867e-05 0.000431379 -0.000238616 -0.000263588 0.000809429 0.00110194 -0.00115906 0.00312846 0.00223056 -0.000855794 0.003941 0.000690757 0.000313395 -0.00267563 0.00060347 0.00261091
internal_weight=22046 183 151 52 99 67 21863 18198 11845 5487 6358 1047 258 219 5311 1110 4201 4179 858 747 111 126 106 252 66 621 520 46 474 90
internal_count=22046 183 151 52 99 67 21863 18198 11845 5487 6358 1047 258 219 5311 1110 4201 4179 858 747 111 126 106 252 66 621 520 46 474 90
is_linear=0
shrinkage=0.05


Tree=204
num_leaves=31
num_cat=0
split_feature=19 26 17 29 16 28 23 1 8 13 6 24 26 26 24 29 0 19 6 18 23 1 10 32 27 21 9 21 26 28
split_gain=0.0471653 0.101355 0.0886138 0.0630095 0.0990031 0.0570067 0.136466 0.294037 0.112739 0.210395 0.12518 0.178868 0.260323 0.170944 0.141397 0.111557 0.161634 0.152003 0.284058 0.270216 0.189218 0.202844 0.216544 0.144458 0.157056 0.150218 0.14658 0.124781 0.117893 0.115675
threshold=0.067785063140476665 -0.10666666666666663 0.91166666666666674 5.5000000000000009 0.27166666666666672 12.500000000000002 0.17932220552192576 83.722961425781264 312.75000000000006 -0.36499999999999994 6.1250000000000009 -0.24999999999999997 0.19333333333333341 -0.13333333333333319 -0.2616666666666666 5.5000000000000009 22.586250305175785 0.20075032740769072 652.37500000000011 0.33718750000000003 0.36708721218271151 72.349933624267592 -0.38833333333333325 2.5000000000000004 -0.14666666666666653 0.19166666666666674 695.24539184570324 0.30166666666666675 0.53500000000000014 6.5000000000000009
decision_type=2 2 2 2 2 2 2 2 2 2 2 2 2 2 2 2 2 2 2 2 2 2 2 2 2 2 2 2 2 2
left_child=1 -1 3 -3 -5 6 7 -2 10 -10 -7 14 13 -13 -12 28 17 18 -17 20 -19 22 23 25 -25 -22 -26 -24 29 -8
right_child=5 2 -4 4 -6 8 15 -9 9 -11 11 12 -14 -15 -16 16 -18 19 -20 -21 21 -23 27 24 26 -27 -28 -29 -30 -31
leaf_value=0.002260111057936835 -0.0074612605106085545 0.00011006797018243703 0.00094296158949303238 -0.0024241817167084839 -0.00021314945058890965 -0.00018967216666569036 0.00011382474824250191 -0.00051572305153513298 0.0005865862949148697 -0.0052106274733448345 7.9626603940013911e-05 0.0037017652494183116 0.0044037807183485711 0.00047144913598010438 -0.0037689543528055462 0.00026671537379228618 -0.0038503561168909076 -0.0024745998244422181 -0.0049866220012686601 0.0057591419783420868 -0.0020091603902217588 0.0052565018781266801 -0.004889702957800844 0.00098780166313406975 0.0084015463711693879 0.0030436078663721375 0.0024205418481003673 0.00037743969739455246 0.0034330678849735044 -0.00037559011554090548
leaf_weight=54 20 5141 287 54 811 3526 1699 64 34 29 4272 43 48 861 24 548 22 36 27 32 38 30 22 42 20 24 21 23 22 4172
leaf_count=54 20 5141 287 54 811 3526 1699 64 34 29 4272 43 48 861 24 548 22 36 27 32 38 30 22 42 20 24 21 23 22 4172
internal_value=-1.18572e-05 0.000103161 8.46527e-05 4.36379e-05 -0.000351179 -5.83585e-05 -0.000166483 -0.00216942 2.56011e-05 -0.00208197 4.07341e-05 0.000195538 0.000815625 0.000625104 5.81262e-05 -0.00014166 0.000381776 0.000489663 2.00369e-05 0.00142729 0.000885803 0.00143569 0.000832401 0.00177275 0.00313675 -5.32501e-05 0.00533811 -0.00219761 -0.000220269 -0.000233959
internal_weight=22046 6347 6293 6006 865 15699 6862 84 8837 63 8774 5248 952 904 4296 6778 885 863 575 288 256 220 190 145 83 62 41 45 5893 5871
internal_count=22046 6347 6293 6006 865 15699 6862 84 8837 63 8774 5248 952 904 4296 6778 885 863 575 288 256 220 190 145 83 62 41 45 5893 5871
is_linear=0
shrinkage=0.05


end of trees

feature_importances:
demand_mw_lag_15m=551
diffuse_radiation=302
demand_mw_diff_15m=296
hour=295
shortwave_radiation=287
demand_mw_diff_1h=257
surface_pressure=253
wind_speed_10m=241
temperature_2m=239
wind_direction_10m=238
cloud_cover=229
direct_radiation=215
relative_humidity_2m=203
direct_normal_irradiance=200
demand_mw_roll_max_4=173
demand_mw_roll_std_16=172
demand_mw_roll_std_4=170
demand_mw_lag_1440m=166
demand_mw_roll_mean_96=162
demand_mw_roll_std_96=159
demand_mw_roll_max_96=155
demand_mw_roll_mean_16=138
sin_hour=133
demand_mw_roll_min_96=123
demand_mw_roll_max_16=115
demand_mw_roll_min_16=101
cos_hour=89
demand_mw_lag_60m=86
demand_mw_lag_30m=84
demand_mw_roll_mean_4=83
demand_mw_roll_min_4=76
day_of_week=56
sin_dow=35
cos_dow=35
season=24
is_holiday=9

parameters:
[boosting: gbdt]
[objective: regression]
[metric: l1]
[tree_learner: serial]
[device_type: cpu]
[data_sample_strategy: bagging]
[data: ]
[valid: ]
[num_iterations: 500]
[learning_rate: 0.05]
[num_leaves: 31]
[num_threads: 0]
[seed: 42]
[deterministic: 0]
[force_col_wise: 0]
[force_row_wise: 0]
[histogram_pool_size: -1]
[max_depth: -1]
[min_data_in_leaf: 20]
[min_sum_hessian_in_leaf: 0.001]
[bagging_fraction: 0.9]
[pos_bagging_fraction: 1]
[neg_bagging_fraction: 1]
[bagging_freq: 5]
[bagging_seed: 400]
[bagging_by_query: 0]
[feature_fraction: 0.9]
[feature_fraction_bynode: 1]
[feature_fraction_seed: 30056]
[extra_trees: 0]
[extra_seed: 12879]
[early_stopping_round: 0]
[early_stopping_min_delta: 0]
[first_metric_only: 0]
[max_delta_step: 0]
[lambda_l1: 0]
[lambda_l2: 0]
[linear_lambda: 0]
[min_gain_to_split: 0]
[drop_rate: 0.1]
[max_drop: 50]
[skip_drop: 0.5]
[xgboost_dart_mode: 0]
[uniform_drop: 0]
[drop_seed: 17869]
[top_rate: 0.2]
[other_rate: 0.1]
[min_data_per_group: 100]
[max_cat_threshold: 32]
[cat_l2: 10]
[cat_smooth: 10]
[max_cat_to_onehot: 4]
[top_k: 20]
[monotone_constraints: ]
[monotone_constraints_method: basic]
[monotone_penalty: 0]
[feature_contri: ]
[forcedsplits_filename: ]
[refit_decay_rate: 0.9]
[cegb_tradeoff: 1]
[cegb_penalty_split: 0]
[cegb_penalty_feature_lazy: ]
[cegb_penalty_feature_coupled: ]
[path_smooth: 0]
[interaction_constraints: ]
[verbosity: -1]
[saved_feature_importance_type: 0]
[use_quantized_grad: 0]
[num_grad_quant_bins: 4]
[quant_train_renew_leaf: 0]
[stochastic_rounding: 1]
[linear_tree: 0]
[max_bin: 255]
[max_bin_by_feature: ]
[min_data_in_bin: 3]
[bin_construct_sample_cnt: 200000]
[data_random_seed: 175]
[is_enable_sparse: 1]
[enable_bundle: 1]
[use_missing: 1]
[zero_as_missing: 0]
[feature_pre_filter: 1]
[pre_partition: 0]
[two_round: 0]
[header: 0]
[label_column: ]
[weight_column: ]
[group_column: ]
[ignore_column: ]
[categorical_feature: ]
[forcedbins_filename: ]
[precise_float_parser: 0]
[parser_config_file: ]
[objective_seed: 16083]
[num_class: 1]
[is_unbalance: 0]
[scale_pos_weight: 1]
[sigmoid: 1]
[boost_from_average: 1]
[reg_sqrt: 0]
[alpha: 0.9]
[fair_c: 1]
[poisson_max_delta_step: 0.7]
[tweedie_variance_power: 1.5]
[lambdarank_truncation_level: 30]
[lambdarank_norm: 1]
[label_gain: ]
[lambdarank_position_bias_regularization: 0]
[eval_at: ]
[multi_error_top_k: 1]
[auc_mu_weights: ]
[num_machines: 1]
[local_listen_port: 12400]
[time_out: 120]
[machine_list_filename: ]
[machines: ]
[gpu_platform_id: -1]
[gpu_device_id: -1]
[gpu_device_id_list: ]
[gpu_use_dp: 0]
[num_gpu: 1]

end of parameters

pandas_categorical:[]
